date,SP500,CSI300,Gold,BTC
2014-01-03,-0.0003330285152322327,-0.013527899049196343,0.010877613545340304,
2014-01-04,,,,0.04467298900190371
2014-01-05,,,,0.09287892070144425
2014-01-06,-0.002514940611652187,-0.023023832301036835,-0.00048453525941906953,-0.001972970946797839
2014-01-07,0.006063353410313031,-0.0002859287342114402,-0.006808261020155419,-0.1405670456867243
2014-01-08,-0.00021222353203285233,0.001745571224787962,-0.0033399892562187327,0.0647941993253533
2014-01-09,0.000348240572457387,-0.00882148489725003,0.0031773215047419187,-0.0019191817384462495
2014-01-10,0.0023040357971461523,-0.007847216843302262,0.014134225529631419,0.021955705670086683
2014-01-11,,,,0.048402295502865435
2014-01-12,,,,-0.06737419674265913
2014-01-13,-0.012655942268644282,-0.0050789804829368705,0.003362693320813637,-0.018146200397184276
2014-01-14,0.01075984662417709,0.008700778588261385,-0.004566400885002549,-0.0039083754018220665
2014-01-15,0.005152889148329633,-0.0017685150217857126,-0.005717292217298808,0.02354314598349849
2014-01-16,-0.001348033780458889,0.0013119858558818865,0.0015331856947247214,-0.0298722810351461
2014-01-17,-0.0039027458285236156,-0.01519277206300218,0.009389740349839137,-0.02135391201818111
2014-01-18,,,,0.012778661581022645
2014-01-19,,,,0.052793769083772125
2014-01-20,,-0.005754444487417138,-0.008100457334824295,0.0012560185867263815
2014-01-21,0.0027698592046981876,0.009840663783128393,,0.006464416213952064
2014-01-22,0.0005747344722354488,0.02545266158262842,-0.002580230426831909,-0.011708266719963075
2014-01-23,-0.008929311341099137,-0.005322096978239295,0.018953744254855413,-0.007176054433203915
2014-01-24,-0.02109646461003822,0.006159610503142063,0.0015831555590360715,-0.029775940832426684
2014-01-25,,,,0.0474123416905327
2014-01-26,,,,0.0467564837482699
2014-01-27,-0.004888232923261316,-0.013340703503284902,-0.0007121098532518688,-0.06513452790995733
2014-01-28,0.006121908511444599,0.0017764636822213394,-0.010023152880913882,-0.011512759075787022
2014-01-29,-0.010261676387288874,0.003561443089529202,0.009072883566453072,-0.007533397659652204
2014-01-30,0.011204049508506285,-0.011435196827176697,-0.015730751179355344,0.016817920893876306
2014-01-31,-0.006486303697573044,,-0.0021754027029648234,-0.002765664990173473
2014-02-01,,,,0.001702852689045987
2014-02-02,,,,0.01362433283361792
2014-02-03,-0.02309663228816655,,0.0160822764487651,-0.02291877504315314
2014-02-04,0.007612079911712782,,-0.006929261925537413,-0.005488901473831224
2014-02-05,-0.0020303185904787225,,0.004545281139745116,-0.024139668147198246
2014-02-06,0.012363032529603139,,0.0002386539926205894,-0.08728278423786925
2014-02-07,0.013214212922079903,0.004543681216148916,0.004523637728711842,-0.17518098766788484
2014-02-08,,,,-0.06979403012839261
2014-02-09,,,,0.016509087884240863
2014-02-10,0.0015680346623456046,0.024577075038554226,0.009300193136751225,-0.12413274616010964
2014-02-11,0.011001356953851574,0.007919937556618063,0.011776310787401273,-0.006198366952339019
2014-02-12,-0.00026930401563143885,0.002486449265537432,0.004023527557361146,-0.08635215014464172
2014-02-13,0.005793241362750424,-0.005119465106190864,0.003930489434484911,-0.1625964630449182
2014-02-14,0.0047976627138052634,0.0070031236222613215,0.014129383111076239,-0.05393184915057238
2014-02-15,,,,-0.14195044716631092
2014-02-16,,,,-0.2133559823980546
2014-02-17,,0.006980376579511191,0.004388958993892042,-0.0962111859887834
2014-02-18,0.0011578007430249318,-0.012716509091927097,,0.07667536765896771
2014-02-19,-0.006545856467982497,0.011422223462868449,-0.00302480569405331,-0.11714548383370398
2014-02-20,0.006013325902815458,-0.009233981322957482,-0.002654231262863489,-0.848828668187098
2014-02-21,-0.0019205507490625245,-0.010172044304678458,0.005074807331282584,-0.002684565370669098
2014-02-22,,,,0.8286926725561693
2014-02-23,,,,0.19360352823905877
2014-02-24,0.006167463480648212,-0.022230083947714575,0.010820664640716841,-0.5781619515279095
2014-02-25,-0.0013485959587527492,-0.02589099937936582,0.003506550390488664,-0.24787208408993316
2014-02-26,2.1678571816661324e-05,0.0025455198734873927,-0.011008461042283256,1.474179803720085
2014-02-27,0.004935878866371388,-0.004308035345916636,0.0028573596401427113,0.005716222693289928
2014-02-28,0.002778871606797594,0.011474642873164118,-0.007688286909808419,-0.03862407642365395
2014-03-01,,,,-0.029172050066469047
2014-03-02,,,,-0.023231534808188552
2014-03-03,-0.007405881878043587,0.005218191245374506,0.021483666200283053,0.19551604487348678
2014-03-04,0.015152293854515365,-0.0027888027145189223,-0.009225569487422982,-0.0006042296256342762
2014-03-05,-5.3365779740162576e-05,-0.009332557817825864,0.0017922490048771869,-0.0053026410136807955
2014-03-06,0.001716949158601179,0.00444946222489195,0.008543568181802805,-0.015307202292881027
2014-03-07,0.0005379393856073099,-0.0024274595693751537,-0.01011161031753709,-0.04997087018350275
2014-03-08,,,,-0.012236060976440347
2014-03-09,,,,0.028799919611913933
2014-03-10,-0.0004633562520154853,-0.033086711817516455,0.00246296351696215,-0.022581604696709265
2014-03-11,-0.0050950761792528144,0.005168265019515195,0.0038687645903172493,-0.007039400436332534
2014-03-12,0.00030515307410829926,0.002590705699048378,0.017518481286844346,0.017425732039223624
2014-03-13,-0.01177009932020802,0.012316642398861636,0.0013853952414543177,0.009000382197299166
2014-03-14,-0.002825787581649674,-0.00820520792120139,0.004797566809007199,-0.017756721589258985
2014-03-15,,,,0.016155440222285208
2014-03-16,,,,-0.007883557844241188
2014-03-17,0.009567743988496134,0.009470566907975592,-0.004433307889742505,-0.020726976197024592
2014-03-18,0.00719365860408948,-0.002293766495035088,-0.010176155752415587,-0.012445195057745141
2014-03-19,-0.006150535593061312,-0.008105233383859713,-0.013109842243099095,-0.006533233724786924
2014-03-20,0.006022339367196353,-0.01611312856943394,-0.008084481490300685,-0.049967327342446875
2014-03-21,-0.002936985363948364,0.03383925847113132,0.0041252636788470624,-0.029403337295043287
2014-03-22,,,,0.02639528406695464
2014-03-23,,,,-0.02348830527564546
2014-03-24,-0.004876538949937361,0.008188542646528487,-0.01873732666697104,0.02931922558643863
2014-03-25,0.004394241920648026,-0.0009698942840160933,0.0001525203998990555,-0.008314952815906771
2014-03-26,-0.007024971200665742,-0.0015602386325602885,-0.006119033931238996,-0.0007108583914056146
2014-03-27,-0.0019018808412744233,-0.007090785841405449,-0.0066972268336784385,-0.20007827838321368
2014-03-28,0.004629512997768188,-0.0017364339689756266,-0.000308999616209181,0.04687529749556993
2014-03-29,,,,-0.01146204066887002
2014-03-30,,,,-0.06539125658265559
2014-03-31,0.007892887011329989,-0.0026382722764397327,-0.00814557857071468,-0.0049349584227550486
2014-04-01,0.0070146594306005365,0.007801571565926861,-0.0029643519640148437,0.0414064874892591
2014-04-02,0.002849261279041829,0.00811268216101461,0.008402103264143784,-0.08812997826608185
2014-04-03,-0.0011270826423899496,-0.00723470275099302,-0.004814795354114734,0.027653673389735893
2014-04-04,-0.012616514258563742,0.009405928009623563,0.014605568549864372,0.01839497763591096
2014-04-05,,,,0.027082676330220226
2014-04-06,,,,-0.0019730358258583337
2014-04-07,-0.010808351829803234,,-0.003997238007348721,0.014595619088330824
2014-04-08,0.00374358024432315,0.023447812612417632,0.008284161819845513,0.00904204222916199
2014-04-09,0.01085898956046606,0.000580883584924917,-0.0024474199596916666,-0.02013272892332015
2014-04-10,-0.021105915074922734,0.01557524427301807,0.011117994510825346,-0.17313579750933009
2014-04-11,-0.009532051442590618,-0.0013599067325084655,-0.0011365790198723255,0.12337205657195505
2014-04-12,,,,0.0057293613811369515
2014-04-13,,,,-0.02311707195688125
2014-04-14,0.008183683881893849,-0.0009076329908790105,0.0064236003987793375,0.11225902348553168
2014-04-15,0.006734582113406398,-0.01740790545600971,-0.020702467058819785,0.0956141773746854
2014-04-16,0.010433825888179194,0.0013760678461569164,0.0024579473162821813,0.019936714497757243
2014-04-17,0.0013629682617378818,-0.003468447590555928,-0.007392041051649196,-0.06739797481713548
2014-04-18,,-0.00014384349852194725,,-0.03342083196034956
2014-04-19,,,,0.04135738155608584
2014-04-20,,,,-0.01493307988557255
2014-04-21,0.003767994738389568,-0.01687813343485933,-0.004182162229487509,-0.006641868031506697
2014-04-22,0.0040837708429826225,0.004356709027332666,-0.005759667230031803,-0.014851254548594813
2014-04-23,-0.00221574869477238,-0.0009700624925281794,0.0027283019613040514,-0.0012305169723309513
2014-04-24,0.001715503883693198,-0.0019155608643194682,0.0046598406780472635,0.026327968644698944
2014-04-25,-0.008129365642879085,-0.010389465455937368,0.00787223329180689,-0.07424636024026614
2014-04-26,,,,-0.014310738590843449
2014-04-27,,,,-0.03262968422997567
2014-04-28,0.0032307955332088844,-0.015274072159168603,-0.0013847221229466161,-0.002937523296379818
2014-04-29,0.004749512631766084,0.010947042316540236,-0.0020806850646023886,0.009459529997524805
2014-04-30,0.0029875523247041838,8.802144022661292e-05,-0.0003086181646283048,-0.0011214535211448147
2014-05-01,-0.00014332617611718807,,-0.009692628124953893,0.03202216854834867
2014-05-02,-0.0013493343030381874,,0.015079742892470905,-0.014007670491504738
2014-05-03,,,,-0.03384835068613036
2014-05-04,,,,-0.005945592634753571
2014-05-05,0.0018694572336087256,-0.001015033237945765,0.004900094024821646,-0.011766198727242091
2014-05-06,-0.009028997640356608,0.00039872039102112095,-0.000534779798069309,0.0030123994509932334
2014-05-07,0.005600759982857978,-0.009318638212901192,-0.01516872202490433,0.0325509562437681
2014-05-08,-0.0013745926338061829,-0.0008518964571729153,-0.0009314601309957888,-0.012167793205659591
2014-05-09,0.0015183361955399689,-0.0007448336297090518,-7.766085508518515e-05,0.009925639799969998
2014-05-10,,,,0.014263669506369847
2014-05-11,,,,-0.042261401290398466
2014-05-12,0.009626232902744135,0.021391834648118235,0.006348244591203873,0.011475912034530602
2014-05-13,0.0004217073940358064,-0.002388115672617896,-0.0007720219637675364,-0.009861334357061154
2014-05-14,-0.004712130811625354,-0.0011409591734654033,0.008536215174272398,0.019852334812644458
2014-05-15,-0.009405875621160416,-0.013108181526447391,-0.009463428963464625,0.012349994175148071
2014-05-16,0.0037399575698852106,0.0008717888305842137,-0.00015461925040454258,0.012199330621445004
2014-05-17,,,,-0.0017652255245691922
2014-05-18,,,,-0.005980746590086101
2014-05-19,0.0038374297012765974,-0.014461340614894092,0.0003092145973925515,-0.013870468458897531
2014-05-20,-0.0065196044560605956,0.00029780827512583443,0.0006181425015246162,0.08772449654243591
2014-05-21,0.00808330156592446,0.009473972942712235,-0.005033502709367596,0.00862959947496013
2014-05-22,0.002359464872078838,-0.0023624383465133117,0.005342430731595906,0.052989890360878984
2014-05-23,0.00423937234257786,0.008197686632755984,-0.0025515148956681967,0.005224975602478049
2014-05-24,,,,0.004621614234281025
2014-05-25,,,,0.09154798104506259
2014-05-26,,0.0035173429008429936,-0.020491879252791157,0.02013257863135171
2014-05-27,0.0059699477493898685,-0.004043451640563193,,-0.02065866369390157
2014-05-28,-0.00111469021325644,0.010225658585729948,-0.004911289973378106,0.0012271015651451154
2014-05-29,0.005352758739255506,-0.006562616771750393,-0.001748530091015404,-0.011275665624022322
2014-05-30,0.0018420236241803512,0.0006030216203626274,-0.008869060573386876,0.08145913850524973
2014-05-31,,,,0.02515855963615493
2014-06-01,,,,0.034283705114936225
2014-06-02,0.000727548660923367,,-0.0016064260482736878,0.008733679968754631
2014-06-03,-0.0003792986138724881,-0.0030373562146929307,0.00040184850852202094,0.0209834855734717
2014-06-04,0.0018898689985705139,-0.010121189014864817,-0.00016072002606117367,-0.0466338411689287
2014-06-05,0.006504104782935938,0.010437429844190972,0.007206949835891006,0.03279487181079515
2014-06-06,0.004617093474191693,-0.007411382435275419,-0.000638518658456705,-0.014955261185491925
2014-06-07,,,,0.0019967751047339673
2014-06-08,,,,-0.0010746911297655202
2014-06-09,0.0009382907902712104,-0.00020613726941098038,0.0011171402374724466,-0.010345186063972592
2014-06-10,-0.00024602389631178353,0.01256665860693423,0.004932388679155226,0.01738639072507788
2014-06-11,-0.0035432986633579717,-0.00023137222340866335,0.0008725657952583919,-0.01940612263205522
2014-06-12,-0.007114123963848034,-0.0034120074453544685,0.01009790846120296,-0.07406012068467265
2014-06-13,0.0031296339563013217,0.010545984821620284,7.848985522638579e-05,0.021866035997502514
2014-06-14,,,,-0.045077582116828205
2014-06-15,,,,-0.0018872785905468734
2014-06-16,0.0008363578653421081,0.007151881403549682,0.000941398045519037,0.028442750246805013
2014-06-17,0.0021702325923408,-0.01017541617767701,-0.002590980132786663,0.009965204538396565
2014-06-18,0.00768924811236175,-0.004355755620464415,0.0005501630979340499,0.0018162309954269957
2014-06-19,0.0012766632824317233,-0.015549104428993765,0.03201139265159084,-0.009947031617435991
2014-06-20,0.001728556015696327,0.004606400805016639,0.0019006353841838908,-0.015785382349042174
2014-06-21,,,,0.010439562735377482
2014-06-22,,,,0.010994613501091816
2014-06-23,-0.0001324678767336581,-0.0012269250679805132,0.0013662241214310274,-0.020757357259701743
2014-06-24,-0.006456103946242596,0.005005934832068027,0.00219722026496381,-0.004067802219325698
2014-06-25,0.004885532455618504,-0.005352743725099698,0.0009833958203907297,-0.03508525422407568
2014-06-26,-0.001179549508052484,0.007336954534698199,-0.004243073497280848,0.02467116095843782
2014-06-27,0.0019090501895577705,0.0005489214761473664,0.0022753138371356054,0.03291714189860486
2014-06-28,,,,-0.00766798222902592
2014-06-29,,,,0.005839676226508883
2014-06-30,-0.0003723359533374368,0.006887022109493341,0.0015140048312150113,0.05502115676381288
2014-07-01,0.006655590151633005,-0.00025867962672653346,0.0034735366798240505,0.012673251055827554
2014-07-02,0.0006585713293444536,0.0029109013203154235,0.0032361270010549895,0.0038792817676646524
2014-07-03,0.005464577266607205,0.004284020102699434,-0.007769226332039561,-0.01199671628763155
2014-07-04,,-0.0006836603162891251,-0.0027297560171898744,-0.022187914975362218
2014-07-05,,,,-0.001603849581974516
2014-07-06,,,,0.005921438443176661
2014-07-07,-0.003931280911030786,-0.0011067764775631811,,-0.02112470717758345
2014-07-08,-0.0070737299445003425,0.0019188577211359473,-0.0003797228069169667,0.0027667036933980015
2014-07-09,0.004633518936331134,-0.014672787826184829,0.005907317996554464,0.012436565041008563
2014-07-10,-0.004139677938001678,-0.002730943359531226,0.01118840280229223,-0.007411021514240994
2014-07-11,0.0014698966344172243,0.002405113421256003,-0.0013449901153326995,0.023176934508047448
2014-07-12,,,,0.004728886492102443
2014-07-13,,,,-0.012501151805163443
2014-07-14,0.004831845777309738,0.01099606659958674,-0.023222555624777805,-0.015566389903675662
2014-07-15,-0.0019339917631568573,0.0014815703672200118,-0.0073738716484731326,0.00210033197819061
2014-07-16,0.004192326961482922,-0.00189146023232998,0.0020794031136211043,-0.007777096878272856
2014-07-17,-0.011904630539099268,-0.006377189502994908,0.013070083255925942,0.01901136685365066
2014-07-18,0.010212621215764002,0.0032722345400995625,-0.005711472709183417,0.0014352924878475895
2014-07-19,,,,-0.0007971303730182775
2014-07-20,,,,-0.00961545869944198
2014-07-21,-0.002322963707646372,0.000997589242263275,0.0034307966407855464,0.0065805550042880205
2014-07-22,0.005003598871257555,0.012113018029209898,-0.005801100155258933,-0.004168008598904009
2014-07-23,0.0017529106323480887,0.0023368487788574884,-0.0012255842208150878,-0.0012859670635707704
2014-07-24,0.0004880515519555957,0.017669642819511517,-0.010710948093895695,-0.032366342721566806
2014-07-25,-0.004860938593827177,0.01042375573698509,0.00963732835886723,-0.002328677033686831
2014-07-26,,,,-0.007521974454688446
2014-07-27,,,,-0.0016792615197200253
2014-07-28,0.0002880788446230361,0.02768290029631002,0.0,-0.012004540137420599
2014-07-29,-0.004538026355257783,0.0032092688120684823,-0.003843793170466321,-0.0035784310145761966
2014-07-30,6.0913396397368385e-05,-0.0040228877174115114,-0.0010789150245118307,-0.03686091857424406
2014-07-31,-0.020201982180386897,0.012088515577883346,-0.01093161252269604,0.04315720415803664
2014-08-01,-0.0028632061512498972,-0.008910981790108734,0.009311054233089358,0.01565293256804765
2014-08-02,,,,-0.011927902862824795
2014-08-03,,,,-0.004743359732123395
2014-08-04,0.007163332167737625,0.019647732363459583,-0.004567101641355282,0.006600684031352093
2014-08-05,-0.009732663890958775,-0.0026428001228014494,-0.002796987294647785,-0.006770506567210602
2014-08-06,1.5623169160183835e-05,-0.002590560067026133,0.017659992411026205,0.0016969289665092902
2014-08-07,-0.0055720924051179815,-0.015247551660336476,0.0032815689386663403,0.005073577600701183
2014-08-08,0.01146541212583467,0.001575584354588335,-0.0011435107020789379,0.005047966297304853
2014-08-09,,,,-0.01063032030175626
2014-08-10,,,,0.004400819560304746
2014-08-11,0.0027555846424938877,0.01457287398326995,-0.0003814610002388646,-0.027741505025103856
2014-08-12,-0.0016379596859128,-0.003515165401702349,7.630384193532265e-05,-0.014340924335945976
2014-08-13,0.006684782151863076,0.0007845715475768779,0.002971317564539567,-0.046142623910388106
2014-08-14,0.004336355753249845,-0.009776748056122697,0.0009124782018566582,-0.07128817503928907
2014-08-15,-6.137730678305776e-05,0.010514108086479977,-0.0072466849032357256,-0.016578827741776096
2014-08-16,,,,0.050084104397411344
2014-08-17,,,,-0.07248830015125915
2014-08-18,0.008495518142763088,0.005879388451570794,-0.0052965005798661854,-0.04918158989109922
2014-08-19,0.004988197546781009,8.84335264708318e-05,-0.002003082333852048,0.048357357410890534
2014-08-20,0.002474731046194184,-0.0036406552885836873,-0.0011574521914132422,0.06330089721722117
2014-08-21,0.00294555464699719,-0.005041977641495685,-0.015405268482254045,0.002126220961453653
2014-08-22,-0.001994589647823374,0.004712272471014617,0.003756460826731789,-0.003481628275164222
2014-08-23,,,,-0.036303059290173016
2014-08-24,,,,0.023824831481487493
2014-08-25,0.004776344146317369,-0.00955782494648608,-0.0010159822686286117,-0.01343097416807693
2014-08-26,0.001050541125247729,-0.008043840712564166,0.004914014802428941,0.019104470752051794
2014-08-27,4.9998250071612606e-05,0.001504832946585148,-0.0014015419252884445,0.005059360860173085
2014-08-28,-0.0016913280954213741,-0.007031913896170364,0.005439441494584121,-0.008577050631759718
2014-08-29,0.003314911875534921,0.011618409372710924,-0.002327567192483674,0.003517689771586589
2014-08-30,,,,-0.012959144642505228
2014-08-31,,,,-0.049007579106694496
2014-09-01,,0.007256706344561686,-0.017552558456894997,-0.009593399957010017
2014-09-02,-0.0005442312867592464,0.013134497034940438,,0.00355611712480259
2014-09-03,-0.0007794154778782813,0.009334207449969194,0.004180970867794311,0.002294296553373088
2014-09-04,-0.001535626069269506,0.0071891868378821016,-0.002995902587685105,0.022658023892583996
2014-09-05,0.005023279382596158,0.009451447452589055,0.0006314626462884534,-0.015186009053882876
2014-09-06,,,,0.001859312590183193
2014-09-07,,,,0.002679585237251261
2014-09-08,-0.0030778848267845093,,-0.010311005057389478,-0.021009613129836423
2014-09-09,-0.006566472549267278,-0.0016508396877741398,-0.0046348173108010406,-0.001683147883159654
2014-09-10,0.0036394434933185002,-0.005244340743480112,-0.002566365992725181,0.010056652952942115
2014-09-11,0.0008815118498071218,-0.003698612913416851,-0.005071862097960228,-0.002504697615009282
2014-09-12,-0.005980449610726171,0.006133537404040943,-0.006071664068549795,-0.0016732904970928526
2014-09-13,,,,0.0010461346283081065
2014-09-14,,,,-0.0010461346283081568
2014-09-15,-0.0007103865355538411,-0.0004799458614757304,0.002918999883376119,0.0
2014-09-16,0.007456519556098104,-0.020071333461205047,0.0012946033040428294,-0.023082019983515226
2014-09-17,0.0012948221428846019,0.005248347673440186,-0.0006470921523216039,-0.012285961199740975
2014-09-18,0.004879237575787914,0.0030478257435784333,-0.00730878679855261,-0.08317418700438073
2014-09-19,-0.00047740293713845845,0.00684754230770323,-0.008430579910532386,-0.06474279999463432
2014-09-20,,,,0.03411106790347954
2014-09-21,,,,-0.02435245173960498
2014-09-22,-0.0080456099735067,-0.01927151539741591,0.0010679812064600025,0.006205803706908491
2014-09-23,-0.005793240342941876,0.008597108856812512,0.003360796638475742,0.07804196387296201
2014-09-24,0.0078019621743095095,0.01751633195014992,-0.002047922075565647,-0.03044269012319139
2014-09-25,-0.016300883863057503,-0.00200457963793518,0.0019660856665015872,-0.027510406121344314
2014-09-26,0.00853926846933231,9.437504238504026e-05,-0.005333783621221695,-0.019099503214307936
2014-09-27,,,,-0.013690319608682897
2014-09-28,,,,-0.05116139436757428
2014-09-29,-0.002550087857627876,0.004339822573898843,0.0027935274102990257,-0.006085479820081154
2014-09-30,-0.0027898116618691174,0.0013023626041909868,-0.0059249679584717965,0.02980612803270183
2014-10-01,-0.01333710386960968,,0.0032137146030958245,-0.01400801115611061
2014-10-02,5.138310472075119e-06,,-0.00032913684161203614,-0.020320002490957494
2014-10-03,0.011103645698160249,,-0.01843906062666581,-0.031413360114267624
2014-10-04,,,,-0.08075364350139119
2014-10-05,,,,-0.03768297570795346
2014-10-06,-0.0015663462589335857,,0.01199914405044142,0.026285131861687655
2014-10-07,-0.01524163333900896,,0.004215404845306502,0.00030161363522271005
2014-10-08,0.017310927441677434,0.011113096355213209,-0.0052927678965173554,0.056571859328029425
2014-10-09,-0.02087782075594148,0.0014394206096768444,0.015876613668270128,0.02809962905957348
2014-10-10,-0.011517102846274005,-0.006126831243126098,-0.002942380545386657,0.0022142273093095116
2014-10-11,,,,-0.001383317415221884
2014-10-12,,,,0.032682647430358404
2014-10-13,-0.016605025431830202,-0.004811315851752178,0.0067708379564490025,0.037085117547517865
2014-10-14,0.0015776404760320126,-0.0034234381625996035,0.003489838383419746,0.02498855161649929
2014-10-15,-0.008133321486981497,0.0070503282614653605,0.008470866674244116,-0.009869749864194392
2014-10-16,0.0001449567145683124,-0.007937681492386633,-0.0028962208499019797,-0.03467358989482596
2014-10-17,0.012801813443832692,-0.0010887985816073686,-0.001774050945082698,0.0018413789235550112
2014-10-18,,,,0.02696559549716847
2014-10-19,,,,-0.009252186278202484
2014-10-20,0.009101116168173851,0.00530182353093852,0.004589934377789531,-0.0179762558494713
2014-10-21,0.019385360865204253,-0.008723281109798886,0.005608090327045946,0.005243850506010948
2014-10-22,-0.007326077968841473,-0.006079948160693143,-0.004965571631742763,-0.009194863152691118
2014-10-23,0.012228325652846546,-0.009429760522195444,-0.013254861481300109,-0.06290354279282029
2014-10-24,0.007028685012031181,-0.0021852452471910187,0.002194320032007797,-0.0019693352826925248
2014-10-25,,,,-0.023939587258064512
2014-10-26,,,,0.0057521009906276906
2014-10-27,-0.001502721736806668,-0.009194230590862591,-0.0020316125796474966,0.004006874279014653
2014-10-28,0.011868342458139376,0.01998612125759554,8.134379961389864e-05,0.0028522552137665706
2014-10-29,-0.001386316024766647,0.014268847665430842,-0.003667037479269315,-0.04664208843112187
2014-10-30,0.006210809640156638,0.007133727113394493,-0.021704998969555012,0.028825525199530348
2014-10-31,0.011663102277224974,0.01582834793629028,-0.022783873070506458,-0.020504526222550938
2014-11-01,,,,-0.037694798935306834
2014-11-02,,,,-0.008952058549110194
2014-11-03,-0.00011893375899205164,0.001684967346610367,-0.0015375419446529929,0.005257473065748407
2014-11-04,-0.002833812080753587,0.0002467308179306943,-0.0017967919272561402,0.011652999082568127
2014-11-05,0.0056843254698454955,-0.003875123953351714,-0.019020198182089033,0.030032287098875076
2014-11-06,0.0037683963328125326,0.0010460084953793764,-0.002709436609218123,0.028294143530797
2014-11-07,0.0003494842681511987,-0.00156542675861543,0.023526426718563215,-0.016821742368560197
2014-11-08,,,,0.004668815017148535
2014-11-09,,,,0.05245710016336697
2014-11-10,0.0031153438558825866,0.025092676235550563,-0.008585217566585234,0.013990078677017523
2014-11-11,0.0006964300884238955,-0.0027788962410285915,0.002755297076324183,-0.004641646558882349
2014-11-12,-0.0007013362458967195,0.01386029760897699,-0.0033590316239652356,0.16743294430020406
2014-11-13,0.0005297259772977395,-0.005631944875849444,0.002068431315764608,-0.0076682146401788704
2014-11-14,0.00024024613086403535,0.0005192953201854579,0.020536702331358486,-0.07808133252902867
2014-11-15,,,,-0.056016717333036384
2014-11-16,,,,0.028141238994524264
2014-11-17,0.0007350887583099522,-0.005434933223890381,-0.0017728255877836874,-0.0023367529781412135
2014-11-18,0.005120799244120769,-0.010053877174520325,0.01142581530328549,-0.014400039377382663
2014-11-19,-0.0015022487778296994,-0.0016539864835803126,-0.0026767059059813994,0.00578492278545191
2014-11-20,0.001965149713115464,-4.729697773187129e-05,-0.0025159355773925014,-0.06527292813695451
2014-11-21,0.0052232126037382535,0.018104018493578993,0.005693727179510849,-0.015512932725906368
2014-11-22,,,,0.0005683432946392053
2014-11-23,,,,0.038728896427063876
2014-11-24,0.002859972285084541,0.025154640751160005,-0.001671263027926775,0.03491224599939389
2014-11-25,-0.001150748113177924,0.01360891660306018,0.0011701773317898704,-0.006619910313330582
2014-11-26,0.0028020289550014527,0.013852286182950705,0.0003340850277462207,-0.02965976376731818
2014-11-27,,0.01149074899620086,-0.01854246130494606,0.009261847738532595
2014-11-28,-0.0025456552865591015,0.019532158824131316,,0.02358094258890688
2014-11-29,,,,-0.003448736671954112
2014-11-30,,,,-0.0037273738575253285
2014-12-01,-0.006852732470835006,0.0039050404684092127,0.03559867872578905,0.009820915033356296
2014-12-02,0.006364114596567206,0.036262515047515646,-0.01547083597150369,0.0052687160868265664
2014-12-03,0.0037576597991097705,0.014804674718246962,0.007723970131001953,-0.00950376741403845
2014-12-04,-0.0011624963624507377,0.04506765713685286,-0.0008276775840816981,-0.019282868494986304
2014-12-05,0.0016637374265151782,0.006594728872574315,-0.014428339202502057,0.020873115318321107
2014-12-06,,,,-0.003448736671954112
2014-12-07,,,,0.0005313496405565997
2014-12-08,-0.007282994123169773,0.040141675216452344,0.003773114776880707,-0.031020693657456737
2014-12-09,-0.00023785657360814608,-0.04591209464297019,0.030576365237756743,-0.03569815752038575
2014-12-10,-0.016486095225712944,0.036233947053963815,-0.0021126196205559673,-0.012284113904209483
2014-12-11,0.0045254627925939775,-0.012035320211026343,-0.0030957254865823392,-0.0005750431440806351
2014-12-12,-0.016346465435817352,0.0032056537244234337,-0.0025325776372997297,0.016260520871780326
2014-12-13,,,,-0.01482353255150727
2014-12-14,,,,0.003440370365867447
2014-12-15,-0.006362810672940926,0.007487797173403568,-0.012180218067697503,-0.011514231987377924
2014-12-16,-0.008525252460965011,0.02643150022177584,-0.011157484606948475,-0.045004634226550606
2014-12-17,0.020148061015694455,0.017167288356851565,0.00016744809148294622,-0.03137753569225534
2014-12-18,0.023731391638557114,-0.004374847618001224,0.0002511195760904451,-0.030781424339437678
2014-12-19,0.004559675654011466,0.011068457948597383,0.0010038481686222588,0.02388268264828114
2014-12-20,,,,0.038881787544207264
2014-12-21,,,,-0.023890875955714368
2014-12-22,0.0038031565245638006,0.0033374430659768176,-0.013637722941602173,0.025100797458427755
2014-12-23,0.0017448949438961451,-0.02070496919028609,-0.0015268473574428048,0.013511690322646588
2014-12-24,-0.00013928747275794275,-0.028842740688224087,-0.0038273489204538194,-0.03923264283970974
2014-12-25,,0.03199573548990167,,-0.01060190784762856
2014-12-26,0.0033040443422532773,0.032569097913907996,0.018406463592856966,0.033901551675681416
2014-12-27,,,,-0.04556808790951079
2014-12-28,,,,0.0037986750332157384
2014-12-29,0.0008613800797716425,0.0027849883750401443,-0.011273886865740284,-0.007611835039629982
2014-12-30,-0.004900607277808058,0.0006075510095749811,0.015531521548017149,-0.008954329097038447
2014-12-31,-0.01036428918775506,0.021785234882519086,-0.01367184222930106,0.021923038456124005
2015-01-01,,,,-0.010424987796707546
2015-01-02,-0.0003400451807075162,,0.0017719280677151582,0.0009522298767451904
2015-01-03,,,,-0.09337677085670566
2015-01-04,,,,-0.08123347789396282
2015-01-05,-0.018447215507429587,0.030061188449208187,0.014894426464140128,0.037446451115138876
2015-01-06,-0.008933269124887845,-0.00013182105311155705,0.012709587604949533,0.026926774911249403
2015-01-07,0.011562716479232132,0.0007495007111465883,-0.007160229760021103,0.03138332870594521
2015-01-08,0.01773023227055391,-0.023471690669513243,-0.0018187835701569024,-0.02996739926584431
2015-01-09,-0.008439402894368318,-0.003529425362131296,0.006269095843416069,0.018574215436401306
2015-01-10,,,,-0.05202455584609679
2015-01-11,,,,-0.031961100226995914
2015-01-12,-0.008126593003387722,-0.009387772017068165,0.013638988018952069,0.016851175754700118
2015-01-13,-0.002581895102717448,0.00013091203014883445,0.001297017043045247,-0.19630675276054918
2015-01-14,-0.0058300241971988576,-0.0033122145992013088,8.100773628297528e-05,-0.29418001749145084
2015-01-15,-0.009290915347145516,0.028623477388994317,0.024247977110028,0.24081546639664353
2015-01-16,0.013334893478396,0.008572740079455823,0.00952125853537337,-0.013919111210699513
2015-01-17,,,,-0.03592022087413378
2015-01-18,,,,0.053645235822511524
2015-01-19,,-0.08015091630722376,0.013457478192530256,0.02485473782088655
2015-01-20,0.0015487500528907781,0.012163589146000124,,-0.024854737820886586
2015-01-21,0.004720491566868883,0.04397183009022042,-0.00038641369930943697,0.08026183772810003
2015-01-22,0.015154358001382194,0.005261025273171895,0.005396251145838784,0.019527632880270797
2015-01-23,-0.00550673692932809,0.001154168440599849,-0.006246887240900112,-0.00215100104445491
2015-01-24,,,,0.06663580350671566
2015-01-25,,,,0.015590961423367368
2015-01-26,0.002565158589374469,0.010100758326502996,-0.010264475812757686,0.06562876357669865
2015-01-27,-0.01347826914874784,-0.009205235043219323,0.009567962221932614,-0.02216053126830894
2015-01-28,-0.013587495823831957,-0.013974383248883279,-0.004500317961576532,-0.1086151627390019
2015-01-29,0.00948953412967013,-0.01242181084332766,-0.023606415252312215,-0.00935778840556045
2015-01-30,-0.013077094111243876,-0.013710075235254074,0.018382435495663478,-0.00944618445205006
2015-01-31,,,,-0.05908891637000656
2015-02-01,,,,0.030646832902553985
2015-02-02,0.012879177186226798,-0.023697588935763035,-0.001799617089109027,0.05861220689356499
2015-02-03,0.014336212205417897,0.024588180160894587,-0.013085477587189526,-0.04933447301532816
2015-02-04,-0.004164697065034053,-0.01043403303399339,0.0033269992665737992,-0.0035242327225297743
2015-02-05,0.010238806024834353,-0.010288594344539867,-0.0014245016653851733,-0.04559580115136137
2015-02-06,-0.003424003889146327,-0.01632824997651911,-0.022505254484839282,0.029581224017574133
2015-02-07,,,,0.020857201609575212
2015-02-08,,,,-0.017723104573610007
2015-02-09,-0.00425624879230165,0.010062653056250419,0.005573294988425931,-0.015315614687786337
2015-02-10,0.010618932294575799,0.018072834588910167,-0.007519136367750923,-0.0027272744177330257
2015-02-11,-2.900568511630124e-05,0.007946178813204568,-0.01027825346637072,-0.0041049088427383106
2015-02-12,0.009598318580950463,0.0025447193384864016,0.0009015285616544306,0.013618004368440496
2015-02-13,0.004066454532854633,0.007800175530028267,0.00522919730674795,0.06290282884699519
2015-02-14,,,,0.09060356257449537
2015-02-15,,,,-0.10295728731037287
2015-02-16,,0.008508784624783147,-0.015190997055043952,0.010658809075886323
2015-02-17,0.0015962531949234387,0.006505477385104357,,0.030900161988741286
2015-02-18,-0.00031428422028125343,,-0.0069744553720455715,-0.03344793406754013
2015-02-19,-0.001062630993007247,,0.006146709277271171,0.028088201591509893
2015-02-20,0.006107796303298104,,-0.002238342903452875,0.010690891298945192
2015-02-21,,,,-0.00040908161748638195
2015-02-22,,,,-0.03624641735535489
2015-02-23,-0.0003033204129457377,,-0.003408574609978695,0.013066571576361692
2015-02-24,0.0027549400403308333,,-0.002918979596454276,0.00041867281331689455
2015-02-25,-0.0007660770140154061,-0.01245257876415592,0.0035017544537257247,-0.006719890890045979
2015-02-26,-0.001477063185743682,0.02486135912684972,0.0071322246274832,-0.0033769555097303183
2015-02-27,-0.00296068767526803,0.0018321539651693542,0.0024760659728668747,0.06941561509925012
2015-02-28,,,,0.00236406729488047
2015-03-01,,,,0.014844022561180592
2015-03-02,0.006106288914289237,0.00792298648441638,-0.004047418072232714,0.05982599996704953
2015-03-03,-0.00454893723637251,-0.026266216394106864,-0.0031501310970620637,0.024532254814012073
2015-03-04,-0.0043981612914209805,0.006512570754306669,-0.002910241940941127,-0.03149581602993566
2015-03-05,0.0011953606197183842,-0.009813431517550436,-0.003921410056180969,0.01206375442076361
2015-03-06,-0.014275342485307393,-0.005109791099256834,-0.02702981756748638,-0.009492586796756205
2015-03-07,,,,0.008401875908767542
2015-03-08,,,,-0.0014561342216146305
2015-03-09,0.003936699946892563,0.016884015880599006,0.0018877644185142808,0.05492966203093438
2015-03-10,-0.01710687053188645,-0.004856661799715258,-0.005501604180123641,0.00481597078058469
2015-03-11,-0.0019194991693251124,0.0011468705038058728,-0.008222662852167996,0.01431029531294233
2015-03-12,0.012522721054237218,0.01916183555284812,0.0011292075032677494,-0.005767615649175204
2015-03-13,-0.00609321316658598,0.006884431878347573,0.00043397127791270306,-0.023060736250802467
2015-03-14,,,,-0.01969121289018171
2015-03-15,,,,0.011650617219975054
2015-03-16,0.013442889619502027,0.02403667112058623,0.0006939625538736815,0.019121041446778377
2015-03-17,-0.0033257399856237396,0.01378862735349347,-0.004345188030710633,-0.017367577907905017
2015-03-18,0.012085115625505266,0.023393941142392835,0.002696239946082155,-0.10910496187699283
2015-03-19,-0.004884498475311038,-0.0016419916281134382,0.015256943792449587,0.019350448976939463
2015-03-20,0.008972345217324727,0.013664951891549697,0.01325648237079626,0.0034436613331170155
2015-03-21,,,,-0.008053734807096827
2015-03-22,,,,0.03369616542043448
2015-03-23,-0.0017471731581735757,0.02021524394347777,0.002613498937329951,-0.011608443407143718
2015-03-24,-0.006158382825834895,0.00024920989265690913,0.003110422414392552,-0.07344181714668252
2015-03-25,-0.01466595021813647,-0.00824928289208715,0.0046893403633859,-0.0012167918759462676
2015-03-26,-0.002380259551864185,0.002430800103443708,0.006495151487655972,0.00647251450561752
2015-03-27,0.002365703758294171,0.0054786357165534025,-0.004158701826636408,-0.003231020581446532
2015-03-28,,,,0.019231361927887592
2015-03-29,,,,-0.04007822356741047
2015-03-30,0.0121623968046154,0.028905668613624376,-0.012158969133537999,0.019227428087220066
2015-03-31,-0.008834638950921472,-0.009086749715542877,-0.0017732746888646336,-0.011000314632318433
2015-04-01,-0.003973277701576431,0.017786184030434547,0.020909016308050924,0.008566236351438723
2015-04-02,0.003523442754392329,0.00021336747293834764,-0.006060373038003243,0.02566299616603754
2015-04-03,,0.011032838798614188,,0.007493626074186687
2015-04-04,,,,-0.006306682314657937
2015-04-05,,,,0.026147831154015633
2015-04-06,0.006586997425284128,,0.014631383147756194,-0.01787843967150887
2015-04-07,-0.0020640140117176337,0.021233026078905436,-0.0065865543568071425,-0.007874056430905883
2015-04-08,0.0026790260911049436,0.00835925127946798,-0.006214545418108033,-0.03376526547444829
2015-04-09,0.004447561655731752,-0.007866419623130144,-0.007927608589982415,-0.0053289734635950025
2015-04-10,0.005189316335635196,0.019120881475910033,0.009173611160124287,-0.035987146932499166
2015-04-11,,,,0.007640105075009784
2015-04-12,,,,-0.0025402215183582743
2015-04-13,-0.004591746276668459,0.017489485199778925,-0.0044095083719452415,-0.053549245132685275
2015-04-14,0.0016283576529126241,0.003862634257605924,-0.005602255548669898,-0.025363678491855026
2015-04-15,0.005135086608693579,-0.013079226532090829,0.007268506038323833,0.02267670867102972
2015-04-16,-0.0007787977466591179,0.029918827606092085,-0.002750804051934708,0.022173857494322075
2015-04-17,-0.011375675981876396,0.018132837221052387,0.004248059364084128,-0.023969190112996388
2015-04-18,,,,0.0035874477936559406
2015-04-19,,,,-0.0017921151749815767
2015-04-20,0.009192762234207431,-0.016280138381000064,-0.007843831938486116,0.00536673917794066
2015-04-21,-0.0014817676241149391,0.02127618796865544,0.007843831938485982,0.04149973090675284
2015-04-22,0.005074620009561437,0.025784180134499138,-0.013556692977019133,0.00042780749315590315
2015-04-23,0.0023549546644853884,0.0002278312792665512,0.00621537361192149,0.006820145788208327
2015-04-24,0.0022502621405813723,-0.008100828646583973,-0.01629209209612179,-0.0184356775458414
2015-04-25,,,,-0.021873137996410913
2015-04-26,,,,-0.03327645160120209
2015-04-27,-0.004149903864416299,0.022071865906315116,0.023716526617316065,0.04602107587151749
2015-04-28,0.002765362774477354,-0.013766455254852254,0.008853642708182511,-0.014072351838677994
2015-04-29,-0.0037473898615125326,0.006824186152074109,-0.003217957312971233,-0.0017730501098856923
2015-04-30,-0.010180511364075624,-0.005132190067953637,-0.023074088396849397,0.04510738649759474
2015-05-01,0.010863762718014008,,-0.006703746094969877,-0.011087533626933283
2015-05-02,,,,0.00896484125697967
2015-05-03,,,,0.019777627608674513
2015-05-04,0.002936456294242169,0.00793702391490838,0.010418084317699139,-0.0041753714104806215
2015-05-05,-0.011907989281938557,-0.040689372888010486,0.005378164223926884,-0.013479563828240105
2015-05-06,-0.00446565288921807,-0.009510277500718046,-0.0024333974667593967,-0.02490467918007523
2015-05-07,0.0037666635227395196,-0.018450290758870145,-0.006828266783564903,0.03293006544295283
2015-05-08,0.01336810183819619,0.01956314211053216,0.005651400474230017,0.024928586265012275
2015-05-09,,,,-0.00948265196772931
2015-05-10,,,,-0.005816385321439881
2015-05-11,-0.005102547415113407,0.028573897708527862,-0.004974924886112334,0.0074720148387010564
2015-05-12,-0.0029540151581351707,0.012055730118093088,0.007914497825529693,-0.0008274721200325352
2015-05-13,-0.0003049361563555961,-0.006123076095203417,0.021406276598467867,-0.02175818052871669
2015-05-14,0.010721548914049037,-0.0037497840995165985,0.005729736556236006,0.002112825632796549
2015-05-15,0.0007681740692506561,-0.017881516345453565,8.161599678057335e-05,0.0012655559588304454
2015-05-16,,,,-0.004224763360308494
2015-05-17,,,,0.0004232804296004023
2015-05-18,0.003043326204180875,-0.009209636695777085,0.0018753317901802746,-0.015781944108298165
2015-05-19,-0.0006436412462661924,0.03354579801231936,-0.017171682666025912,-0.0025828684182540775
2015-05-20,-0.0009309586724919671,0.004996774095952219,0.0016560407858562552,0.008583743691391435
2015-05-21,0.002335159764998983,0.0179373081107599,-0.0038130019672380023,0.005965079468474893
2015-05-22,-0.0022363806280129898,0.02254106744554976,-8.305302940693833e-05,0.021018007834876264
2015-05-23,,,,-0.006259148329288659
2015-05-24,,,,0.008751879158891146
2015-05-25,,0.02948228771318848,-0.01430448080630675,-0.015050451315087279
2015-05-26,-0.010335154142642595,0.01931037697870862,,0.0016835020811137944
2015-05-27,0.009120904921787637,-0.0033698317592424083,-0.0010958905206372234,-0.002104820814963539
2015-05-28,-0.0012675915340863882,-0.06940472899007921,0.0026954194216723027,0.0
2015-05-29,-0.006338445791358441,0.0014098426701942813,0.0008408307903105202,-0.0012650223065867451
2015-05-30,,,,-0.016163686658793922
2015-05-31,,,,-0.01468708906168187
2015-06-01,0.0020573017741854285,0.04747281658679515,-0.0009249527672266114,-0.02958926397616861
2015-06-02,-0.0010091607056388198,0.01673990672578119,0.004783694238402088,0.011586582385003081
2015-06-03,0.0021166434256780875,-0.0035476376934678393,-0.007985584402286345,-0.00044316419958619275
2015-06-04,-0.008660571815416115,0.007327870729774563,-0.008220036963026771,-0.006225008985844319
2015-06-05,-0.001437210626817113,0.009437285093130883,-0.006059848698017249,0.00489433680013926
2015-06-06,,,,-0.0026666682469153394
2015-06-07,,,,-0.005354765137659916
2015-06-08,-0.006495537098383694,0.023280814875902157,0.00469745066712146,0.022562337307086792
2015-06-09,0.0004183265556517879,-0.006801504215404268,0.003402521145839934,0.004364913084700966
2015-06-10,0.011970467999834084,-0.0015715328122829196,0.007613605849931087,-0.003490404939768491
2015-06-11,0.0017370426241117387,-0.00047476851217242495,-0.005238710755758394,0.0047961722634930135
2015-06-12,-0.007018875011890289,0.005361933064116064,-0.001017121633712205,0.002606430667567278
2015-06-13,,,,0.00863936259070786
2015-06-14,,,,0.005575824010557057
2015-06-15,-0.004633205529385608,-0.021589862761271648,0.0055814098381950445,0.013594092097163191
2015-06-16,0.005673679086406269,-0.030402915647194828,-0.004140792666031277,0.05260045655634625
2015-06-17,0.001977730925124627,0.014506828033861548,-0.0034779693200082265,-0.0096541377330898
2015-06-18,0.009853976761801558,-0.04137488339893289,0.021187945807925167,0.004033890100936067
2015-06-19,-0.005317615213403526,-0.06137215551324418,-8.319813640971418e-05,-0.017462372660409394
2015-06-20,,,,0.003680233145812683
2015-06-21,,,,-0.003680233145812644
2015-06-22,0.006076317350836994,,-0.014920645621832221,0.0138326046098307
2015-06-23,0.0006357354142135757,0.03163540597192634,-0.006354068906555563,-0.015062364961573827
2015-06-24,-0.007380525755900911,0.019458064697652683,-0.0031496089028961085,-0.013212413506592665
2015-06-25,-0.002977994976722945,-0.03622307741612727,-0.0009382864167712202,0.008278192969371254
2015-06-26,-0.00039012322679491675,-0.08195269907286547,0.0011940299926077686,0.0012358394981771337
2015-06-27,,,,0.03160716915612077
2015-06-28,,,,-0.007205795790701314
2015-06-29,-0.02108692194926015,-0.03392548843714429,0.004931563434075019,0.0320248755216734
2015-06-30,0.002654858078183291,0.06498873052235105,-0.006125593426682731,0.027251734407866855
2015-07-01,0.006912186109313318,-0.050430005627374756,-0.002135748964415517,-0.024919825072887928
2015-07-02,-0.0003081219031646385,-0.034693026757024584,-0.004972575403926379,-0.010536682848128847
2015-07-03,,-0.05557652804453747,0.00830235436094956,0.0019596322163690644
2015-07-04,,,,0.019771917594982702
2015-07-05,,,,0.036189399605148366
2015-07-06,-0.0038692233125439636,0.028569530469402905,,-0.0037092030657097336
2015-07-07,0.006062523086486958,-0.017798903998957668,-0.017714798100730175,-0.010835151771848985
2015-07-08,-0.01679294892719651,-0.06983698674424506,0.009412443739780561,0.008975378128126073
2015-07-09,0.0022596453237141356,0.0620752723601246,-0.003702591735873792,0.0018597736437228575
2015-07-10,0.012262958517226932,0.05221701896586021,-0.0011220923882452275,0.05248173692511223
2015-07-11,,,,0.029189007610309268
2015-07-12,,,,0.0611079860407818
2015-07-13,0.011005278427365045,0.02530678896854291,-0.002161415271062152,-0.06660250535842266
2015-07-14,0.004443342901147857,-0.02394647795574438,-0.0016458057333568795,-0.011777067191019782
2015-07-15,-0.0007352331138653618,-0.0359963655024313,-0.005302285446037609,-0.012622888503041123
2015-07-16,0.007982668716293924,0.0076845026396846735,-0.003055036636142897,-0.024286908025922115
2015-07-17,0.0011056405254354067,0.03783557149593698,-0.010545839893253289,0.010787591128997385
2015-07-18,,,,-0.020231903971585002
2015-07-19,,,,-0.002923978691435312
2015-07-20,0.0007708723459965329,0.0021919834188038755,-0.022424667725603763,0.01633726661611882
2015-07-21,-0.004270764044629494,0.0012970450812088542,-0.002986022215979756,-0.009406726382224926
2015-07-22,-0.002390537261033748,-0.002126594394989639,-0.010934049706792504,0.005076153031860568
2015-07-23,-0.0056922099476966175,0.02227740418701803,0.0023792104927454817,-0.0036231923694202838
2015-07-24,-0.010761020194054139,-0.017688654870960534,-0.00789139716439766,0.04576077681782483
2015-07-25,,,,0.0010396812580955098
2015-07-26,,,,0.010680549419795998
2015-07-27,-0.005791750069227781,-0.08950299153285067,0.009991375110284167,0.004103972928382017
2015-07-28,0.01231002184803006,-0.002002669146446052,-0.00018243181661470233,0.002386229187506964
2015-07-29,0.007292110507604485,0.030820875857016202,-0.003289476650398869,-0.018210432793780405
2015-07-30,2.8454898986964683e-05,-0.029687983845729397,-0.0035758530744827944,-0.004866189651172788
2015-07-31,-0.002274201152523918,0.0003380454454363569,0.005861359394579072,-0.01156487394481544
2015-08-01,,,,-0.011343616852054653
2015-08-02,,,,0.0032034197175376438
2015-08-03,-0.0027606707871855756,0.003280175163217884,-0.0052185973321392555,0.0007104796035988566
2015-08-04,-0.00225225320432502,0.0305832975174091,0.0011926059851231061,0.009542394373066703
2015-08-05,0.0031098289855839203,-0.020796495147962394,-0.004686862414037934,-0.00918734377462729
2015-08-06,-0.007783182188635467,-0.009105437158758285,0.004136605613653391,-0.013221561191689771
2015-08-07,-0.002879027637921453,0.01940674361120537,0.0036626723484313073,-0.00035977694217911903
2015-08-08,,,,-0.07197887041070072
2015-08-09,,,,0.0202877771715211
2015-08-10,0.012726901022967103,0.04441058638762198,0.00909841596234708,-0.002276177007014501
2015-08-11,-0.009603129968501637,-0.00434056254829231,0.0032552700777958633,0.021417313099575428
2015-08-12,0.0009496130321388531,-0.01250573035945396,0.014252022707201413,-0.004844429075532331
2015-08-13,-0.001275950900305485,0.014664871374110725,-0.007145439476754695,-0.016193161217126145
2015-08-14,0.0039042620368306804,-0.0004712234717212739,-0.0026028825896789484,0.006056036677041609
2015-08-15,,,,-0.017126964792800597
2015-08-16,,,,-0.013137746921577775
2015-08-17,0.005197938255237148,0.0010623929865543618,0.005109598315890961,0.0
2015-08-18,-0.002628973548012266,-0.06390914219579218,-0.0013421019327649433,-0.041292090736532915
2015-08-19,-0.0082892253214385,0.01575072599244386,0.009800506099090167,-0.08763802426302507
2015-08-20,-0.02132589920510587,-0.03261185570869962,0.022183190118375887,0.037773103584691825
2015-08-21,-0.03236925954849968,-0.046780460774710785,0.005534431283253185,-0.009848077879221609
2015-08-22,,,,-0.01255699547715638
2015-08-23,,,,-0.011834457647002796
2015-08-24,-0.0402114162811756,-0.09154437253073909,-0.005187630516815763,-0.07031649841745971
2015-08-25,-0.01361426253218886,-0.07365882101949559,-0.013351566199513581,0.04214562145076332
2015-08-26,0.038291286558614,-0.005681702389695713,-0.01210850447306964,0.02020270731751947
2015-08-27,0.02400724232625184,0.05777259377946312,-0.0017799933500023866,-0.010274827941098214
2015-08-28,0.000608570807887431,0.04174444236995705,0.01010378177959842,0.03918617143551834
2015-08-29,,,,-0.013475535364580798
2015-08-30,,,,-0.000437732552404165
2015-08-31,-0.008427108353350126,0.007229309913818818,-0.001323626930508253,0.00480455171874472
2015-09-01,-0.0300226098516122,-0.0013256806457127726,0.0064252300437100986,-0.010072342653603562
2015-09-02,0.018127666183109615,0.0011147593794626238,-0.005454399024428586,0.0061430645137140714
2015-09-03,0.001164105680449443,,-0.008059916977100175,-0.010554187678690256
2015-09-04,-0.015448291002620419,,-0.002760587709798148,0.017963243144619483
2015-09-05,,,,0.014655434718172565
2015-09-06,,,,0.026183928300836656
2015-09-07,,-0.03486883523480914,-0.00035676061741233704,-0.001251303604354693
2015-09-08,0.024773604592646017,0.025373028902972345,,0.0149132838507176
2015-09-09,-0.013995038527950136,0.019393686739448617,-0.017094433359300068,-0.02413766791644418
2015-09-10,0.0052640755505400285,-0.012357950155401925,0.00660247503175408,0.0029442713172494906
2015-09-11,0.0044770015545705895,-0.0030933318226486735,-0.005423496978353574,0.007531416352831814
2015-09-12,,,,-0.018086718068217354
2015-09-13,,,,-0.023186955489649424
2015-09-14,-0.004098031324803634,-0.019933312611773085,0.003980104756626948,-0.0013040645186462845
2015-09-15,0.012749719911298718,-0.04007773638384216,-0.004614766367304048,-0.0017414022685360484
2015-09-16,0.008667694070501723,0.048611438735110826,0.014764402156342102,-0.00392927813988955
2015-09-17,-0.002564290542541979,-0.022074602667635883,-0.0017889092427244883,0.017776318947535688
2015-09-18,-0.01629627045108819,0.00439871429789665,0.018450053247346276,-0.00215100104445491
2015-09-19,,,,-0.004748551983456039
2015-09-20,,,,0.0
2015-09-21,0.00455542189051565,0.017373659429017755,-0.00440412937709171,-0.020988964640843332
2015-09-22,-0.012394939887069493,0.009260996976099212,-0.0070872018830548745,0.016217756283703665
2015-09-23,-0.0020507542933684945,-0.02302413408494415,0.005938944017191746,-0.0004348771540595304
2015-09-24,-0.0033686417802160917,0.006710440374396965,0.019516656749196955,0.01682161726883229
2015-09-25,-0.00046588915786858695,-0.016280981694420948,-0.007132325616407907,0.005119465106190774
2015-09-26,,,,-0.002983168630408982
2015-09-27,,,,-0.007712120486339031
2015-09-28,-0.02600123923939529,0.0033360649964924542,-0.012207590234485121,0.027154829304352902
2015-09-29,0.0012321224333906237,-0.019902239072471194,-0.004339169969678418,-0.009251537811825642
2015-09-30,0.018895865203796398,0.007552763973721134,-0.01034799599595807,-0.003385530106308884
2015-10-01,0.001971981855787723,,-0.0013459556072049467,0.005074006657730405
2015-10-02,0.01421377260428928,,0.020353544463966488,-0.0016884765514215913
2015-10-03,,,,0.007994993143877496
2015-10-04,,,,-0.0012581255591192194
2015-10-05,0.018124561438544923,,0.0008794301859552974,0.007525119122511058
2015-10-06,-0.00359468696646854,,0.007705817464985753,0.0246824541698026
2015-10-07,0.008003564071616849,,0.0020042706373963135,-0.012676514056461646
2015-10-08,0.008779731449656634,0.028782972372116356,-0.0038377718276894944,-0.0016474468305987156
2015-10-09,0.0007248679667592819,0.013151501974909375,0.010086164976552712,0.005754228783252099
2015-10-10,,,,0.005721306983609124
2015-10-11,,,,0.00892500853362985
2015-10-12,0.0012746911096436508,0.03169770708005607,0.00741254902417404,-0.008925008533629882
2015-10-13,-0.00684881380942293,-0.0007689261382839721,0.0007725653845782395,0.013759828588213324
2015-10-14,-0.00472745525794583,-0.011364637761373185,0.012280556860000994,0.013969494781987791
2015-10-15,0.014743553692310356,0.023419268389834096,0.006505324339821328,0.00828897581895508
2015-10-16,0.004560061340766879,0.013460035227657726,-0.003712144649179199,0.032865900269868374
2015-10-17,,,,0.02516564730231661
2015-10-18,,,,-0.02974056950205191
2015-10-19,0.00027048493195005823,3.112510168953502e-05,-0.008744060127230056,0.007992430747114072
2015-10-20,-0.0014220938665690213,0.012238829460908525,0.003999494758185834,0.022489703490441323
2015-10-21,-0.005842410271440132,-0.029629380800576158,-0.008871507472264884,-0.010057823657740233
2015-10-22,0.016490813232663316,0.014656338994385617,-0.0008571918920208205,0.026963775735814908
2015-10-23,0.010970005786788946,0.013165780377698793,-0.002833957841566259,0.00906953432518609
2015-10-24,,,,0.020376040073511143
2015-10-25,,,,0.018580727367702863
2015-10-26,-0.0019149470559137484,0.005033178700240944,0.002919710103334846,-0.009773201699503716
2015-10-27,-0.002557366872257423,0.0010080561800652062,-0.00034305317660632034,0.03311789382502267
2015-10-28,0.01177038977262058,-0.019096368327989697,0.008796333245541365,0.029423720755903857
2015-10-29,-0.0004497865982006129,0.0023773676832870238,-0.02479252405189348,0.03273667797669984
2015-10-30,-0.004821575414258128,0.00021790222502121668,-0.00515577670248947,0.04214764606808542
2015-10-31,,,,-0.04983014224010176
2015-11-01,,,,0.03721653091841996
2015-11-02,0.011803904793109323,-0.016582311022471048,-0.0048302908652317796,0.10650537089681651
2015-11-03,0.002724357616923586,-0.003016663071828628,-0.019378384172105217,0.09851834695542955
2015-11-04,-0.0035516762958985523,0.04597632672910098,-0.007116185504693099,0.01103597857355851
2015-11-05,-0.001132729332202236,0.02111466933494735,-0.001809627710633421,-0.04646062721680468
2015-11-06,-0.0003476910728431842,0.023309773214910817,-0.015055715750139637,-0.034289073478632075
2015-11-07,,,,0.04054072186783883
2015-11-08,,,,-0.03568503388117976
2015-11-09,-0.009871351502606852,0.012308702215237293,0.0003676808571617369,0.02287942311464535
2015-11-10,0.0015095068126030056,-0.0018531097008451529,0.0003675457176359092,-0.12150510388730003
2015-11-11,-0.003233321394967414,0.000106953406242015,-0.0033127848461970023,-0.09986464017536544
2015-11-12,-0.014089149017324396,-0.01004862321647313,-0.0036012781891967952,0.09151386095794539
2015-11-13,-0.011270674060276152,-0.013016058459192787,-9.251121705100661e-05,-0.00029953572187403047
2015-11-14,,,,-0.006009633471390568
2015-11-15,,,,-0.044054559423597844
2015-11-16,0.014793350640956328,0.0047640885433727,0.00249480378878265,0.03922071315328133
2015-11-17,-0.0013402769799722193,-0.0015260846402554253,-0.01393945068726904,0.011143015463581065
2015-11-18,0.01603316380542843,-0.011455884406279189,9.357600718016612e-05,0.005971949668638327
2015-11-19,-0.0011236981412047731,0.015857645843533965,0.008571747256731665,-0.03298831428850946
2015-11-20,0.0038029879831690382,-0.00015630484775533385,-0.0014854705173302945,-0.012072581234269136
2015-11-21,,,,0.011149078013331974
2015-11-22,,,,-0.005868742713006435
2015-11-23,-0.0012357033585728208,-0.005590020560995876,-0.008865719962393296,-0.0021708800586406067
2015-11-24,0.0012213434858008502,0.0001465254164275553,0.006540245680609975,-0.011553602366925311
2015-11-25,-0.00012924813505752467,0.007357209219503972,-0.0035451105325172284,0.028179601105078816
2015-11-26,,-0.005882494711397053,-0.012981087183119005,0.0769610411361284
2015-11-27,0.0005934462650656421,-0.05535266856084553,,0.01626508094966648
2015-11-28,,,,-0.01034540192936661
2015-11-29,,,,0.04129405845996525
2015-11-30,-0.004651706497517027,0.0026448059890145283,0.008578888344318926,0.019231361927887592
2015-12-01,0.010623952433730842,0.007066140427600234,-0.0016910939768599999,-0.04380262265839289
2015-12-02,-0.011056653069340215,0.03562209647090232,-0.009162676865106507,-0.004987541511039051
2015-12-03,-0.014477878923262813,0.007321431399264449,0.006997664488399187,0.0008329863038919929
2015-12-04,0.0203179415517183,-0.019311509549750524,0.021349806403661246,0.0038781212040047424
2015-12-05,,,,0.06683405965519904
2015-12-06,,,,0.017177707341707215
2015-12-07,-0.007014104884478266,0.0027209053879804278,-0.008243458898360817,0.0022851349286227987
2015-12-08,-0.006511062305276753,-0.017670619544733732,9.300162759549387e-05,0.04075098007893127
2015-12-09,-0.007769041389937937,0.0035597423441552675,0.0011153454079371329,0.012822239298750381
2015-12-10,0.002248863711052729,-0.0035431817115387397,-0.0041889751736704,-0.0012026459657604525
2015-12-11,-0.019613874846502764,-0.004154261043518145,0.003445549807212496,0.07932042522971242
2015-12-12,,,,-0.03968324785162922
2015-12-13,,,,0.005536346321160159
2015-12-14,0.004744314616645313,0.028217376713650603,-0.011500290367721652,0.01665374408295175
2015-12-15,0.010562534400149612,-0.004572155672557229,-0.0016941180522405026,0.04555286771964073
2015-12-16,0.014410619402612932,-0.0024255313165445864,0.014216475872465625,-0.01876555175599087
2015-12-17,-0.01515475083488926,0.018935352943780258,-0.025584540700638786,0.003298518658665108
2015-12-18,-0.01795751217964754,0.003195196636352623,0.014565659953700872,0.01676320955877235
2015-12-19,,,,-0.0043271378638815045
2015-12-20,,,,-0.042974497408887126
2015-12-21,0.007748318994364429,0.025689563042589326,0.014541643266439757,-0.009552039878245277
2015-12-22,0.00877812203932951,0.0027819806672164807,-0.006033340805964071,-0.001372056012181319
2015-12-23,0.012341563236114893,-0.0026733460235217926,-0.005414501652159502,0.012281255112534788
2015-12-24,-0.001599891742574954,-0.009610535807854877,0.00708892064802192,0.023677675274909132
2015-12-25,,0.0022953737450421047,,0.0022050725583139755
2015-12-26,,,,-0.08885528659933607
2015-12-27,,,,0.01671082095003987
2015-12-28,-0.0021809411946235105,-0.029230863731204326,-0.007088920648021913,-0.0014214643473774255
2015-12-29,0.010573612487139963,0.009143531223770205,-0.00028085943170155043,0.023662811921981157
2015-12-30,-0.007243399159519185,0.000879494679418838,-0.0077075294614784495,-0.011175902119234542
2015-12-31,-0.009456404312783972,-0.009119374634973743,0.0003773584950441157,0.0067670308401872326
2016-01-01,,,,0.009259325412796726
2016-01-02,,,,-0.000691483259084378
2016-01-03,,,,-0.006941258781255671
2016-01-04,-0.015422087447211375,-0.07278974772913828,0.014049121215179405,0.00601853668579899
2016-01-05,0.002010240491123956,0.0027951110981761667,0.00297177038915748,-0.004858309151076406
2016-01-06,-0.013202187278752919,0.01739139578082978,0.012440836861978014,-0.0009280743125538598
2016-01-07,-0.023985794022258523,-0.07185506702413653,0.014456768578982777,0.0590394456119711
2016-01-08,-0.010897570278899054,0.0201871655773832,-0.008976802358316632,-0.009012040332036512
2016-01-09,,,,-0.0102086994007743
2016-01-10,,,,-0.004695369162961691
2016-01-11,0.0008529006939786754,-0.05161650484735001,-0.0015496106286707802,0.0033560832484877752
2016-01-12,0.007772509257391239,0.007259526026650179,-0.010085351827239316,-0.006049083080679579
2016-01-13,-0.02528236287170431,-0.018780793674381326,0.0017492984251779814,-0.02918583809345462
2016-01-14,0.016558094217956527,0.02060143892166057,-0.012496112992537304,-0.00719845207530645
2016-01-15,-0.02183576711197509,-0.03244295069723647,0.015802204717279916,-0.14199001111880785
2016-01-16,,,,0.033543353409113
2016-01-17,,,,-0.006514681021193642
2016-01-18,,0.003840336524493709,-0.0014680248530566365,0.004955023829546748
2016-01-19,0.0005316801750062664,0.029086732915420677,,-0.01282908026045273
2016-01-20,-0.011762765749513873,-0.01524059942604936,0.015579051478936963,0.08845960316599472
2016-01-21,0.005181970226003676,-0.029744525042056696,-0.00725824271580544,-0.010669354363399006
2016-01-22,0.02008070885412079,0.010366835326573167,-0.0017316021642780463,-0.06965478863212769
2016-01-23,,,,0.01556047993718725
2016-01-24,,,,0.034150276959888606
2016-01-25,-0.015761508958281073,0.004943661097335907,0.00817591763641541,-0.023400237422917494
2016-01-26,0.014045211853838186,-0.06209527337292455,0.01339044945882222,-0.007666789406850425
2016-01-27,-0.010922893803811026,-0.003461165874432356,-0.003935604364304087,0.013251977827661496
2016-01-28,0.005513332522616619,-0.026484446802918414,0.00026882925024113483,-0.03950429766336526
2016-01-29,0.024458648291019413,0.0318414444550468,0.00026875700049799444,0.0015789476964574135
2016-01-30,,,,-0.006595459866804748
2016-01-31,,,,-0.021402636114384716
2016-02-01,-0.0004433423964646878,-0.015406127045171865,0.010336930395837036,0.006469025255125947
2016-02-02,-0.0189209815953702,0.02056575131755211,-0.0007094714735336907,0.004557037774917646
2016-02-03,0.004979620098044139,-0.004294444642757454,0.0124312819750839,-0.015905443814137027
2016-02-04,0.001525609102635925,0.012175294500510428,0.014094543400834847,0.05960108027364769
2016-02-05,-0.01865420973979322,-0.007050486880683179,0.0001727712512937132,-0.010552150415101966
2016-02-06,,,,-0.02568275332948134
2016-02-07,,,,0.003180495657447894
2016-02-08,-0.014255000337827674,,0.03413474552560261,-0.014124152187955102
2016-02-09,-0.0006638511706025009,,0.0005841852867993765,0.007220247973487097
2016-02-10,-0.00018898131031094855,,-0.0033428077258792297,0.017433088090495347
2016-02-11,-0.012377431213466798,,0.04357059937848049,-0.006304197395785893
2016-02-12,0.019329975470501772,,-0.006754609148678771,0.011787955752042173
2016-02-13,,,,0.015760563924883956
2016-02-14,,,,0.03871775704285678
2016-02-15,,-0.005779560965752223,-0.025495742823366273,-0.01091010077946035
2016-02-16,0.016381776635361386,0.030194063113539265,,0.013127123488264732
2016-02-17,0.01634611531802933,0.008615938263682059,0.0026450668422060603,0.025988104938627434
2016-02-18,-0.004676637085284247,-0.0031453249886195483,0.0122247902211335,0.010256500167189061
2016-02-19,-2.607147233575974e-05,-0.0006912038851574316,0.0036628586799064724,-0.0033277900926745796
2016-02-20,,,,0.0467472625396317
2016-02-21,,,,-0.005011400009693131
2016-02-22,0.014350746375528583,0.02180799047227111,-0.016961363643880036,-0.00022838871859001634
2016-02-23,-0.012532587736590248,-0.009506807015082407,0.010276737790618237,-0.04174559739861511
2016-02-24,0.004429944898265448,0.006514071471818813,0.013405571027822144,0.006646119882596759
2016-02-25,0.011284417050872818,-0.06332257875304641,-0.00024214052339941052,0.0018908065193647952
2016-02-26,-0.0018719154129472615,0.00998170823101414,-0.014964495256533041,0.008932828557870165
2016-02-27,,,,0.009317561003818281
2016-02-28,,,,0.002778422718136641
2016-02-29,-0.008154095918303473,-0.024225714823300132,0.011406348206436606,0.008518527395594722
2016-03-01,0.023588387634097943,0.018326454342170784,-0.0029206576010644587,-0.005056319667123748
2016-03-02,0.004085962101079654,0.04033967095917385,0.0088975754829056,-0.020014631334268104
2016-03-03,0.0034925974922729325,0.0023208816015446313,0.013120188205136893,-0.013728026243994572
2016-03-04,0.0033004569962263434,0.011530756090577583,0.009885801574559327,-0.024364973229018018
2016-03-05,,,,-0.025975486403260677
2016-03-06,,,,0.01739174271186924
2016-03-07,0.0008846130395075827,0.0035329854308254896,-0.0052866340036860394,0.021684367737089424
2016-03-08,-0.011303756111464681,0.000911064994905713,-0.0008706320546782889,-0.00725692589678718
2016-03-09,0.005039672807617217,-0.011573731280718485,-0.004364566703163692,0.002182612725318093
2016-03-10,0.00015582470255186083,-0.01931347480412394,0.012173101074616183,0.007241161256559474
2016-03-11,0.0162625475679903,0.0017010895383215209,-0.010583780968934753,0.007905179507113247
2016-03-12,,,,-0.020977261074466142
2016-03-13,,,,0.004861458286244999
2016-03-14,-0.0012618048449994732,0.015585533685582485,-0.011419569096275582,0.004596596940551427
2016-03-15,-0.0018386503245784805,0.002960687582544863,-0.011389000773913235,0.0019291059756369217
2016-03-16,0.005584768976783901,0.004947445616799788,-0.0009752926650842151,0.0019253916898728793
2016-03-17,0.00657358536675143,0.01099745081438247,0.028220567642251247,0.005514940245667164
2016-03-18,0.004395912383556867,0.015171442937840115,-0.008494474130991629,-0.024202536618788795
2016-03-19,,,,0.0012241401944872309
2016-03-20,,,,0.0068276295468928366
2016-03-21,0.0009850824218144217,0.02413298045005119,-0.008084894949709494,-0.0009725262132916949
2016-03-22,-0.0008777491176506626,-0.00730479231272242,0.0035301705467241287,0.01232942005570118
2016-03-23,-0.006406466530530142,0.003187929433276283,-0.019898739555372327,0.0019203078392675146
2016-03-24,-0.00037813217888834326,-0.016903022282172855,-0.0019627091678488173,-0.005530854546465858
2016-03-25,,0.0050065390084127045,,0.0024084790062561976
2016-03-26,,,,0.0019226153483055508
2016-03-27,,,,0.01926108766225843
2016-03-28,0.0005450541383505678,-0.008822916889312778,-0.0012286523231340946,-0.005668413854935587
2016-03-29,0.008778031272149312,-0.01088646372721146,0.012785711045590772,-0.017200615183521867
2016-03-30,0.004340908403282531,0.02546546517049621,-0.005843223897052167,-0.006284768087893543
2016-03-31,-0.002041861276038347,0.0005626036574652614,0.005681372314599506,0.007970094115786888
2016-04-01,0.006310940191309253,0.001180128025559617,-0.009841078161700254,-0.00024058703351939294
2016-04-02,,,,0.00695363070445752
2016-04-03,,,,0.001432665001495916
2016-04-04,-0.0032134091933979764,,-0.003438680316507329,0.0004770992456911782
2016-04-05,-0.01019637661751755,0.013135404497165083,0.008411989658167078,0.006655598611736067
2016-04-06,0.01045286194723677,-0.0021343088926616387,-0.0047281411959459,-0.0018970838034822366
2016-04-07,-0.012048133236940891,-0.014919510614399157,0.011132443414405365,-0.002852390809634477
2016-04-08,0.002782731266950438,-0.007368266742537178,0.005077994226943483,-0.005729306672206808
2016-04-09,,,,0.0007179610216267858
2016-04-10,,,,0.005487309486314764
2016-04-11,-0.0027435530304558238,0.013831634373623945,0.011351948590596933,0.002613759359017472
2016-04-12,0.009615763308903494,-0.003613219304981743,0.0023025934187950333,0.007800535949136814
2016-04-13,0.009990093075086406,0.013250541487768096,-0.010043126022175565,-0.0028295232271163826
2016-04-14,0.00017286084744860797,0.00442085340203511,-0.017618040958461294,0.0011799411398487696
2016-04-15,-0.0009847461231804666,-0.0011056744823771242,0.006582446261251507,0.011023918371973526
2016-04-16,,,,0.0030278350836767907
2016-04-17,,,,-0.008641884916443398
2016-04-18,0.006519674261282988,-0.013463451713927585,0.0003239391022820242,0.0032786914616982953
2016-04-19,0.00307975662601835,0.0030463548513737933,0.015506677968551458,0.016694104370729827
2016-04-20,0.0007613247417596009,-0.01784345702845697,7.972256551443933e-05,0.014382167775754672
2016-04-21,-0.005207599968700849,-0.006443160726211255,-0.0032738480951895687,0.018192528696766942
2016-04-22,4.781188891334172e-05,0.004514252792785242,-0.016369353134490783,-0.008942603748457574
2016-04-23,,,,0.010721567971230389
2016-04-24,,,,0.016525659766701086
2016-04-25,-0.0018136709785938731,-0.004061909377344544,0.008258487549314407,0.008919889447355089
2016-04-26,0.0018710422279640288,0.005402784546376872,0.002576905919459638,0.009270304612702732
2016-04-27,0.0016480173786207935,-0.004173318292690912,0.005613937272029674,-0.041627039512077094
2016-04-28,-0.009273710899120031,-0.0016881376015695118,0.01271472945953545,0.003350086885282027
2016-04-29,-0.005075944645770556,-0.0012125377237705878,0.01885151059186607,0.01438873745209967
2016-04-30,,,,-0.014388737452099556
2016-05-01,,,,0.008215878345018671
2016-05-02,0.007779663181895582,,0.004098524857188293,-0.017849648383542367
2016-05-03,-0.008714589025124732,0.017830115902245428,-0.0030916704174845373,0.013639115847198891
2016-05-04,-0.0059545830446672615,-0.0012704345473334494,-0.013561115002533439,-0.010043606355757503
2016-05-05,-0.00023892241230235656,0.0013886772125364549,-0.0016491934471842046,0.005146000840328891
2016-05-06,0.0031696056255198523,-0.026346556517288802,0.016911909912191294,0.02534012418250332
2016-05-07,,,,-0.002396254278081153
2016-05-08,,,,-0.001309472033469796
2016-05-09,0.0007531895502368042,-0.020894986605338315,-0.021402050978516045,0.005444857184677881
2016-05-10,0.012406388310731433,0.0011377845077124669,-0.001422138187067659,-0.02418231709649876
2016-05-11,-0.009607555492817648,0.004453901431587432,0.008424251686603901,0.006874403388752026
2016-05-12,-0.00016955023208444766,0.0023748786058946985,-0.0033769223593598354,0.004190104266960634
2016-05-13,-0.008514374961630291,-0.004931008453674609,0.0011792917754953182,0.0021982862226975495
2016-05-14,,,,0.0021934643582814414
2016-05-15,,,,0.00371788290477602
2016-05-16,0.009749011760057352,0.0066026737986209045,0.0011779026843863256,-0.007009886316738139
2016-05-17,-0.009455886999175739,-0.0030058278702466096,0.0021167347482477054,-0.003523456629154708
2016-05-18,0.00020513622093808805,-0.00584331357170194,-0.0019597858347966467,0.001983471724654457
2016-05-19,-0.0037136112860127355,-0.0018073453588208198,-0.015499282279315848,-0.025645289933362767
2016-05-20,0.006001445062372705,0.00511993197538281,-0.0015153330650159538,-0.0013562389058977891
2016-05-21,,,,0.0033871546440145555
2016-05-22,,,,-0.00905803294674571
2016-05-23,-0.002087622332874619,0.0029195017363292373,-0.0011180323796781161,0.009283435855397325
2016-05-24,0.013588628383570183,-0.007693371149288993,-0.01797928061549932,0.005394483749355384
2016-05-25,0.0069505391897537305,-0.001414388121050884,-0.0044027792278895405,0.008259897390996097
2016-05-26,-0.00021049408780701167,0.0016265370765235088,-0.002782098185925419,0.007751118421588161
2016-05-27,0.004277713748401147,-0.0005582115178955937,-0.0030363980491111917,0.044653163748272884
2016-05-28,,,,0.10066596919422965
2016-05-29,,,,-0.015766525407743315
2016-05-30,,0.0013737498509884558,0.000657300163341522,0.031100474697148984
2016-05-31,-0.001005717421002286,0.03298745127173897,,-0.00640786210677744
2016-06-01,0.0011343381543654862,-0.0028467139068948807,-0.0023024432505196627,0.015943318109456633
2016-06-02,0.0028207287425610055,0.002070279594943619,-0.0017303180685948932,-0.0005583992699771566
2016-06-03,-0.002916001771314822,0.0069945207074966105,0.024680544113835606,0.05417500681633842
2016-06-04,,,,0.008779687652045773
2016-06-05,,,,0.005057121249447211
2016-06-06,0.004885314358638568,-0.003310242151377164,0.003614026340556374,0.015019704019385363
2016-06-07,0.0012886294463136218,-0.0005475279564837544,-0.00032071841198581976,-0.013802841635417845
2016-06-08,0.003303991188786806,-0.004119203937102483,0.012194787078779478,0.008476826124733418
2016-06-09,-0.0017191710652795132,,0.008205174239185516,-0.01004163562425021
2016-06-10,-0.009217574255820173,,0.00251118392969624,0.005552677810036238
2016-06-11,,,,0.023429887512912563
2016-06-12,,,,0.11920940878211855
2016-06-13,-0.008148294359401813,-0.031349221370243735,0.008584413571921563,0.0491830423643885
2016-06-14,-0.00180050982836035,0.0031388816977633727,0.0009320389024228532,-0.021658368974298476
2016-06-15,-0.0018423761246134855,0.01304531326445008,0.00015525539543685883,0.008285533263670023
2016-06-16,0.0031280978105988734,-0.006987586070693736,0.00780921740290263,0.09704578914947107
2016-06-17,-0.0032632746994190635,0.005057198253555803,-0.002776494148292318,-0.022989518224698833
2016-06-18,,,,0.013220463635739275
2016-06-19,,,,0.009506277028650785
2016-06-20,0.005791368633679743,0.0007424036542001527,-0.0020874413239146817,-0.036124329247170274
2016-06-21,0.0027084373542945453,-0.0020421329530316145,-0.01528533230349672,-0.09511946229724201
2016-06-22,-0.0016529523329488472,0.008858634790359421,-0.001966568972040827,-0.12225059700745124
2016-06-23,0.013275511311332405,-0.005323722277969997,-0.005447883672707417,0.049869999559186654
2016-06-24,-0.03658077723471934,-0.012966564644493082,0.04587925072688501,0.05652283102941833
2016-06-25,,,,0.009997053873834923
2016-06-26,,,,-0.059137408748521386
2016-06-27,-0.01826224926163297,0.013998970080333465,0.0017377511834013085,0.03039364729283364
2016-06-28,0.0176141579169895,0.005069581606244566,-0.005146458040372232,0.00031017369975716694
2016-06-29,0.01688921675245215,0.004767979973277062,0.006805833892547294,-0.013110848018870505
2016-06-30,0.013473821400287618,0.0008024982548923511,-0.00475921578191996,0.05129329438755048
2016-07-01,0.0019467806929598444,8.877446852109128e-05,0.013836887930701544,0.006842210242538053
2016-07-02,,,,0.03424243634880581
2016-07-03,,,,-0.053701215266874144
2016-07-04,,0.015883584176059375,0.014605293539105455,0.02034779957226582
2016-07-05,-0.006871075583428663,0.0008359222455297517,,-0.01717870312986804
2016-07-06,0.005338719739026071,0.002932672108017989,0.0061633477076685475,0.013469224879680936
2016-07-07,-0.0008719206389974177,-0.0021317159043025076,-0.0036640814846506525,-0.05720213675907266
2016-07-08,0.015138185866623861,-0.005519965657929381,-0.0027200898962129725,0.04237595727992024
2016-07-09,,,,-0.016735519148946693
2016-07-10,,,,-0.007236924340240678
2016-07-11,0.003402814586803249,0.003455498692128425,-0.0013259670451038282,-0.0006183336106732198
2016-07-12,0.006984851096364438,0.021571095693075717,-0.015825583822060823,0.03629032557958107
2016-07-13,0.00013474052016275426,0.002956050382813641,0.0061965930482193576,-0.014116468085259034
2016-07-14,0.005245391042533612,-0.0018629104894725883,-0.00852086775905851,-0.0059158306773386985
2016-07-15,-0.0009293745423876834,-0.0001464968933070427,-0.003609569267254481,0.010442773673115722
2016-07-16,,,,-0.005283429906806169
2016-07-17,,,,0.02333688554505416
2016-07-18,0.0023795068786033225,-0.004361997036059174,0.0014303461617288724,-0.008762215413020958
2016-07-19,-0.0014362676143070065,-0.004236402787669517,0.002254284092612854,0.0010436079963203591
2016-07-20,0.0042612128673701335,-0.003274829317771286,-0.009805479076435338,-0.010033779425053851
2016-07-21,-0.0036190247858399653,0.004594677219248744,0.008829246505380807,0.0003009781813541898
2016-07-22,0.004543577237250907,-0.008447519081500179,-0.005726356817152426,-0.020522115677677488
2016-07-23,,,,0.0062772922960432674
2016-07-24,,,,0.006238133580394057
2016-07-25,-0.0030159962634030003,0.0017750796553801492,-0.0029513056345804208,-0.008071314662055238
2016-07-26,0.00032275466775932843,0.011906953709590001,0.0009847366625395598,0.0006114338313385797
2016-07-27,-0.0011993285198676762,-0.01582996851117361,0.004457042316953019,0.00015280006141728318
2016-07-28,0.0016049295062452703,0.000900707893013975,0.010870079669202374,-0.0006113403827875299
2016-07-29,0.0016299621902952422,-0.005357152889930963,0.012080037216016963,0.0019854912975469873
2016-07-30,,,,-0.0010686208176684466
2016-07-31,,,,-0.05139780733720221
2016-08-01,-0.0012705897060663312,-0.00850063262540387,0.0015457660138704647,-0.024250517050345352
2016-08-02,-0.006381913907791874,0.0038455181495561826,0.00951621265257329,-0.1674735226224582
2016-08-03,0.0031290382452996857,0.0013975585739667152,-0.005772127230466107,0.09824527394246994
2016-08-04,0.00021256735230357668,0.0024332281974484386,0.0019765022356254902,0.017154280270918296
2016-08-05,0.00856664360432463,0.0011925575838946936,-0.01696330962874293,-0.002606657136732307
2016-08-06,,,,0.02032450257983419
2016-08-07,,,,0.00730488256369448
2016-08-08,-0.0009074743505047164,0.009029007076594923,-0.002308523942906088,-0.0027118660687493997
2016-08-09,0.0003896732066463202,0.007024967421921872,0.004017862547951613,-0.006641148291300176
2016-08-10,-0.0028687970506289257,-0.00419672262889024,0.0038538549143636823,0.009522262054453811
2016-08-11,0.004723392742399634,-0.003081818796251823,-0.001406417937884647,-0.005260044366811967
2016-08-12,-0.0007963678724891165,0.01865060901025683,-0.005049765669143982,-0.001191590914676574
2016-08-13,,,,-0.004267310392994682
2016-08-14,,,,-0.026871687068067307
2016-08-15,0.0027890832400516256,0.029665809163013847,0.0031961970198211803,-0.003696861881326203
2016-08-16,-0.0054941419708265955,-0.00448043846711047,0.0069516623687550455,0.023013567959551635
2016-08-17,0.0018668145969237696,-0.0015404443672437705,-0.0059873779043163045,-0.01370954227224726
2016-08-18,0.0021971793405895896,-0.00254098813683409,0.0062084456624841335,0.001920224034212963
2016-08-19,-0.0014413542987100584,0.00015751518345206758,-0.008137945333462366,0.002090593095919738
2016-08-20,,,,0.013826697980145068
2016-08-21,,,,-0.0032665721473300034
2016-08-22,-0.0005633790063612297,-0.008424639602566156,-0.0020820947438485306,0.011641973640309796
2016-08-23,0.0019498626169790064,0.0015092941226621547,0.0020078088172829733,-0.006660429369683402
2016-08-24,-0.005254072980571481,-0.003588300069009408,-0.012258169787387129,-0.006705088302943394
2016-08-25,-0.0013661738453380294,-0.006293298351278974,-0.0038428258117812644,-0.002936859673309825
2016-08-26,-0.0015800957333464785,-0.0005683140874176108,0.0009809470697941054,0.002419216662872481
2016-08-27,,,,-0.015830547172756913
2016-08-28,,,,0.008207502634857311
2016-08-29,0.005214500184160159,0.00020862088068330004,0.0009046363225304295,-0.0013922731103867458
2016-08-30,-0.0019556990050680497,0.0012719476862777452,-0.008019410506839441,0.005384294379924078
2016-08-31,-0.0023786147623904054,0.004759202811690812,-0.0038814311068449564,-0.005906896952570952
2016-09-01,-4.145736456113779e-05,-0.007907278237596035,0.00433708117548164,-0.003316173734518901
2016-09-02,0.004192300041961849,0.003787969201229812,0.007262305917870347,0.005752652489449841
2016-09-03,,,,0.040036008676225435
2016-09-04,,,,0.017711296375852933
2016-09-05,,0.0016792817707354407,0.020368518549349186,-0.0060890503281894135
2016-09-06,0.0029772423433708003,0.006889529540931362,,0.007564581377110323
2016-09-07,-0.00014636466783063686,-0.000541636443528438,-0.0035513502847251055,0.0045766670274118935
2016-09-08,-0.0022255507805430696,-0.0003772240546021381,-0.005648892678496177,0.02002004223344221
2016-09-09,-0.024827747563078314,-0.006464814632964702,-0.00530624166442025,-0.003843694674562827
2016-09-10,,,,0.0020838350090938308
2016-09-11,,,,-0.030731627442393366
2016-09-12,0.014570396678017971,-0.016849823630614543,-0.006691502732225743,0.003955179842928014
2016-09-13,-0.014941739368126835,-0.0006960062706903109,-0.0014343413926279497,0.000986355496703767
2016-09-14,-0.000587849405212359,-0.00664713959618095,0.0018114579638281172,0.0014777114584553833
2016-09-15,0.010058521089340135,,-0.006126867621100677,-0.0022996067952621864
2016-09-16,-0.0037793821611113664,,-0.005935638764676523,-0.0004934616433714613
2016-09-17,,,,-0.001152358346304202
2016-09-18,,,,0.005912318092700851
2016-09-19,-1.869910337847447e-05,0.007502515254800986,0.00578388218194349,-0.0014748056749348062
2016-09-20,0.0002991437033863788,-0.0017544617506716404,0.0003034901388999853,-0.0009844135331475215
2016-09-21,0.010857950722306076,0.0028326025524674555,0.009963850547983778,-0.019894555355971396
2016-09-22,0.006478837490987623,0.007465998667780486,0.009939919663220973,-0.0026827648551814827
2016-09-23,-0.005753297289882613,-0.004705504061350032,-0.0022334732333982744,0.012182044685505778
2016-09-24,,,,-0.0004977187991589985
2016-09-25,,,,-0.0018270912814673753
2016-09-26,-0.008624922689932854,-0.017054116018664345,0.0017871774806764867,0.008278192969371254
2016-09-27,0.006423572318235906,0.006336472200458297,-0.010244995198384578,-0.0016501653909579068
2016-09-28,0.0052824909853757054,-0.0030471434224531423,-0.005048803158992879,-0.0013220957139796349
2016-09-29,-0.009365019283515956,0.004169709899737187,0.0017360460260827247,0.0
2016-09-30,0.007936329103087052,0.00273636720459533,-0.00673454174080708,0.0056068748468966955
2016-10-01,,,,0.008677909554086968
2016-10-02,,,,-0.004411411451061991
2016-10-03,-0.0032659915807079186,,-0.0033462651956389362,0.0014726338258180896
2016-10-04,-0.004967899838307758,,-0.033305432733616004,-0.004260206345010288
2016-10-05,0.0042874907334568115,,-0.0008667218759490698,0.00458716400690592
2016-10-06,0.0004814257702057039,,-0.012373254303728343,-0.0013084725452076906
2016-10-07,-0.0032587738683275704,,-0.0008782786304516565,0.008150004361924408
2016-10-08,,,,0.0027559391683337695
2016-10-09,,,,-0.0030806672114535977
2016-10-10,0.0045953664043352545,0.01239944710155942,0.006766733617503033,0.0024328939094501465
2016-10-11,-0.01252460917831065,0.0038452087623988833,-0.0035766838590384252,0.03689399193693885
2016-10-12,0.0011459550215575632,-0.0019828752729794293,-0.0016735071842129978,-0.007050557996666799
2016-10-13,-0.003104131264702985,0.000799677748267044,0.0030262028350738074,-0.0006291286775612293
2016-10-14,0.00020161621250175643,0.0009684497995324854,-0.0016712430773022776,0.0036120965853487443
2016-10-15,,,,-0.0014118756757462007
2016-10-16,,,,0.00485475857579447
2016-10-17,-0.003042627268630379,-0.008496754354727307,0.0008757613712068451,-0.004227012164721718
2016-10-18,0.006141459963406811,0.013168433154367953,0.00500100268327793,-0.003300073710748483
2016-10-19,0.002189599580657028,-0.0015336941072508444,0.005527493542863245,-0.009807101696503553
2016-10-20,-0.0013766939590792353,0.0007113962354872679,-0.00189170072964953,-0.001272467167082691
2016-10-21,-8.406304733510687e-05,0.0027503876604950753,0.00015777847934291727,0.003495395996072999
2016-10-22,,,,0.03888514779878036
2016-10-23,,,,-0.003821173927323459
2016-10-24,0.0047385172845472385,0.011900990609072338,-0.0031603091800459274,-0.0038358313238710594
2016-10-25,-0.003804880140132455,-3.860413391368706e-05,0.007803610325483309,0.0007683442560093853
2016-10-26,-0.0017419369788728072,-0.0037636252540845867,-0.005511391007788655,0.035758505424810606
2016-10-27,-0.002991246171217767,-0.002716216877802334,0.0022869770624032023,0.011201296187998184
2016-10-28,-0.0031130804936909326,-0.0016662108634668902,0.005733825550811054,0.005699686602971564
2016-10-29,,,,0.041113412269658284
2016-10-30,,,,-0.025066808467042675
2016-10-31,-0.0001222792860412358,-0.0011533145587977849,-0.0029020766279446455,0.0020057313314399967
2016-11-01,-0.0068100511662960534,0.006801782073871281,0.011635756596699322,0.039429870963610884
2016-11-02,-0.00654687039773644,-0.007680391588487811,0.015561518862813503,0.00917626106102025
2016-11-03,-0.004433198871881832,0.00947690433940831,-0.003752636990438298,-0.06855475537917693
2016-11-04,-0.001667529568162566,-0.0032503607879461886,0.0009203160401091715,0.024803001819343747
2016-11-05,,,,0.0
2016-11-06,,,,0.011048271022137082
2016-11-07,0.021980157782961814,0.0007212298174577384,-0.019428607560745825,-0.006359097243388577
2016-11-08,0.0037648601743320194,0.004319455681459213,-0.003837273199867224,0.0077667551334857
2016-11-09,0.011016142751234132,-0.00537465397181921,-0.0007849293966584415,0.014661995534001175
2016-11-10,0.0019488592414451842,0.011139466815872452,-0.005590785852709204,-0.009470822880129117
2016-11-11,-0.001398914799700448,0.007817508815268276,-0.033808977486932866,0.0005595971046982757
2016-11-12,,,,-0.01507814094264301
2016-11-13,,,,-0.0032709977255534293
2016-11-14,-0.0001155094545772426,0.00380578979601084,-0.002125920669855453,0.0036968618813262026
2016-11-15,0.0074529817276226176,-0.00011078523419082788,0.002289265982208276,0.009182800982334982
2016-11-16,-0.00158353887400465,-8.16390795063509e-05,-0.0004901160039295869,0.040242442559580364
2016-11-17,0.004665388864814815,0.0020215208482770456,-0.005735840045538461,-0.00378942123507771
2016-11-18,-0.002389553027376295,-0.00556465626858381,-0.006761239477343074,0.012799096918842434
2016-11-19,,,,0.00120409406480451
2016-11-20,,,,-0.02628165356236238
2016-11-21,0.007433688411606853,0.006896508670573908,0.0009096548074025656,0.010514195309661349
2016-11-22,0.0021630866034014736,0.007887766003457853,0.0011565470103706028,0.017637616425344265
2016-11-23,0.000807684847182356,0.001834918397219653,-0.01824670494998473,-0.011003868412951782
2016-11-24,,0.004023861351746868,-0.009207312584779062,-0.007856989755136658
2016-11-25,0.0039066882037051285,0.009289600102508708,,0.006912001497165905
2016-11-26,,,,-0.008545321582606699
2016-11-27,,,,-0.0064229807421558845
2016-11-28,-0.005268331826910543,0.0039056903163237934,0.01046776399320077,0.005332616725173922
2016-11-29,0.0013344289127455414,0.008158802963163616,0.0,-0.0009550447550397015
2016-11-30,-0.002656997068934635,-0.0073331371525447355,-0.01429381125714474,0.01342302033214055
2016-12-01,-0.003521731974758958,0.007613678262073319,-0.0038407421429063693,0.01351100748248221
2016-12-02,0.0003969856521291979,-0.010174897726542714,0.0071574947689000855,0.02402478530587946
2016-12-03,,,,-0.00872912845241688
2016-12-04,,,,0.0028746916438510237
2016-12-05,0.0058044223683808216,-0.017015825589338385,-0.0011043623430532139,-0.01591405979706564
2016-12-06,0.0034050755798857375,-0.0029616565345623666,-0.005454713942505035,0.005157036222649402
2016-12-07,0.013077306345682039,0.004787388918292362,0.00630433166566056,0.009712637056510057
2016-12-08,0.0021570846729904334,-0.0016153441012930264,-0.0043406170538353795,0.003780722839905931
2016-12-09,0.005921379481215525,0.006766407582517014,-0.00899633364792122,0.0025990917815198276
2016-12-10,,,,0.004532218829556784
2016-12-11,,,,-0.007912357253229278
2016-12-12,-0.0011380520171109239,-0.024489553378881465,0.0033509504226331486,0.013709474937555262
2016-12-13,0.006518478790004478,-0.0012151062071334253,-0.005849982271697603,0.0002568713088873681
2016-12-14,-0.008150321360078533,-0.00769167661735377,0.004047019774279547,-0.002829219994198715
2016-12-15,0.0038757077378476596,-0.011465469128398393,-0.02956395822286957,-0.0016755820121852464
2016-12-16,-0.0017521740727583343,0.0016750272369338945,0.006704329981537604,0.008733679968754631
2016-12-17,,,,0.006627605192732679
2016-12-18,,,,0.002283975107830494
2016-12-19,0.0019731900398514256,-0.00510861768921883,0.004648927279968647,0.001013428006674794
2016-12-20,0.003630921049278551,-0.006001789623328252,-0.007995473776197526,0.01170634552786819
2016-12-21,-0.0024603512457385653,0.008869424531435603,-0.00035292042010905546,0.03697528618120749
2016-12-22,-0.0018647241237848297,-0.000860026932595358,-0.0022085790151621008,0.03670353978801138
2016-12-23,0.0012508980027710417,-0.008450707874325131,0.0025614994352711868,0.06416063063411354
2016-12-24,,,,-0.02886889636507524
2016-12-25,,,,0.0
2016-12-26,,0.004464562468532192,,0.008158748805559297
2016-12-27,0.0022459178098379177,-0.001810571396840805,0.0045766670274118935,0.03004282517293675
2016-12-28,-0.008391657636248401,-0.004381810138074172,0.0018423481984412061,0.048903316014185155
2016-12-29,-0.0002933867970315136,-0.0012515816866414608,0.014963306588008254,-0.0011320950110468202
2016-12-30,-0.0046478652506068445,0.003728908168341265,-0.005541619515470187,-0.01253837471687014
2016-12-31,,,,0.004577619312682234
2017-01-01,,,,0.03267597222833347
2017-01-02,,,,0.021467729624106195
2017-01-03,0.008450767046807911,0.009665890589180054,0.00890354673699486,0.015900447171749137
2017-01-04,0.005705998372356855,0.007772886029378655,0.002835906167361086,0.09422744751631672
2017-01-05,-0.0007709676024811847,-0.000154392007551226,0.013636962375256521,-0.1377426684074491
2017-01-06,0.0035107977582784673,-0.005992161431191619,-0.006710009462714592,-0.11005496356378762
2017-01-07,,,,0.0030420844822400123
2017-01-08,,,,0.013409520409764984
2017-01-09,-0.003554871008026604,0.004836433691800321,0.009752865330934843,-0.0012217472503223644
2017-01-10,0.0,-0.001675054726789621,0.0005062436827657303,0.005099223996742943
2017-01-11,0.00282556930401906,-0.00710321733579415,0.009319575450471225,-0.14107859825990549
2017-01-12,-0.00214705654265648,-0.005075084704056227,0.0026706742630613275,0.03096455469253632
2017-01-13,0.0018481528138047062,0.0006900157410542774,-0.0030050106085360313,0.017983235866304625
2017-01-14,,,,-0.0063245163380054445
2017-01-15,,,,0.0019502687800339274
2017-01-16,,-0.0001385675729998631,0.013864320704378312,0.007400701051358592
2017-01-17,-0.0029719143156583245,0.0020795064830633693,,0.083893988226936
2017-01-18,0.0017622003864136812,0.0039035534053234425,-0.0006597938383686605,-0.03127195051409354
2017-01-19,-0.0036158590231882884,-0.0030230983966382722,-0.008783616299942615,0.02625773308873593
2017-01-20,0.0033605323797867037,0.007659914954926868,0.002825799752707179,-0.0025725644745448035
2017-01-21,,,,0.029681662582652757
2017-01-22,,,,-0.0010877842908803123
2017-01-23,-0.00269370229296495,0.0027355400398774575,0.008841206113407036,0.0029343062949348446
2017-01-24,0.006543088991933502,0.00010997944584417336,-0.003956483895074369,-0.0305207406105269
2017-01-25,0.007994031790009634,0.003397452955305036,-0.01079475731720154,0.0006710659014836228
2017-01-26,-0.0007355741836108801,0.003566014902745462,-0.006701315076556759,0.023426485677577043
2017-01-27,-0.0008668437196784661,,-0.0011773611653525806,0.00261780254207888
2017-01-28,,,,0.0005445140346898021
2017-01-29,,,,-0.004364436824259908
2017-01-30,-0.006027656215802972,,0.006374790922124442,0.006756782462879907
2017-01-31,-0.0008903958463327385,,0.01279406003626977,0.047511851574768865
2017-02-01,0.0002983489915560355,,-0.0025623025135844105,0.01735245552430881
2017-02-02,0.0005701254430369949,,0.00914452144045324,0.021748742858796608
2017-02-03,0.007238573675816557,-0.006951578912688838,0.0011474470564766996,0.008924203997008868
2017-02-04,,,,0.018388624561866195
2017-02-05,,,,-0.015333080318713771
2017-02-06,-0.002117657077464753,0.0025884218260277753,0.009213649100429893,0.00842811731383652
2017-02-07,0.0002267949521675034,-0.00223479033903676,0.0032412312631549013,0.024009252384152236
2017-02-08,0.0006931502647968556,0.00521858593691995,0.0027468105814677075,0.0056054490985507
2017-02-09,0.005735978912330699,0.0038350505291605097,-0.0021806736420877017,-0.07523822475786496
2017-02-10,0.003559715435258431,0.005051568942398714,-0.0007279492374675961,0.018820751835316323
2017-02-11,,,,0.010668629033342956
2017-02-12,,,,-0.011771883746320266
2017-02-13,0.005232175748100871,0.006654262579192841,-0.008205757544058528,-0.0011044732283956168
2017-02-14,0.003999293774357182,-0.00013969569643559204,-0.00032637076007706236,0.012876356974715753
2017-02-15,0.004979922087050161,-0.004109369094043336,0.006264002584930415,-9.918175063910583e-05
2017-02-16,-0.0008644791200295176,0.005601357568689733,0.006869546552469579,0.023235200473138158
2017-02-17,0.0016771742275309119,-0.005680268596546698,-0.0020155608065071037,0.01681680913094275
2017-02-18,,,,0.002759672494154994
2017-02-19,,,,-0.003236248779208194
2017-02-20,,0.01449357503004173,-0.00016142050075389127,0.026994350128595926
2017-02-21,0.006029862181035704,0.0032872203435156456,,0.037699083215770986
2017-02-22,-0.0010828646208509895,0.0019906554795402795,-0.004530385549750807,0.0013395849290563455
2017-02-23,0.0004189031146829564,-0.00472205706325533,0.014569420992320706,0.0448513490235751
2017-02-24,0.0014922378935534736,0.00015258011565220635,0.0054986790336589994,0.0039175659028605385
2017-02-25,,,,-0.023564901903829205
2017-02-26,,,,0.019391308689990387
2017-02-27,0.0010175023940541276,-0.00798551079007728,0.00039728259232966096,0.014574059009916356
2017-02-28,-0.0025816606675474183,0.0019104140739447395,-0.003900191993759587,0.00042050376970500955
2017-03-01,0.013581181939563836,0.0016292280688294167,-0.003115142900145445,0.027696629416944795
2017-03-02,-0.0058771004764203,-0.006771583014421191,-0.013774433421839658,0.02647237144749527
2017-03-03,0.0005036683953830516,-0.002109877570549268,-0.0052045331759631806,0.021900985652775685
2017-03-04,,,,-0.014916275932563335
2017-03-05,,,,0.005442726904654254
2017-03-06,-0.003282598257417541,0.005417260576664151,-0.0008156607303767604,0.004552240810032968
2017-03-07,-0.002917555877758864,0.002167978543324288,-0.00769990698121345,-0.03530669147506544
2017-03-08,-0.0022868650550458714,-0.0015153515515834413,-0.005524648147841189,-0.07205704742810308
2017-03-09,0.0007995177937872365,-0.006338312615240349,-0.00513969464353715,0.03789530967594481
2017-03-10,0.0032633480993077457,0.00027717682454036135,-0.0014971307795143037,-0.06852530444550556
2017-03-11,,,,0.05831639907526239
2017-03-12,,,,0.03818623086505257
2017-03-13,0.00036661912266134326,0.008774393753705837,0.0014140156234175943,0.010636238785007099
2017-03-14,-0.003384740682155033,-0.0004078215013159161,-0.00041567943401047623,0.003949547712537948
2017-03-15,0.008339854388317126,0.002008575410876432,-0.001581159568795836,0.008251598992905593
2017-03-16,-0.0016279814951152382,0.005146048518986541,0.02174894194582961,-0.06638054426311567
2017-03-17,-0.001315228474144621,-0.010307107525832715,0.002523095791765966,-0.09023314180850808
2017-03-18,,,,-0.09826312180730701
2017-03-19,,,,0.051365352734254396
2017-03-20,-0.002011903736902209,0.0011021809794581356,0.0030841676910651483,0.02405796915039385
2017-03-21,-0.012485615265953647,0.004840985977945008,0.0100786984982794,0.06808235367054212
2017-03-22,0.00188813197147545,-0.004713443461184412,0.0025638985281255396,-0.07075896362337265
2017-03-23,-0.0010608362855033045,0.0034519560379476714,-0.0020024837481712474,-0.009328336143992859
2017-03-24,-0.0008443605323889107,0.007946436735407158,0.0010417919762611566,-0.09659603031045004
2017-03-25,,,,0.02791366961624347
2017-03-26,,,,0.003202978406012908
2017-03-27,-0.0010201534529525073,-0.0033181997367059527,0.005750355275090361,0.07519053018918224
2017-03-28,0.007225317380816645,-0.0023690793120934766,-7.964002711981241e-05,-0.0006700167754839959
2017-03-29,0.0010848148191858569,-0.0013323722230592484,-0.0015143668458189932,-0.002396588406835732
2017-03-30,0.0029307365363928895,-0.008238298102451335,-0.004556909192606498,-0.0038465284468946624
2017-03-31,-0.0022575567952728324,0.005597151338829807,0.0025608208616736505,0.038927919398444505
2017-04-01,,,,0.006465937916302376
2017-04-02,,,,0.010350447338884895
2017-04-03,-0.0016435249677560892,,0.0022353514018192567,0.044729059482334646
2017-04-04,0.0005594405740311779,,0.0035026305512020745,-0.005066840577050913
2017-04-05,-0.0030595532989129127,0.013747461457572932,-0.007898242024240212,-0.010476831314958125
2017-04-06,0.0019276336842417722,0.00289543857544624,0.0038372418976487127,0.05073113977137807
2017-04-07,-0.0008274931885733614,0.000969919766118028,0.0031864919816589504,0.0015131139403388174
2017-04-08,,,,-0.008181212080709451
2017-04-09,,,,0.019706310420226112
2017-04-10,0.0006875040056906727,-0.003508675601369923,-0.0027078704026432575,0.00199087581312102
2017-04-11,-0.001434958025354097,0.0034717164312979736,0.019115905941176337,0.011535103596198805
2017-04-12,-0.003766995820262467,-0.002245698469105556,0.008104150954751206,-0.006740120864115754
2017-04-13,-0.006838028476069099,0.001460704330471809,,-0.030395440785782584
2017-04-14,,-0.008018817241250437,,0.0009347780582954472
2017-04-15,,,,-0.0002548528238743437
2017-04-16,,,,-0.0001699379730490278
2017-04-17,0.00857644056804569,-0.0018833154204899861,0.004336721735204685,0.014510124665319635
2017-04-18,-0.00290757367184553,-0.004954869067668974,-0.00830266651120937,0.010082998636649727
2017-04-19,-0.0017178170006366042,-0.004880868674534589,0.00031162356126269303,0.007516658692365884
2017-04-20,0.007528779642538523,0.004537151120325978,0.0041198705713812196,0.018669274145082602
2017-04-21,-0.003039625852145616,0.001512628132889601,,0.009245553658775716
2017-04-22,,,,-0.006986577304847458
2017-04-23,,,,0.006586369191289491
2017-04-24,0.010781752773837281,-0.010301553108193952,-0.017134558388897627,-0.0007207784719209034
2017-04-25,0.006072128106062107,0.002825867720266036,-0.0023702310219630143,0.012816095817909321
2017-04-26,-0.00048575605114247193,0.0012227443562896206,0.0013438206045843705,0.017484470659047867
2017-04-27,0.000552738372021074,0.000446901442455857,0.0018940894306013062,0.03535393963307259
2017-04-28,-0.0019149508153329291,-0.002024259854479463,,-0.002478874508788856
2017-04-29,,,,0.005026455685831414
2017-04-30,,,,0.0116064095833445
2017-05-01,0.0017307386358750435,,-0.008949491483136437,0.0461837319697291
2017-05-02,0.0011884089692428136,-0.0038361151155169126,-0.006785098870419486,0.021037222693991813
2017-05-03,-0.0012721529972957541,-0.003932920353901307,-0.01606752099000096,0.027086766004415258
2017-05-04,0.0005818760433345327,-0.002563983615177352,-0.0013846469326897453,0.020784121462261263
2017-05-05,0.00408035130033309,-0.006435912321637796,,-0.005951217723155839
2017-05-06,,,,0.024566431462047834
2017-05-07,,,,0.005871552823581157
2017-05-08,3.7510393509375765e-05,-0.00704311834293522,-0.008841645810183426,0.06843515895184925
2017-05-09,-0.0010257908036239289,-0.0018714598971003053,0.002299795674836995,0.019631802417771477
2017-05-10,0.0011299789591918902,-0.004433337654955733,0.004338756755178648,0.03177263028152221
2017-05-11,-0.0021651757390083516,0.005661505782173448,0.002854930769824659,0.03752260098838449
2017-05-12,-0.0014795189665720563,0.008522707227279921,,-0.07585573235571463
2017-05-13,,,,0.04481779572927581
2017-05-14,,,,0.00503352022797853
2017-05-15,0.004765073002474167,0.004071007911445212,0.007061431071167115,-0.036597506651434256
2017-05-16,-0.0006870720384216807,0.008629429751253765,0.01787551103949804,0.011866813679013195
2017-05-17,-0.01834551314368625,-0.005463104093949355,-0.004698396060920675,0.04079192409763611
2017-05-18,0.003680063440703132,-0.0034840988934681893,0.0006383658052722746,0.04329492387151773
2017-05-19,0.006744699024732498,0.0016877492259674857,,0.0421608108242779
2017-05-20,,,,0.039083481123110116
2017-05-21,,,,0.0019586726465574533
2017-05-22,0.00514684693721281,0.0021687176241168165,0.0015144875558287438,0.03848289465326816
2017-05-23,0.00183622590425737,0.0037890858347689967,-0.0019134184264004586,0.06743514093566463
2017-05-24,0.0024860459084413127,-5.840814443160168e-06,0.0026300074932522964,0.07324326428461274
2017-05-25,0.0044320390592464875,0.0177983027723698,0.009269228576362252,-0.05813314667789163
2017-05-26,0.00031050179408999626,-0.0015015599806105669,,-0.027373691336207262
2017-05-27,,,,-0.08965113668661284
2017-05-28,,,,0.06443497845505324
2017-05-29,,,,0.03994083894294871
2017-05-30,-0.001205286007825416,,0.005740137640317417,-0.038297603225372005
2017-05-31,-0.0004601312906201269,0.003570761439968245,-0.00416421737089756,0.04925482296842015
2017-06-01,0.00754259171830006,0.0013904348349616793,0.007920678197629255,0.04636212692242352
2017-06-02,0.0037008707032855424,-0.003215809765645547,,0.03262133826099309
2017-06-03,,,,0.02096146616567023
2017-06-04,,,,-0.008403245030333625
2017-06-05,-0.0012184192007356274,-0.005106937368144712,0.01342302033214055,0.06921734875296871
2017-06-06,-0.0027829007381501205,0.006932312298828581,-0.003319569188765703,0.05938431832710964
2017-06-07,0.0015671051049044751,0.011666976897297298,-0.010650390251434575,-0.0643875716066795
2017-06-08,0.0002671088361100848,0.007642200171247341,-0.0063507210975350245,0.03909209487072974
2017-06-09,-0.0008303258478185228,0.004256607451225426,,0.00449182602592379
2017-06-10,,,,0.031131600002358113
2017-06-11,,,,0.02489189927922676
2017-06-12,-0.0009791902303832095,-0.000497863114711946,-0.002204725302511725,-0.11258368811671358
2017-06-13,0.004501274608283941,0.002202145465753191,0.005737881727900948,0.020932642596394897
2017-06-14,-0.0009962549022444363,-0.01319851630517508,-0.016835015265054827,-0.09493059833439853
2017-06-15,-0.0022421257837553104,-0.0018431253970244152,0.0015132813210040792,-0.010102330407595434
2017-06-16,0.00028362322694394307,-0.0028463811599279613,,0.026702723673636464
2017-06-17,,,,0.05675749015959218
2017-06-18,,,,-0.04447573045387175
2017-06-19,0.008312558992556568,0.009872217477979863,-0.010400093740187483,0.02994560892787944
2017-06-20,-0.006719188389873109,-0.0020224903234470986,0.0018479095765858212,0.05124743580013981
2017-06-21,-0.0005828462764329325,0.011622626784776461,0.002885542239424383,-0.028278762127197276
2017-06-22,-0.00045584186772818,0.0006658967771752897,0.005587052605021944,0.0167398916766797
2017-06-23,0.001559678529930483,0.00902238410546953,,-0.004564537116061182
2017-06-24,,,,-0.045399740470890154
2017-06-25,,,,-0.018902681031538745
2017-06-26,0.0003157439383918202,0.012401800983298522,-0.00759001766195095,-0.038298884469471696
2017-06-27,-0.008105510111856201,0.0018058486605949014,0.0017628209693230047,0.05476626404036631
2017-06-28,0.008769477216597063,-0.007799637676540891,-0.0026453981518184096,-0.0023636550770086556
2017-06-29,-0.008637220671771834,0.006195508539263497,-0.002813393600413878,-0.007515465369502539
2017-06-30,0.001532073698797482,-0.0005534630432066963,,-0.0308815966984607
2017-07-01,,,,-0.022833904068746153
2017-07-02,,,,0.045118615694261704
2017-07-03,0.0023081276913972876,-0.0043593299103271855,-0.016721168809617038,0.014093010701459888
2017-07-04,,-0.008491516234617233,,0.0172650633301768
2017-07-05,0.0014522119983846045,0.010907210936373202,0.001308793642856497,0.004041796091752948
2017-07-06,-0.009412971248548743,0.0001147575474838551,-0.011179730087068046,-0.005226924778683087
2017-07-07,0.00638274075695685,-0.0011399626441066031,,-0.03912279123980878
2017-07-08,,,,0.02008415937846379
2017-07-09,,,,-0.021079124935242888
2017-07-10,0.0009273360773855018,-0.0006128909765811269,0.0041247377404225955,-0.06898149485796033
2017-07-11,-0.0007830273058416915,0.004674730337110492,0.00361574886487538,-0.008439953276521613
2017-07-12,0.007279063026366936,-0.003271655102591858,-0.001477590155549866,0.03334065209857805
2017-07-13,0.0018727975574500866,0.007650730101041684,0.008344289253125036,-0.01708151908924673
2017-07-14,0.004662640144143031,0.004376185094731641,,-0.05579482929296505
2017-07-15,,,,-0.12326419217193593
2017-07-16,,,,-0.031371491712747966
2017-07-17,-5.2862612116695394e-05,-0.010732253989422862,0.011662884285311242,0.15427754975962782
2017-07-18,0.0005975913588075912,0.0009876220665975448,8.05185394371052e-05,0.03812830082961459
2017-07-19,0.005358270292070911,0.016918232949645194,0.0028140722088110495,-0.0163382447218067
2017-07-20,-0.00015361976712352472,0.00484913950702407,0.007518832414027319,0.22760218526861747
2017-07-21,-0.0003679748686383202,-0.005157518708620505,,-0.06893056657917378
2017-07-22,,,,0.05858413495767856
2017-07-23,,,,-0.02857286150628343
2017-07-24,-0.0010642496123316407,0.003980160686523456,-0.0022337464413605492,0.002463769362230705
2017-07-25,0.002918919243124604,-0.006407607046164703,-0.00215870561543235,-0.06766516221001796
2017-07-26,0.0002825451687427182,-0.0038168653534152875,0.008448284886054024,-0.009101933777242966
2017-07-27,-0.0009730985474882821,0.0018334825926892536,0.012069724087330324,0.050552554336813646
2017-07-28,-0.0013420867417742238,0.0026096048212500746,,0.04179778040601194
2017-07-29,,,,-0.026462205043079733
2017-07-30,,,,0.012000144003110558
2017-07-31,-0.0007283910972737436,0.004284326692370999,0.0032097729831831825,0.04135248815918408
2017-08-01,0.002446101105449387,0.008659861663859,-0.0007819220040270216,-0.04842606440207458
2017-08-02,0.0004925392516085572,-0.002530796453323594,-0.0031338164161714595,-0.009693720169293858
2017-08-03,-0.0021859786914876496,-0.008818700757788237,-0.007719612971326075,0.03236879640181144
2017-08-04,0.001887254323046072,-0.005446922245403744,,0.024084841788072926
2017-08-05,,,,0.12531639731056105
2017-08-06,,,,-0.00948458178543945
2017-08-07,0.0016459116133836385,0.0051679006435655815,-0.0015827796909875732,0.05123295840895625
2017-08-08,-0.00241735609047731,0.0014532781750711092,0.01313996638946408,0.008051219694808721
2017-08-09,-0.00036371425392981165,-0.0003135363305757903,0.008406681408101543,-0.02378324605301569
2017-08-10,-0.014580194485226952,-0.004060722973328099,0.0030184613297551117,0.022703757683976578
2017-08-11,0.001274713106023881,-0.018625415682941304,,0.06462609064592444
2017-08-12,,,,0.05773593725329699
2017-08-13,,,,0.04815530444472128
2017-08-14,0.00999364360375926,0.012893070619983108,-0.011112520617295563,0.0632592731792861
2017-08-15,-0.0004989402693533612,0.0030753705627395204,0.002497464811744248,-0.039158791273719865
2017-08-16,0.0014190955851406412,-0.0012527878865320964,0.0073778146950487546,0.05281315186636617
2017-08-17,-0.015557302982010086,0.005351165314738015,-0.0006191950662231301,-0.025040829294100866
2017-08-18,-0.001837069773336156,0.0009105621805752409,,-0.0413927869144078
2017-08-19,,,,0.010925628612012022
2017-08-20,,,,-0.020421539418848944
2017-08-21,0.0011619475876316547,0.004372024977256062,-0.000464648037477623,-0.015238720496483081
2017-08-22,0.009891739536413192,0.003018703023263213,0.0028618962179590294,0.020903068733621365
2017-08-23,-0.003459582133507087,0.001009537416646247,-0.002087602722054402,0.012489835296950278
2017-08-24,-0.0020765887523938203,-0.00572441669238352,0.004556168351166155,0.04192351025341021
2017-08-25,0.001671439670407706,0.016227913752261246,,0.010595759517203363
2017-08-26,,,,-0.0027762817974623898
2017-08-27,,,,-0.001494579554145812
2017-08-28,0.0004869774552017658,0.012295827076415574,0.016050482138125745,0.010187700434846833
2017-08-29,0.0008424428066569343,-0.002128367080435879,-0.0036460351822468593,0.0460716127648504
2017-08-30,0.004604515985119675,-6.259095249815427e-05,0.006144995249885524,-0.0031153691199086782
2017-08-31,0.005704748858195643,-0.0031894954021163555,0.006182632979240166,0.032649040212226504
2017-09-01,0.0019805188155972674,0.0022083919996698453,,0.03869178907892699
2017-09-02,,,,-0.07335026557799447
2017-09-03,,,,0.008512357233671112
2017-09-04,,0.003929052911802838,,-0.07782855078735852
2017-09-05,-0.007579478568344627,0.002967804252158752,0.006443417812454444,0.03264241131215291
2017-09-06,0.0031238663821462308,-0.0019723616333744186,0.008403723275824183,0.046442693217384236
2017-09-07,-0.0001784758170006678,-0.005099420894035949,0.0006662965265937846,0.0036523602621032296
2017-09-08,-0.0014898927557054817,-0.0010136027388666228,,-0.0690067394134425
2017-09-09,,,,0.001985776952535129
2017-09-10,,,,-0.02079086659142576
2017-09-11,0.010780904250841916,-8.886983711291911e-05,-0.013786126907908994,-0.006616437568664967
2017-09-12,0.0033583535924836664,0.00320477127144307,-0.003532908549302194,-0.014086757626797902
2017-09-13,0.0007567795189854543,0.001218664463489783,0.0009784368371742508,-0.07191859281323931
2017-09-14,-0.0011013239025146775,-0.003297463942912245,-0.0030890964478126216,-0.17680236092128465
2017-09-15,0.0018455323152087293,0.0003498119144016468,,0.1355259486885792
2017-09-16,,,,-0.0040201330330790885
2017-09-17,,,,-0.002517427058676294
2017-09-18,0.001454807314799407,0.0030855696034615106,-0.011078343820344422,0.1055420906725192
2017-09-19,0.0011096653781502376,-0.002871565933264956,0.004415690463788534,-0.048034407584585735
2017-09-20,0.0006341116368564334,0.0026894066162229664,-0.01654449501709566,-0.006623730925682471
2017-09-21,-0.0030506088934585734,-0.0012030844156977526,0.002083092987954512,-0.07067411205999988
2017-09-22,0.000647634756646368,-2.345108819670052e-05,,-0.004571848198268037
2017-09-23,,,,0.050682132327245846
2017-09-24,,,,-0.0323279442888321
2017-09-25,-0.002224499204924677,-0.005209324799030189,0.003231766432371115,0.06984140935457891
2017-09-26,7.209372186979258e-05,0.0007828690848445205,-0.010735766368331706,-0.010248636122884194
2017-09-27,0.0040768420216074665,0.00010991915718758026,0.0006986221902624516,0.07888207225855114
2017-09-28,0.0012038828664962132,0.00035061370840114666,-0.003030894101848299,-0.00394871941993382
2017-09-29,0.0036982437735080622,0.003645369513465359,,-0.0054490837951697586
2017-09-30,,,,0.04402238926166863
2017-10-01,,,,0.009699175731315067
2017-10-02,0.0038665151329828713,,-0.007970660312303568,-0.0004088864715547734
2017-10-03,0.0021565266962995347,,0.0017245438153505833,-0.019988044253091666
2017-10-04,0.0012459783329185144,,-0.0028235312876064957,-0.022384883861862118
2017-10-05,0.005630873397280621,,0.0013343277361389468,0.02405240011281535
2017-10-06,-0.0010742150246923344,,,0.011618273396190927
2017-10-07,,,,0.014510285583348756
2017-10-08,,,,0.03888856978049875
2017-10-09,-0.0018060255475314134,0.011844086475002628,0.014715880465808394,0.035320844542819904
2017-10-10,0.0023197540709582955,0.001968588154900446,-0.003794483199151054,-0.002955698155305498
2017-10-11,0.0018018446358107835,0.003292891696073149,0.005879184567985108,0.01268321895830036
2017-10-12,-0.001688154144329805,0.002625506265323331,0.006228154383276386,0.11877292277498867
2017-10-13,0.0008777258062376878,0.0020551580833122825,,0.03698738677080494
2017-10-14,,,,0.03270226849848079
2017-10-15,,,,-0.023731222761151072
2017-10-16,0.0017492339334793062,-0.0019273854162672403,-0.014204345661232758,0.012439666326514132
2017-10-17,0.000672268932882235,-9.710573800312332e-05,-0.0024910490851264185,-0.028299373059029083
2017-10-18,0.000742097670671056,0.007913771712926149,0.005441132740081362,-0.004080761676682676
2017-10-19,0.00032790981212586,-0.0032785624022367127,-0.007391591716137834,0.02178472582813829
2017-10-20,0.005103849469401585,-0.0011198636972893578,,0.05038827683330938
2017-10-21,,,,0.0022500572006969514
2017-10-22,,,,-0.0039534644262075175
2017-10-23,-0.003980402867081287,0.0010053897368104481,-0.0017195564656038995,-0.0133430659196647
2017-10-24,0.0016166388736675908,0.0072495311291591435,0.0005474524048666895,-0.06843525593813247
2017-10-25,-0.004673963111462271,0.004422695220556349,-0.00737663236664348,0.03928628907382663
2017-10-26,0.0012701392021270566,0.004172877871705768,0.0017313296211080905,0.026435076875116516
2017-10-27,0.00804054535381592,0.00708376061945176,,-0.021112677237559295
2017-10-28,,,,-0.006613780722036822
2017-10-29,,,,0.07092350873151193
2017-10-30,-0.0031975812572382673,-0.0030504189028484137,-0.0010226960730885966,-0.003781030922815415
2017-10-31,0.0009440395099815039,-0.000748461945713817,0.0053379512885123985,0.052001695829407966
2017-11-01,0.0015908062532808776,-0.0025239475922997287,0.0006261250889375273,0.043467302130689306
2017-11-02,0.00018995156292258536,0.0001275996874288228,-0.006987819428628133,0.04171328291815649
2017-11-03,0.0030922932168462635,-0.0011089098150917733,,0.01795927481272393
2017-11-04,,,,0.029170083973007986
2017-11-05,,,,0.003483969823109717
2017-11-06,0.001270523074112308,0.007035577383451222,0.005186652098814329,-0.05999554846129643
2017-11-07,-0.00018912456610798272,0.008262442455412442,0.006173100283025995,0.020424547291348634
2017-11-08,0.001442617636431107,-0.0015403112795023773,0.0029558204470104222,0.04697299938512887
2017-11-09,-0.0037690718494426323,0.0068661788649517375,-0.010383822855503396,-0.043206940016953035
2017-11-10,-0.0008980205445067916,0.008796059551007327,,-0.08238077320040318
2017-11-11,,,,-0.035011363216236255
2017-11-12,,,,-0.07562941501274971
2017-11-13,0.0009831358177202925,0.0039223446460247505,0.006804609572906769,0.10402415758741718
2017-11-14,-0.0023122919993494805,-0.006981560843184574,-0.004061553658017041,0.011372420502435766
2017-11-15,-0.005540998994613265,-0.0062841115055799444,0.0003912516189037927,0.09894016753858312
2017-11-16,0.00816274002244117,0.007663865903954038,0.014215487762537598,0.07541443225950427
2017-11-17,-0.002629496392601535,0.0038512738069074823,,-0.019764429469631372
2017-11-18,,,,0.010451683874037113
2017-11-19,,,,0.03308040126473714
2017-11-20,0.0012749493588078771,0.005561028187760547,-0.011481004242940665,0.024818155662878694
2017-11-21,0.006519786005639133,0.0176694748221486,0.008158870388286667,-0.01770650798289803
2017-11-22,-0.0007505615129562197,0.002337404131234165,-0.0037991904584764565,0.01646858365373295
2017-11-23,,-0.030055191598909303,,-0.027217504900281474
2017-11-24,0.0020540443802283723,0.0004386713203677413,,0.023116570055210114
2017-11-25,,,,0.06535898853002527
2017-11-26,,,,0.06240024112304035
2017-11-27,-0.00038433157526338035,-0.013306304261300004,0.0058864704092057496,0.04355178174204205
2017-11-28,0.009800287295721388,0.001448351242666836,-0.006741337374031662,0.017597912283883622
2017-11-29,-0.0003693050444495722,-0.0005105079665029441,-0.0074135108744575896,-0.006898360512173868
2017-11-30,0.00815758318578807,-0.011824179151157821,0.004376716638764883,0.01100861774947166
2017-12-01,-0.002026542339749596,-0.001988946514368804,,0.08797353511150435
2017-12-02,,,,0.004702822088880478
2017-12-03,,,,0.030103045209159938
2017-12-04,-0.001052699437952113,0.005169027350509301,-0.013662272811573957,0.03303302952751695
2017-12-05,-0.0037464387216745616,0.005288489971301242,0.0009482418727111692,0.003709591648262698
2017-12-06,-0.00011409360251520882,-0.006045209627856189,-0.010320828354968153,0.1642368177916726
2017-12-07,0.0029280818451754833,-0.011208499088656478,-0.0037577497746147876,0.2033587280138406
2017-12-08,0.005491194628844653,0.008105942729218546,,-0.04880915510956713
2017-12-09,,,,-0.07800398367505564
2017-12-10,,,,0.014460339584487981
2017-12-11,0.0031968457929972233,0.016381137476578718,-0.005381322973828005,0.10533727439861378
2017-12-12,0.0015476797289272538,-0.01322877932825025,0.005541515204847144,0.020783563539318588
2017-12-13,-0.0004730653218714308,0.008447740637051284,0.00678455729314155,-0.04778153574825342
2017-12-14,-0.004079134739528824,-0.005928518746072736,0.0003181420531088601,0.011058067722692926
2017-12-15,0.008934295194916394,-0.011312707991338534,,0.06675856062709276
2017-12-16,,,,0.09428824215690734
2017-12-17,,,,-0.014568925158728256
2017-12-18,0.0053485331483242,0.0011122061363795282,0.005313888064304045,-0.004910888464652032
2017-12-19,-0.003235519788593535,0.012478000271640153,0.004262379174000884,-0.07942577024106155
2017-12-20,-0.000828246999249518,-0.0012001261076796657,0.0007873396202336558,-0.0624995558755244
2017-12-21,0.001983661548850703,0.009226647693450883,0.006432908353253458,-0.05172820213640297
2017-12-22,-0.0004582789284942958,-0.003262565298183421,,-0.13448867303401793
2017-12-23,,,,0.052147302103579374
2017-12-24,,,,-0.04304142967840023
2017-12-25,,-0.003226231593819307,,0.003149494883524674
2017-12-26,-0.0010589429458703716,0.0029845015951829195,0.009804763006680336,0.13016613842602182
2017-12-27,0.0007905846262701684,-0.015515865979641457,0.004481194240796219,-0.021814474158106622
2017-12-28,0.0018323481522244368,0.006913790272432459,0.009284547800544529,-0.06830692622775696
2017-12-29,-0.005196657936668189,0.002969038486526516,,-0.00042373912197606745
2017-12-30,,,,-0.13846871117438755
2017-12-31,,,,0.10006863865019945
2018-01-01,,,,-0.02971426109874674
2018-01-02,0.008269096661866973,0.013931799259661499,0.007002083559633848,0.09292115827812197
2018-01-03,0.006378433382130943,0.005852099752662247,0.0023483969733721958,0.026915070392523194
2018-01-04,0.004020568037294825,0.004228059015724518,0.0005295207960635808,0.001549278906441316
2018-01-05,0.007009177903581761,0.0024045800186335673,,0.11056562001655645
2018-01-06,,,,0.012746640932574025
2018-01-07,,,,-0.056547150864324054
2018-01-08,0.0016609423836402202,0.0051597251926883535,-0.006525061087314796,-0.08028819529895748
2018-01-09,0.0013020551030292105,0.0069801204660802415,0.004253709414268415,-0.013288852475138346
2018-01-10,-0.001112824506788398,0.004408666786680025,0.0024225918427235567,0.017739344843907254
2018-01-11,0.007008997490407507,-0.0005277295864983684,0.00933249792923225,-0.10560429107539088
2018-01-12,0.006726951075669084,0.004604668070867732,,0.025623071905600953
2018-01-13,,,,0.028782386360062962
2018-01-14,,,,-0.042668527427528045
2018-01-15,,5.680312039992032e-05,,0.00016792795200206386
2018-01-16,-0.003530688627795424,0.007833876910585834,0.003216038073524245,-0.18693888029549863
2018-01-17,0.00937095716052361,-0.002433408711898546,-0.009000960858976169,-0.015048412270384321
2018-01-18,-0.0016176870607860264,0.0054697925221262825,0.004435597243396533,0.004733114279133279
2018-01-19,0.004375641082824612,0.003267571934137503,,0.02933758700918801
2018-01-20,,,,0.10473943545070825
2018-01-21,,,,-0.10347083234034775
2018-01-22,0.008034392098314767,0.011876734363492111,0.0026968328577961047,-0.0650371404555111
2018-01-23,0.002172035902672236,0.010553806379141425,0.014556513991241795,0.003528118323444903
2018-01-24,-0.0005601875894072049,0.0016597324984194122,0.004854378464798143,0.049134259059175144
2018-01-25,0.0006024531651585847,-0.00566765309596789,-0.00795584306875515,-0.02200898361375519
2018-01-26,0.011771597314994501,0.003708967274258519,,-0.007607188662300583
2018-01-27,,,,0.030942536574904277
2018-01-28,,,,0.028167243503224457
2018-01-29,-0.006754705760662041,-0.018260804168635333,-0.008989325419755204,-0.04777839142182823
2018-01-30,-0.010958608318405548,-0.010731431831284222,0.0023107609700723417,-0.10085698054587544
2018-01-31,0.0004888208887610065,0.004641358543045278,0.0035674508291945067,0.009730198051810001
2018-02-01,-0.0006482706810167338,-0.0070407951211920936,-0.007895169865473173,-0.11163199391458731
2018-02-02,-0.021436645011316622,0.0059480305406328935,,-0.031860083398756886
2018-02-03,,,,0.03837398642385845
2018-02-04,,,,-0.11682311302543957
2018-02-05,-0.04184256124518214,0.0006834102435815868,-0.005849724195676382,-0.16975220033266736
2018-02-06,0.017290591086863923,-0.02974442362333916,-0.011270494853598741,0.10429054804411526
2018-02-07,-0.0050141453066676256,-0.02400049829823225,0.0033414368878389193,-0.013925525276275875
2018-02-08,-0.038259085020510716,-0.00953799765421399,-0.0025050303455219913,0.07230810684596306
2018-02-09,0.0148256265596341,-0.043660709525917135,,0.06354129444782038
2018-02-10,,,,-0.016246576800695318
2018-02-11,,,,-0.05742646668507888
2018-02-12,0.013818684318076369,0.012793241132533483,0.011110805506925515,0.09681746445445516
2018-02-13,0.002609543983683735,0.01163610646549612,0.02053338023992342,-0.041777131261688666
2018-02-14,0.013313461230303598,0.007929087588763132,-0.0019901970966711684,0.10412661812567989
2018-02-15,0.011996836229864197,,0.000663839227771605,0.057514209070946475
2018-02-16,0.0003733924947562478,,,0.013989147798446648
2018-02-17,,,,0.08425756498514667
2018-02-18,,,,-0.06286445170313751
2018-02-19,,,,0.07148748145490195
2018-02-20,-0.005858531424820395,,-0.0179300268923247,0.00618528308408422
2018-02-21,-0.005511689809002755,,0.00045031522826425083,-0.07056266262260284
2018-02-22,0.0009731208529212048,0.021390669811565458,-0.0018024788958212771,-0.062172056421224836
2018-02-23,0.01590124602558474,0.004520048760109326,,0.03285308028399177
2018-02-24,,,,-0.046912454403325886
2018-02-25,,,,-0.012348844034173582
2018-02-26,0.011688421260557077,0.011558817795989787,-0.008833913010660789,0.07047600373880068
2018-02-27,-0.012788286983879777,-0.014537884140114298,-0.0005310070293555173,0.02962931367554071
2018-02-28,-0.011157824195769547,-0.00874474494793138,-0.009683274930678047,-0.024895806607490637
2018-03-01,-0.013413907890662753,0.006305198938848607,0.013847896858793535,0.05374579505201695
2018-03-02,0.0050587563087125835,-0.008091246850855476,,-0.007067882654449207
2018-03-03,,,,0.051707424016041066
2018-03-04,,,,0.0012445879566832514
2018-03-05,0.01097163914490453,0.00040823642434096127,0.008876910769666109,-0.007552647003677342
2018-03-06,0.0026353184422145334,0.011988279131881283,-0.00570829250180588,-0.05959310363743094
2018-03-07,-0.0004839667770615435,-0.0073822931496949585,-0.004454014082058395,-0.07508628321424578
2018-03-08,0.004453176811945213,0.010093439974484992,0.0017386707331924613,-0.06281324337885462
2018-03-09,0.01722951151316988,0.007639471488995393,,-0.008964795147683058
2018-03-10,,,,-0.0506254156198205
2018-03-11,,,,0.08397855467579143
2018-03-12,-0.00127477982427725,0.004565031590585381,0.002338652946249982,-0.04202686296393508
2018-03-13,-0.006383924585162931,-0.008862536290022476,-0.0011309233308503832,0.0019133739703544503
2018-03-14,-0.0057409415327189526,-0.004387245098041838,-0.005901507632633611,-0.10886325267211594
2018-03-15,-0.0007822719394124938,0.005586647739075721,-0.0041823565774785285,0.006531130954714124
2018-03-16,0.0017020228353889482,-0.00974913825050877,,0.0029963293246798093
2018-03-17,,,,-0.05127297646282274
2018-03-18,,,,0.04059999880838194
2018-03-19,-0.014306008195445936,0.004385869450182776,-0.0003048548152562622,0.04943330102766861
2018-03-20,0.0014807014304161871,0.0008464232989588802,0.0072909869573591106,0.033752219819398604
2018-03-21,-0.0018456884848011977,-0.004091543106189271,0.004454686667480677,-0.0007520274227082813
2018-03-22,-0.02548489001614073,-0.010072597349093116,0.016808373902956777,-0.02038398400318707
2018-03-23,-0.021189833248420765,-0.029126545260803185,,0.021607143385208253
2018-03-24,,,,-0.0423099946975419
2018-03-25,,,,-0.008718901807428429
2018-03-26,0.026795026112632157,-0.0064356155389997775,-0.005869477083154341,-0.039688178296686034
2018-03-27,-0.017427312133270447,0.008566538896672506,-0.008982096315827704,-0.04287840436535512
2018-03-28,-0.0029208740450646013,-0.018192892431191418,-0.0020321385836428543,0.019446432334369552
2018-03-29,0.013675733119263357,0.013269297951334242,,-0.10958906483293403
2018-03-30,,0.0011421166328676711,,-0.039410373734357136
2018-03-31,,,,0.01225372245009839
2018-04-01,,,,-0.01642073021232752
2018-04-02,-0.022590592580476767,-0.0029747935344956525,0.007505852246594348,0.0350125012807906
2018-04-03,0.012535934603553565,-0.0063076060160915295,0.0021662006603195994,0.049110788824442524
2018-04-04,0.011500105825438875,-0.001974774333210808,-0.008768370339202183,-0.08651435482763498
2018-04-05,0.006839366240059898,,0.0057044363949801,-0.003958536245123966
2018-04-06,-0.02216402280202734,,,-0.02352733779097029
2018-04-07,,,,0.041602451625225384
2018-04-08,,,,0.01791066951103152
2018-04-09,0.0033310173527511624,-0.0005007920662955137,0.007308011644821738,-0.036000528366998984
2018-04-10,0.016588521255114928,0.019085166884751554,0.010421765490427613,0.010691838122822492
2018-04-11,-0.005540619488903829,0.002840250030589417,-0.013398179623185461,0.01553201617012852
2018-04-12,0.008216880187239336,-0.010131540362125062,0.004461305637311746,0.12974303915554075
2018-04-13,-0.002890821874502216,-0.007078737063835913,,-0.004957642631696181
2018-04-14,,,,0.014724840986741122
2018-04-15,,,,0.043897565929859605
2018-04-16,0.008076322362107757,-0.016219105539640507,0.001186327713835226,-0.03573547413327363
2018-04-17,0.010605144127271393,-0.015936824230970932,0.0029596765962966167,-0.020202707317519355
2018-04-18,0.0008310203745819628,0.004694669377364449,-0.0034785218067648585,0.03354575749632928
2018-04-19,-0.005742577941307845,0.012024235279785968,-0.007815156445262206,0.013649933839945132
2018-04-20,-0.008573180471045841,-0.013467016510329957,,0.06719005409725752
2018-04-21,,,,0.006306899450510418
2018-04-22,,,,-0.013130624418118745
2018-04-23,5.617525182039568e-05,0.0014560568415208132,-0.003968110623620111,0.01645353709141882
2018-04-24,-0.013470895618345118,0.020279755483892044,-0.007681339071071026,0.0745044175513534
2018-04-25,0.0018354334726678417,-0.003855488021242096,-0.0037111414577940824,-0.0834465221379556
2018-04-26,0.010380129158368218,-0.01930655060808333,0.004164621928115532,0.04559134485879332
2018-04-27,0.0011130162199066156,0.0003700563246653031,,-0.03797931753450816
2018-04-28,,,,0.04499673959538314
2018-04-29,,,,0.006681788546874775
2018-04-30,-0.008221243907144358,,-0.012622781851044077,-0.018221101963379564
2018-05-01,0.0025458022179105093,,-0.0009186955170725805,-0.018581320631786295
2018-05-02,-0.007231903167589713,0.001800405510974299,0.005423379599519328,0.01837578523840891
2018-05-03,-0.0022562397993906034,0.0077680314920215736,0.001522417893196889,0.05334836926074
2018-05-04,0.012729831933829549,-0.0048628458848599745,,-0.004224424653923746
2018-05-05,,,,0.01481463136681983
2018-05-06,,,,-0.02020581406054995
2018-05-07,0.003451995069662222,0.015663783172515686,-0.0007609192270962086,-0.02355515444319483
2018-05-08,-0.00026569121971978244,0.01153668957194471,-0.0005329881726661868,-0.025253650387111318
2018-05-09,0.009635604216150478,-0.0018218654639929213,0.0070580492599809416,0.013253954383403467
2018-05-10,0.009327000979503942,0.005522456685629956,-0.0012107455130184615,-0.03198999397303507
2018-05-11,0.0017061751151760478,-0.005207392753453412,,-0.07085675029541778
2018-05-12,,,,0.006070756974119135
2018-05-13,,,,0.02728554976899349
2018-05-14,0.0008831316934816184,0.009367683796303882,-0.023287149591958423,-0.002234045932508753
2018-05-15,-0.006865679959648896,0.003781253747346243,0.0009295840780948153,-0.022984960426930177
2018-05-16,0.0040523361876279775,-0.007998057203677168,-0.0016273396593753711,-0.01576595843827437
2018-05-17,-0.0008562100552650634,-0.007423112149375716,0.0014724689760859586,-0.034304959485109136
2018-05-18,-0.002635697537311794,0.010045004645336007,,0.022406156644238624
2018-05-19,,,,-7.276784634643891e-05
2018-05-20,,,,0.033853036836195234
2018-05-21,0.007359590175901056,0.004647069441815402,0.0005419424899412345,-0.014847635493009988
2018-05-22,-0.0031406635129493403,-0.0038403358621492607,-0.0018593125901834246,-0.048433225273580564
2018-05-23,0.003243109408800207,-0.013305542786613783,0.01141107216280029,-0.06364958335960857
2018-05-24,-0.0020252522464269634,-0.0071233605905566405,-0.0005367892464310718,0.010671922908574693
2018-05-25,-0.0023600281824850003,-0.0028049188165869625,,-0.015288342047685343
2018-05-26,,,,-0.01568871049341379
2018-05-27,,,,0.0007332971539890112
2018-05-28,,0.004381843826935051,,-0.03416043874829282
2018-05-29,-0.011631583739263906,-0.007659842591857394,0.0021454302919341173,0.04777764749067427
2018-05-30,0.012615911702766044,-0.021426601320330533,-0.0013786766889646981,-0.009093539842288317
2018-05-31,-0.006903336878120701,0.02099801429680129,-0.0041474713830117575,0.013756113501595247
2018-06-01,0.01079076407564197,-0.00839569857891706,,0.003751650734493551
2018-06-02,,,,0.015259826730874703
2018-06-03,,,,0.010757197625313051
2018-06-04,0.004469595089461682,0.009762328839608864,0.002229483914071061,-0.02954211264177166
2018-06-05,0.0007023711683356189,0.009863007733463783,-0.0006145337418779776,0.016808228790203744
2018-06-06,0.00853088317566569,-0.002074800260613058,0.0012286900639613444,0.003858105161644303
2018-06-07,-0.0007144506972109346,-0.0016535482018528666,-0.00023026442132668067,0.004792050215137403
2018-06-08,0.0031210606659344705,-0.013505000522047773,,-0.009882651468185441
2018-06-09,,,,-0.014044450983348786
2018-06-10,,,,-0.1037533444938506
2018-06-11,0.0010681475490628696,9.52431346294647e-05,-0.002536414257087732,0.01622171578745214
2018-06-12,0.0017418322369011133,0.012088083841630865,0.0014611453362809706,-0.048759667531683884
2018-06-13,-0.004034177279463059,-0.009878874030164932,0.005364819734118926,-0.03821606412896533
2018-06-14,0.0024684618120292836,-0.003959427049471744,-0.023041068785589158,0.051680558395963874
2018-06-15,-0.0010175922059649557,-0.005298412777871715,,-0.03627459761772288
2018-06-16,,,,0.014788015014574135
2018-06-17,,,,-0.007018330379346946
2018-06-18,-0.002128422800086842,,7.821360138504532e-05,0.039382635842694635
2018-06-19,-0.004031549765965106,-0.035886718345374394,-0.00321178451645621,0.004839605057694498
2018-06-20,0.0017106973363122029,0.0039467788011464935,-0.0031434210559513846,0.0019233904936774215
2018-06-21,-0.006365707692292354,-0.011750990524184185,0.000157405950269934,-0.005543465068127007
2018-06-22,0.0018602493447316098,0.004423858242334054,,-0.10527794541114206
2018-06-23,,,,0.018261163585805845
2018-06-24,,,,-0.0020613711354780613
2018-06-25,-0.013819790665146471,-0.013507649534583503,-0.008535576993904585,0.016437136862694726
2018-06-26,0.0022021541473088704,-0.00828309812667799,-0.0030206700233768144,-0.028286875492640425
2018-06-27,-0.008641521386801524,-0.020557575745783492,-0.0040684512262961145,0.011898481470850316
2018-06-28,0.0061596150392206625,-0.0103825108607401,0.0027938553395657475,-0.04509668962889082
2018-06-29,0.0007580943491275485,0.02522301828480663,,0.05454033284623135
2018-06-30,,,,0.02943394482534764
2018-07-01,,,,-0.005029112019863326
2018-07-02,0.003063318269638806,-0.029781328978286514,-0.000797448208128891,0.038922849822012225
2018-07-03,-0.004959632808581322,0.0003872534974553983,0.0042192475919036404,-0.016142892240092858
2018-07-04,,-0.013444702247464139,,0.012950249244967288
2018-07-05,0.008583806694084265,-0.006355343861883625,-0.0023860665102427778,-0.007896639714778086
2018-07-06,0.008445532084704199,0.006762544482175013,,0.010817321870587884
2018-07-07,,,,0.02208829116530289
2018-07-08,,,,-0.007522123255439982
2018-07-09,0.008784343615273702,0.02756794308314184,-0.0003185727965775735,-0.007129062692648959
2018-07-10,0.0034671897996766143,0.0024080742720720594,-0.008800760859949349,-0.055493144797208856
2018-07-11,-0.0071194619539736125,-0.017451952376105112,0.001766359351268113,0.012901575423158528
2018-07-12,0.008710984661528809,0.021349156448691838,-0.004341191800524974,-0.021915954258817556
2018-07-13,0.0010786485794734959,0.0033353678527811483,,-0.003269024127792973
2018-07-14,,,,0.003940733974405986
2018-07-15,,,,0.017135079282641377
2018-07-16,-0.001028619276585639,-0.005915494838722052,-0.01126201897076264,0.056076036435372595
2018-07-17,0.003965782536343808,-0.006562213372591656,0.0004887585630044615,0.08432322999281208
2018-07-18,0.002158157835582412,-0.0052494779523287825,-0.0031812090941957037,0.008377809854263384
2018-07-19,-0.003960781746415428,-0.0008688477818043396,0.005783894581297884,0.012637186969658076
2018-07-20,-0.0009489291369751974,0.01865329475988298,,-0.018641416105963846
2018-07-21,,,,0.00939788990435134
2018-07-22,,,,0.0004857971892314957
2018-07-23,0.001836397184893872,0.009363705815924685,-0.004559154685401901,0.04106210707754181
2018-07-24,0.0047695465529177935,0.01574716041349861,0.005127590284775566,0.08486180256603292
2018-07-25,0.009060376426541358,-0.0011062287948629666,-0.004964404905823341,-0.0281430094218151
2018-07-26,-0.003036858079784692,-0.011667267575208225,-0.002205252659947188,-0.029386312622606235
2018-07-27,-0.006583879546122514,-0.0042564832425317015,,0.03106101703758541
2018-07-28,,,,0.00568768089324811
2018-07-29,,,,-0.002249282090215295
2018-07-30,-0.005770799909402402,-0.0017480757857688965,0.008629867121892648,-0.004697221420301023
2018-07-31,0.004872858193980633,0.0007337112180292383,-0.004875680063483918,-0.05630632460593517
2018-08-01,-0.0010409173801414606,-0.020178572826208954,-0.006128221164292561,-0.016041241739382768
2018-08-02,0.004914398127409042,-0.022419852730795175,0.0025375530335640765,-0.009351540874655355
2018-08-03,0.0046333873211502116,-0.01665548564041542,,-0.015594180101693451
2018-08-04,,,,-0.056093354804423436
2018-08-05,,,,0.0018231805298028459
2018-08-06,0.0035320512931104955,-0.012752599383703492,-0.004013931254490814,-0.011953730920511158
2018-08-07,0.0028201845679715165,0.028787891319829086,0.0022137507503428755,-0.032003316523388003
2018-08-08,-0.0002624143888119613,-0.01626757682100506,-0.0009013069560126646,-0.06787399084522136
2018-08-09,-0.0014427591414417902,0.024738897285182675,-0.000738037673420465,0.0398105977512682
2018-08-10,-0.007139295225622618,0.002202116273097927,,-0.060927666751140135
2018-08-11,,,,0.012807126012360774
2018-08-12,,,,0.012977877729351904
2018-08-13,-0.004014003101377949,-0.004320601950946447,-0.015126130444599229,-0.009181894986040915
2018-08-14,0.006368919546678298,-0.005154338103380202,-0.013161945467440747,-0.010461708047199614
2018-08-15,-0.007631263915857994,-0.02428666578279862,-0.0008442381252805361,0.010717458436215261
2018-08-16,0.007888276759113128,-0.00464323357209298,0.00016890465372473712,0.007927705565453578
2018-08-17,0.0033176268652185398,-0.014481490635348577,,0.04268051027707092
2018-08-18,,,,-0.0312660490557304
2018-08-19,,,,0.015924943482703045
2018-08-20,0.002425016695182756,0.01158416924022465,0.013254115678415957,-0.03347868663912125
2018-08-21,0.002066430689121701,0.018017139127664412,0.0027462256680252286,0.03358668049900396
2018-08-22,-0.00039826858501759574,-0.00563712944849375,-0.00775876749156939,-0.019094476625426085
2018-08-23,-0.0016926632005294403,0.0036451568579709786,0.01603490510527997,0.025092925790945162
2018-08-24,0.006179719474590772,0.001595098271199423,,0.024119457911963103
2018-08-25,,,,0.008110247806182415
2018-08-26,,,,-0.0032868592521046658
2018-08-27,0.007641124395724228,0.024137002667645516,0.0009062075835383122,0.02717227046133017
2018-08-28,0.00026923196567344023,-0.0018804895988374344,-0.002390866384785164,0.025337379817812537
2018-08-29,0.005685235804660677,-0.004007820604385728,-0.005379694331825055,-0.006452229961186787
2018-08-30,-0.004440118245784964,-0.010531943718827118,0.0014097941547996865,-0.005048931055209808
2018-08-31,0.0001344213421754606,-0.004962922958720645,,0.005717356511551438
2018-09-01,,,,0.021908437038326036
2018-09-02,,,,0.01440284503193359
2018-09-03,,-0.003809917593508633,,-0.004080208434347659
2018-09-04,-0.0016556752036839839,0.012588189656092336,-0.0044850573522257405,0.015476653875344804
2018-09-05,-0.0028071067225424913,-0.019742341946696485,0.0024941815391048847,-0.09531289075344167
2018-09-06,-0.003658974194848502,-0.010748432244211301,-0.0032436507002220672,-0.029168230227474053
2018-09-07,-0.002215757124654065,0.004513410265900636,,-0.019078603311911527
2018-09-08,,,,-0.03286128114391233
2018-09-09,,,,0.008725946470721184
2018-09-10,0.0018960451407243311,-0.01461984240144059,0.0014983770388496478,0.013137654621222591
2018-09-11,0.003732862156378708,-0.0018158498268394906,0.007210673155258977,-0.004296513121606601
2018-09-12,0.00035659819551439804,-0.006906098348314469,-0.0022322360556797207,0.006982350900173907
2018-09-13,0.005268348654683924,0.010732266420511716,-0.005893845144196387,0.022604679847582312
2018-09-14,0.0002754270858635385,0.0017040564980263515,,0.00012339395076825754
2018-09-15,,,,0.0054296548753227985
2018-09-16,,,,-0.0028880442834047664
2018-09-17,-0.005585314617480499,-0.01153105450708166,0.0014975044395824004,-0.03894752810932481
2018-09-18,0.005354649595431229,0.019928528725804456,0.0044791050332354514,0.014308758566482836
2018-09-19,0.0012525249991826694,0.013081495769797493,0.002479749989494098,0.007602688123203464
2018-09-20,0.007809997394075651,-0.0007096900160611092,-0.008289859295427079,0.015342392314747851
2018-09-21,-0.0003685742701806347,0.0298685124447452,,0.04187426692176629
2018-09-22,,,,-0.005497816949629478
2018-09-23,,,,-0.0037964269899306772
2018-09-24,-0.0035219491222055663,,0.0031582473060166646,-0.018061627941527447
2018-09-25,-0.0013059284486635185,-0.009039439840362089,-0.004991275647958677,-0.021337499420203843
2018-09-26,-0.0032946695026326335,0.011016671570106216,-0.009805232548812336,0.0035622501505093514
2018-09-27,0.0027594661468949336,-0.004002450793320986,0.007383822773881648,0.03361188319973971
2018-09-28,-6.863441535533463e-06,0.010309264189525153,,-0.00798491319663269
2018-09-29,,,,-0.004848988722939928
2018-09-30,,,,0.004728426904721654
2018-10-01,0.0036344555873070567,,0.008988076487074887,-0.004077508405493741
2018-10-02,-0.0003967154747124362,,-0.0034026340975044844,-0.008861519749442536
2018-10-03,0.0007112400153475563,,-0.0010813059901567884,-0.006448324877969948
2018-10-04,-0.008203069104388573,,0.0033233663024154142,0.011671382107050194
2018-10-05,-0.005543301253226848,,,0.0083035725488742
2018-10-06,,,,-0.006467526359555398
2018-10-07,,,,0.002226042577998483
2018-10-08,-0.0003951473188331464,-0.043978937514296434,-0.011764350773488792,0.008824959762825478
2018-10-09,-0.0014189640475695234,-0.0006717744063416696,0.0015933585491846817,-0.002822739930179291
2018-10-10,-0.033416333989061714,-0.0021582008562793607,0.028254667657599493,-0.004943938684666952
2018-10-11,-0.020787647463574973,-0.04918166571083604,-0.004572183014040397,-0.058957268289572415
2018-10-12,0.014106320709680948,0.014812402664448068,,0.008331785413198196
2018-10-13,,,,0.004820432706882993
2018-10-14,,,,0.0008064197772673723
2018-10-15,-0.005922538841602318,-0.014063669715938927,0.007337986452912791,0.05728309609791269
2018-10-16,0.021267870038650147,-0.008183209800750178,-0.0029287362294567634,0.0008205832569130344
2018-10-17,-0.00025270816079308065,0.005556981250779378,0.0021973559197426234,-0.0027927347357749586
2018-10-18,-0.014496515061645461,-0.02397139433746166,-0.0011387670012136966,-0.016967837160910288
2018-10-19,-0.00036123513910236955,0.029312672308160845,,-0.009491057865097872
2018-10-20,,,,0.00920200314807037
2018-10-21,,,,0.0016419366374300713
2018-10-22,-0.004308743988789517,0.04225932531350471,0.006570698959631947,-0.004140414475831556
2018-10-23,-0.005527097324213361,-0.02691331845226203,-0.004619320179588225,-0.004142311704712894
2018-10-24,-0.03135083200711912,0.001497262361786008,0.001055409068943689,0.00030629278766811514
2018-10-25,0.01845372947933219,0.0019146078475283177,0.0027550459043661764,-0.003635614580016192
2018-10-26,-0.017479090705260276,-0.006491907943525156,,0.00046093570763085516
2018-10-27,,,,-0.002429985354683933
2018-10-28,,,,-0.0012480452765176568
2018-10-29,-0.00658123033377329,-0.030959847526794433,-0.008532821671478279,-0.023571611816173902
2018-10-30,0.015545366655688744,0.010786977388305773,-0.008441635180752019,-0.0014691133464465904
2018-10-31,0.010792838671999127,0.01390809254253601,0.019237632729311737,0.006334919858719485
2018-11-01,0.010502452503904892,0.007332381587968335,-0.0042882059320180676,0.005420492028651954
2018-11-02,-0.006336699810107039,0.03501675161886788,,0.003773824770118562
2018-11-03,,,,-0.006010524772730959
2018-11-04,,,,0.014303281687597792
2018-11-05,0.005584693817028391,-0.008365567954057176,-0.005691997803962117,-0.0028598169113380426
2018-11-06,0.006239826862749526,-0.0060529020537064835,0.001955194105545293,0.006649976290257247
2018-11-07,0.02098709901578878,-0.006570728320776101,-0.002934226573400812,0.009565350210137314
2018-11-08,-0.002512134997959903,-0.0028408580215365307,-0.013559808372666682,-0.014004048084016443
2018-11-09,-0.00924156159302086,-0.014209802732055249,,-0.009622920756746131
2018-11-10,,,,0.002352190879751617
2018-11-11,,,,0.0029518711425971654
2018-11-12,-0.0198981367275931,0.011832080515718862,-0.0059751215113969585,-0.0017234557215653498
2018-11-13,-0.0014830044565126614,0.010008589535759293,0.007215457387945557,-0.0009017273352410792
2018-11-14,-0.007596242848709706,-0.010070991253074814,0.004041075970642101,-0.09570844238908602
2018-11-15,0.010538079545354202,0.011611174434964407,0.006562779912523582,-0.0213651921178594
2018-11-16,0.002220812515123669,0.00470767203179193,,-0.014566399638691165
2018-11-17,,,,-0.0025581822442981785
2018-11-18,,,,0.006471596420183612
2018-11-19,-0.016783146839093228,0.011272548615420515,-0.001472874826449531,-0.1471998883740654
2018-11-20,-0.018317962154308476,-0.023397315748150994,0.005552847846364919,-0.07639442991451302
2018-11-21,0.003038654446444182,0.002507410272717352,-0.003916454092235162,0.024904979114228336
2018-11-22,,-0.0037448110188371088,,-0.0628799494980336
2018-11-23,-0.006576467765855121,-0.0223195815507119,,0.009595687061855335
2018-11-24,,,,-0.11495620271968164
2018-11-25,,,,0.035531009362360436
2018-11-26,0.015413016366781477,-0.0007128400612447936,-0.008044039106654988,-0.05703388751043292
2018-11-27,0.003256395228060269,-0.0012741939262974277,0.008370996768550862,0.007658893802137759
2018-11-28,0.02271400793888423,0.013201229685024695,0.005541986474631293,0.0981862581144021
2018-11-29,-0.002185498143502281,-0.013070550103204437,-0.003582482255222842,0.007264774589785325
2018-11-30,0.00813759385583723,0.011105696409961688,,-0.061630305981043756
2018-12-01,,,,0.038008922050366274
2018-12-02,,,,-0.008568130343622332
2018-12-03,0.010881931492828126,0.027438755479608702,0.016663007878593497,-0.06519893209105417
2018-12-04,-0.03290020854234479,0.002070869800496961,-0.0032138867451567874,0.015452874223564552
2018-12-05,,-0.004819242084542837,0.0008044405550053265,-0.04836585101996631
2018-12-06,-0.0015233481015795478,-0.021863975507575066,0.007210991906713641,-0.07228221709643784
2018-12-07,-0.023596383238556007,-3.4573636348535195e-05,,-0.024933478397214326
2018-12-08,,,,0.0023932533385582345
2018-12-09,,,,0.03918819791456328
2018-12-10,0.0017606440003852311,-0.011634066906838741,-0.004320352347745566,-0.030451983069073398
2018-12-11,-0.0003564318930519869,0.004777488316304717,0.0022425125527799307,-0.01537551037643251
2018-12-12,0.005404856335625491,0.003408934448075365,-0.0020821662043245385,0.016992465656113957
2018-12-13,-0.0001999392643992198,0.015361083230638898,-0.004821610112469903,-0.044481925298753194
2018-12-14,-0.019271178750727643,-0.016844547612327187,,-0.02057027323185904
2018-12-15,,,,-0.0058982646099887785
2018-12-16,,,,0.005929054209264614
2018-12-17,-0.020992280594401735,-0.0014888316688103612,0.009779637062258633,0.08218381067411783
2018-12-18,8.640835809843542e-05,-0.010420421082791863,0.0022310766226804946,0.03945411007197463
2018-12-19,-0.015515478113209684,-0.011994561413765918,0.009111499869410875,0.0051936868116562295
2018-12-20,-0.01589779340309688,-0.007699902458882281,-0.00775934217681729,0.1002758741546037
2018-12-21,-0.020803200653483116,-0.012472237282455152,,-0.0568092281460879
2018-12-22,,,,0.0290476323360258
2018-12-23,,,,-0.005057668074379317
2018-12-24,-0.02748656592240741,0.00290065468063709,,0.020501313982519725
2018-12-25,,-0.006909471496249644,,-0.06771453538356267
2018-12-26,0.04840323899410944,-0.005067036796063456,0.018116437505302785,0.008258166092161985
2018-12-27,0.008526177791668824,-0.0038447850798072098,0.0014820017532484633,-0.05605347645557988
2018-12-28,-0.001242318591321125,0.006712060872169996,,0.07379328565256985
2018-12-29,,,,-0.04091263463374676
2018-12-30,,,,0.028771694006020976
2018-12-31,0.008456582977787399,,,-0.02807052626337087
2019-01-01,,,,0.026601557949272724
2019-01-02,0.0012677203464647186,-0.013748943627228156,0.00915515743645291,0.01676424100367962
2019-01-03,-0.025068276263535243,-0.001583990571113351,-0.006975150344502969,-0.02448547311797852
2019-01-04,0.03375937831872888,0.02367497102412801,,0.0059608764357889435
2019-01-05,,,,-0.004559779121130557
2019-01-06,,,,0.05616727454339669
2019-01-07,0.006985975834124729,0.006052394681861487,7.776956880708571e-05,-0.004555702497505385
2019-01-08,0.009648598495866724,-0.0021632260156508655,0.0047325430661539,-0.0037451815194586703
2019-01-09,0.004089652304170427,0.010048760894095994,-0.0035667247240316244,0.0017612282826660478
2019-01-10,0.004508267632578381,-0.0018825692380513182,0.0016298657028839406,-0.09881808499390747
2019-01-11,-0.0001463536754715011,0.00716342177961698,,0.0035456118693253536
2019-01-12,,,,-0.005350942248975107
2019-01-13,,,,-0.030196723895589545
2019-01-14,-0.005271432420136155,-0.008762648238325736,-0.0008534078643556445,0.04150252618608499
2019-01-15,0.0106646417681244,0.01943645276620025,0.004182486152841167,-0.0185318921838468
2019-01-16,0.002219501906088628,0.00021097586002980133,-0.0011600480787393494,0.004665269031677674
2019-01-17,0.007562782854258203,-0.005522387982267904,-0.007534308816383219,0.010645476447952893
2019-01-18,0.013096912647036883,0.018074920503838153,,-0.005752228250201073
2019-01-19,,,,0.01982655493031441
2019-01-20,,,,-0.03753851363985456
2019-01-21,,0.005499076624623633,,-0.0015821447007068128
2019-01-22,-0.014258454363476867,-0.013373644566519828,0.0010909375351439447,0.012196643999330565
2019-01-23,0.002200471333308696,-0.0007224272596064109,-0.0032763895445466376,-0.005208928547113469
2019-01-24,0.0013747320396555432,0.005628738175841233,0.014197841193588823,0.0035875483417510457
2019-01-25,0.00845289360249617,0.008099993050780028,,-0.0006436897637699525
2019-01-26,,,,-0.00030799815444582514
2019-01-27,,,,-0.004293839474423958
2019-01-28,-0.007877809121115848,-0.00021670003617943419,0.008285432898724864,-0.032238731592200344
2019-01-29,-0.0014572709979783426,0.0031954870200165734,0.005029731682673826,-0.008166167639168135
2019-01-30,0.015429591679246102,-0.008012679511130574,0.007346569945393482,0.01314966291561858
2019-01-31,0.008560630907940894,0.010408077491840053,-0.002342009909689866,-0.006611402612702009
2019-02-01,0.0008982318744328292,0.014194621052603537,,0.008892036982188942
2019-02-02,,,,0.00992777578990523
2019-02-03,,,,-0.01246855960226065
2019-02-04,0.006753348935356753,,-0.002195889270661788,0.0010690707327172726
2019-02-05,0.004697431279443067,,-0.0036452045223308092,0.0016158821613867522
2019-02-06,-0.0022269728784431774,,-0.00015217225929086916,-0.018654054083232
2019-02-07,-0.009401171920809304,,0.0032666113295737958,-0.0019406063132238946
2019-02-08,0.0006760338865466208,,,0.0748287883253291
2019-02-09,,,,-8.193251496435069e-05
2019-02-10,,,,0.004795388187860122
2019-02-11,0.000708790508255086,0.018026478882587203,-0.003418806748785609,-0.012912582979077741
2019-02-12,0.012807878037835878,0.0071932458289255905,0.0008367883033634199,5.506759548727155e-05
2019-02-13,0.0030194138361176875,0.019827119578815833,-0.0009128947001426213,-0.005660262230282392
2019-02-14,-0.002655145628696972,0.0015031249291077603,0.006221567868274481,-0.005247024156166243
2019-02-15,0.010819962367806283,-0.018823135724961238,,0.003362375168404083
2019-02-16,,,,0.0033511074772560358
2019-02-17,,,,0.013020373476748491
2019-02-18,,0.03155717579704081,,0.06134035530528171
2019-02-19,0.001497652997307533,-0.001780592597210491,0.01932644422817302,0.004686128186799302
2019-02-20,0.001775554608288014,0.0035754020507433077,-0.015024388459165079,0.01473393207997848
2019-02-21,-0.0035326446287138233,-0.0026745429771607636,0.0037585551275193265,-0.009053039450316705
2019-02-22,0.006390624438174243,0.022236127999249938,,0.0072388885798556155
2019-02-23,,,,0.03839395085079581
2019-02-24,,,,-0.09280869991277928
2019-02-25,0.0012310380564024776,0.05777373381153839,-0.003231506212710053,0.020688848186008302
2019-02-26,-0.0007906963011304784,-0.012082416477338733,-0.005510071683233538,-0.006122468104383671
2019-02-27,-0.0005441904227899106,-0.001711240822422538,-0.0038675966763567454,0.001127883763942786
2019-02-28,-0.0028295460586895897,-0.0024551712442826656,-0.012924127432864354,0.0005241639704873476
2019-03-01,0.006871673980360752,0.02165851845310052,,0.0013877072332346392
2019-03-02,,,,0.0003139306762210385
2019-03-03,,,,-0.0035636649092049438
2019-03-04,-0.0038881492742662512,0.011768724913293477,-0.01122346236984954,-0.02487703699805337
2019-03-05,-0.0011321175028613038,0.005758145555776511,0.002254792387089083,0.03732062172121846
2019-03-06,-0.006545490992497904,0.008371547175655868,-0.0011656371526119424,0.0015025520300519259
2019-03-07,-0.008158903888960062,-0.010249614997104752,0.010211274616649611,0.003127385239798259
2019-03-08,-0.0021340139198386563,-0.04052557976931822,,-0.0023769550010595553
2019-03-09,,,,0.020076984833439775
2019-03-10,,,,-0.0074050850500525746
2019-03-11,0.01455954294099511,0.019593102203228616,-0.0009240009897419186,-0.011534390289206541
2019-03-12,0.0029489762744178273,0.006786661186856559,0.008590986334758808,0.004048327538184671
2019-03-13,0.00692558154704747,-0.008332111405510772,-0.010904731004166082,-0.005392796029353052
2019-03-14,-0.0008684201706034471,-0.006924750278194517,0.006004636979344538,0.0035898335319347304
2019-03-15,0.004972519373935739,0.012499658949294532,,0.011610602922323856
2019-03-16,,,,0.0207050911034337
2019-03-17,,,,-0.006234449768225193
2019-03-18,0.003699110562037016,0.028103303287160222,0.002759256751781226,0.0021827222434611378
2019-03-19,-0.00013061489628502955,-0.004629378878897755,-0.003680703488252463,0.006694000418321362
2019-03-20,-0.002948665691828101,0.00038594936197661623,0.004292839095399644,0.006006322194294865
2019-03-21,0.010794049627223466,0.00037798166065925213,0.0038173813344265896,-0.014707247173642964
2019-03-22,-0.01915685423505291,-0.0008056642015624652,,0.002057046105783201
2019-03-23,,,,0.003027689385152399
2019-03-24,,,,-0.0019506833575145658
2019-03-25,-0.0008394251681050246,-0.0240144686448772,0.0020553427096240634,-0.014549470569617688
2019-03-26,0.007157105194891676,-0.011390278278242095,-0.003504231513059871,0.0014721188475464557
2019-03-27,-0.0046551989086819415,0.011539886492012022,-0.01159010556259475,0.02477426473496076
2019-03-28,0.003583117299404196,-0.0040124307859506474,0.002467423566592966,-0.0039914274601781895
2019-03-29,0.00671171968568772,0.037879788271755865,,0.018849447081736522
2019-03-30,,,,0.002337473672029851
2019-03-31,,,,-0.002313096805674672
2019-04-01,0.01150218150005278,0.02589655400365487,-0.002390224353986351,0.010379121716575212
2019-04-02,1.7438524840564605e-05,-0.0006645505340715587,-7.7199212606518e-05,0.15896748086825777
2019-04-03,0.0021461030004631186,0.01272809281638654,-0.0007723200878178424,0.022263841859937548
2019-04-04,0.0020824685638528733,0.009913012146137885,0.001003899848781805,-0.013433355352711531
2019-04-05,0.004625683691842571,,,0.02175095333558528
2019-04-06,,,,0.007159650328476908
2019-04-07,,,,0.024933286362103575
2019-04-08,0.0010469016298636597,-0.0012316091543096263,0.009754676219656238,0.013744601524885937
2019-04-09,-0.00608595272610467,0.004475787843800844,0.004271229130946026,-0.01668691878501471
2019-04-10,0.003471834314499749,0.002553522403825479,-0.01580272222657793,0.028550982894841537
2019-04-11,3.808514800869783e-05,-0.02184060696850315,0.0014680319422268196,-0.05522970887303009
2019-04-12,0.006587632286936534,-0.002243871618400822,,0.006271852886848377
2019-04-13,,,,-0.0004749653760375678
2019-04-14,,,,0.016296278805894907
2019-04-15,-0.000629624362145833,-0.0032897492546605377,-0.013994941522798465,-0.0201637581656323
2019-04-16,0.0005092350573861668,0.027359542906838775,-0.0003132341450826748,0.029101650290190045
2019-04-17,-0.0022763638303940604,0.00035482557025077067,-0.0006267627908091156,0.005274720580683266
2019-04-18,0.0015778199046987368,-0.0037160002169135185,,0.01077065697165825
2019-04-19,,0.011847285233664148,,-0.004511844085504365
2019-04-20,,,,0.009343732518870043
2019-04-21,,,,-0.00886683804657648
2019-04-22,0.0010115259764941317,-0.023324758471727696,-0.0021967684967973623,0.0194903338724671
2019-04-23,0.008802364401891406,-0.001640848537484885,0.004857801608099527,0.03037541397282107
2019-04-24,-0.0021941919046150143,0.002753104570320159,0.00023445742751289619,-0.017571284498792288
2019-04-25,-0.0003690150415501984,-0.022146162627902005,0.00708587741921435,-0.038876581517320236
2019-04-26,0.004674363485904015,-0.013421066236018436,,0.016978918266799488
2019-04-27,,,,-0.006133943240025403
2019-04-28,,,,0.006888617539564024
2019-04-29,0.0010708986882482718,0.0028396855890284833,-0.002408235772561392,-0.012773844365336516
2019-04-30,0.000950948132916521,0.0032968441106726826,-0.0011673607302551871,0.01625682366557428
2019-05-01,-0.007530412649501567,,-0.009545491459880618,0.011845070766941683
2019-05-02,-0.002126258023403761,,0.007284722615462924,0.02015144490633983
2019-05-03,0.009592170641481537,,,0.048497150294255706
2019-05-04,,,,0.01105402842031943
2019-05-05,,,,-0.009650422135313922
2019-05-06,-0.0044810396666553265,-0.060190609487057345,0.0033503479077723847,-0.0051736226510054615
2019-05-07,-0.01664951500981834,0.009736360030371979,-0.00327230521838146,0.01800886991590755
2019-05-08,-0.0016066713268179022,-0.01440443523113488,0.002961118036782177,0.023785306840157776
2019-05-09,-0.0030260155887187833,-0.01864881570707284,0.001710332376812234,0.03303588932733927
2019-05-10,0.0037134177564540913,0.03567836115421021,,0.030930710619574045
2019-05-11,,,,0.11862480118744174
2019-05-12,,,,-0.02899653596557121
2019-05-13,-0.024426544706444165,-0.016683316679156582,0.006889371987481674,0.11115630924396226
2019-05-14,0.007984060207655182,-0.006448036254104657,0.0011564705810709719,0.02387364500634515
2019-05-15,0.005821977020810247,0.022230251436693806,-0.008978388486305253,0.02104142186791872
2019-05-16,0.008855919648712162,0.004516106483631396,-0.008197087156518382,-0.036520982709550544
2019-05-17,-0.0058544236531281706,-0.025756490950546974,,-0.06729475727263223
2019-05-18,,,,-0.013254104204104541
2019-05-19,,,,0.11616308138965512
2019-05-20,-0.006772240853415355,-0.008524041676251221,-0.0019616311363065465,-0.023806365399915708
2019-05-21,0.008459904713623807,0.013450550572702084,0.0007851142744500323,-0.00440374148352009
2019-05-22,-0.0028283616990028514,-0.00475660259114804,0.008751423254798092,-0.03785624844601852
2019-05-23,-0.011985681943016436,-0.018088955816228772,-0.0014013237014841506,0.027946394435278916
2019-05-24,0.0013526195784275823,0.002772411975473591,,0.014916027832973409
2019-05-25,,,,0.007163649950638481
2019-05-26,,,,0.07240699007234086
2019-05-27,,0.011973408558029952,,0.014939640610425181
2019-05-28,-0.008410890934652838,0.009593121482207626,-0.002027607338967532,-0.005012484459753042
2019-05-29,-0.006935955517473813,-0.0022763931604050983,0.008859932053609087,-0.00788988261352963
2019-05-30,0.0020962411748005594,-0.006223078252227522,0.014365524555012704,-0.04444072461682885
2019-05-31,-0.013283188023120184,-0.003133009575553198,,0.034037343581443176
2019-06-01,,,,-0.0014733398362096533
2019-06-02,,,,0.021176757975921716
2019-06-03,-0.00276903157185015,0.0006114186755788103,0.013334541091906108,-0.07168387791107905
2019-06-04,0.02120590232217955,-0.009277458915253807,0.0036810318393220446,-0.055585675845372454
2019-06-05,0.00812876850064147,-0.0003780098383157753,0.006800459642078364,0.01210521358192741
2019-06-06,0.006116809555866062,-0.009056457019030972,0.002529010571384843,0.0007453097235266496
2019-06-07,0.01044294522456708,,,0.025403868328057765
2019-06-08,,,,-0.010549869354269154
2019-06-09,,,,-0.034297020291496616
2019-06-10,0.004649257428952238,0.01283844922096306,-0.01113073158310307,0.04517243901319368
2019-06-11,-0.00034993807146250003,0.029617363677468235,0.004197907214239658,-0.012572760383455152
2019-06-12,-0.0020396984988729416,-0.0076055845554518706,0.00514830460018022,0.030599537394598517
2019-06-13,0.004089078171241749,-0.0015481621043288184,0.0005951938275551952,0.010506392471430086
2019-06-14,-0.001612842169983723,-0.008313093579849114,,0.05181572755125299
2019-06-15,,,,0.017906893420771244
2019-06-16,,,,0.01687803778735173
2019-06-17,0.000931335703024821,-1.6416542402959227e-05,0.004600779857799147,0.03898465911727053
2019-06-18,0.009670462557011119,0.0034961059530988067,-0.0014076683191274893,-0.02589359531779365
2019-06-19,0.002980730141062033,0.013088724091147416,0.03504018748591425,0.019066895247438223
2019-06-20,0.009427615127716307,0.029846631108189754,0.002288166890374289,0.027872508117552444
2019-06-21,-0.00126002618014856,0.0014146895132741448,,0.06727657338895808
2019-06-22,,,,0.05191347868023358
2019-06-23,,,,0.01622697363090595
2019-06-24,-0.0017334348561240606,0.001910046038737154,0.013197296694060192,0.013607884236558362
2019-06-25,-0.009541702315563342,-0.010457296921113626,-0.0023287826762554177,0.06683357974605181
2019-06-26,-0.0012347459021461497,-0.0018378969948000814,-0.002405037588496969,0.10090688353127684
2019-06-27,0.003815922557317216,0.010614650431399735,0.0012032418197995092,-0.14612254984118844
2019-06-28,0.005740911810813222,-0.002409793853496681,,0.09470757796410549
2019-06-29,,,,-0.04134560494524749
2019-06-30,,,,-0.09581759445362004
2019-07-01,0.00764299557558019,0.028404001917679424,-0.004040123154999203,-0.01884806113274449
2019-07-02,0.0029238703472561083,0.000345485448591896,0.009120215926042006,0.020445881787169152
2019-07-03,0.007643076127192919,-0.011145989960899962,-0.014746811020150132,0.09374092906594855
2019-07-04,,-0.005260981177587326,,-0.06399192859077499
2019-07-05,-0.0018074819954691978,0.005176221592961067,,-0.01743119049632714
2019-07-06,,,,0.02678434435261446
2019-07-07,,,,0.013040270486444005
2019-07-08,-0.004847185993376031,-0.023496433712237627,0.00028565307628374193,0.07073103886736305
2019-07-09,0.0012358159804265049,-0.0025434720765215033,0.008531868320432867,0.02330498590815186
2019-07-10,0.004500484767317741,-0.0016860451468861317,-0.004114648256945621,-0.03496204310854574
2019-07-11,0.0022826717159195975,-0.00040148125991610234,0.003902236318596245,-0.06554200256401962
2019-07-12,0.0046094985236418,0.006191790862731726,,0.03634339835355273
2019-07-13,,,,-0.03435283963540374
2019-07-14,,,,-0.10813213415793295
2019-07-15,0.00017584401022740885,0.004050879909933546,-0.0007083658297196672,0.06138960422369254
2019-07-16,-0.003409581359505424,-0.004547231473586017,0.008537712824052612,-0.1404426154376561
2019-07-17,-0.006552626285154946,-0.0005780741882694428,0.0033667703823078176,0.031170269449181266
2019-07-18,0.003575535665450798,-0.009570866293074323,-0.0009808043381186347,0.09117655651603745
2019-07-19,-0.006195889687754784,0.010443104479893118,,-0.007529638032204851
2019-07-20,,,,0.02385360455557558
2019-07-21,,,,-0.010426674347586679
2019-07-22,0.0028247279603128136,-0.00692525733250602,-0.003510746479116416,-0.028581623597814163
2019-07-23,0.006824164701727632,0.0021739167707678663,0.0013355359943851553,-0.05161431640306484
2019-07-24,0.00467716366089344,0.007863646899881215,-0.006271380171148928,-0.008571626136991162
2019-07-25,-0.005276251069020221,0.008145112754016482,0.0032462978403233495,0.0142790128105673
2019-07-26,0.007360474259664691,0.0019456167514669775,,-0.011559419378685128
2019-07-27,,,,-0.035080784679238454
2019-07-28,,,,0.024527892096392487
2019-07-29,-0.001617376729950298,-0.0011150238940541646,0.015728540665266147,-0.015216232511544485
2019-07-30,-0.002581972383093503,0.004155566339940884,-0.002778165420707026,-2.0875083501009725e-05
2019-07-31,-0.010945190319276599,-0.009073888318819308,-0.003762808425493431,0.05100099745354329
2019-08-01,-0.009039586726804723,-0.008349494690915685,0.017371280100369643,0.029129222077303528
2019-08-02,-0.007309385354454939,-0.014840867759386235,,0.01340683523006446
2019-08-03,,,,0.0277110692617418
2019-08-04,,,,0.010933291440459373
2019-08-05,-0.03023016208358668,-0.019332070049603373,0.018153267311385824,0.0775901740742447
2019-08-06,0.012933013700777157,-0.010765938870273386,0.023571235777437166,-0.02883746271318993
2019-08-07,0.0007665958837026665,-0.004105955813665704,-0.006668672166576966,0.04537952773982453
2019-08-08,0.018588425780336086,0.013129207401002575,-0.0006626905477776831,0.01468287723624537
2019-08-09,-0.006638529760062074,-0.009793555317656926,,-0.008385068114449867
2019-08-10,,,,-0.06627703291302504
2019-08-11,,,,0.017756481189742813
2019-08-12,-0.012393825636975902,0.0178849192760353,0.0037054234152105385,-0.010737116167129157
2019-08-13,0.015018305968787296,-0.00905659394344809,0.009007589092932986,-0.04499325315157457
2019-08-14,-0.029730363473091367,0.004531760645843127,0.002222949591430496,-0.080598269620355
2019-08-15,0.002461236782690441,0.0031451682561536294,-0.004975786094240912,0.024961006622569306
2019-08-16,0.014323116131046663,0.004467536811196349,,0.0031203087480794643
2019-08-17,,,,-0.011433589089265879
2019-08-18,,,,0.009215487900408144
2019-08-19,0.012033185301994735,0.021476158102032718,-0.005198577166837618,0.05636781369448665
2019-08-20,-0.0079462520811493,-0.0008866816259358183,0.0,-0.014596373311359071
2019-08-21,0.008213006299499564,-0.0015773853292233974,-0.004761598838495485,-0.058511669578555754
2019-08-22,-0.0005062096294763871,0.003102202145445344,0.019106979616912108,-0.0036055653611208895
2019-08-23,-0.026288935558066755,0.007183816289816898,,0.02768832611936466
2019-08-24,,,,-0.02511864690340854
2019-08-25,,,,0.0005230099836498373
2019-08-26,0.01092319117394898,-0.014485996256032647,0.00919278824382085,0.022967544751164734
2019-08-27,-0.003208331880684989,0.013462142470310266,-0.0017414303475315938,-0.01819417204105635
2019-08-28,0.00652414118680143,-0.003771890664389813,-0.007906716499050908,-0.045744183422497545
2019-08-29,0.01260743543874108,-0.0032636339563747916,-0.004891899003141511,-0.024808248194445815
2019-08-30,0.0006426208211523476,0.002477016410548916,,0.009897126351219957
2019-08-31,,,,0.000938487435798986
2019-09-01,,,,0.013962356228514293
2019-09-02,,0.012743523254569922,,0.06172861979670736
2019-09-03,-0.006923029401107576,0.0013736818776211904,0.020066697022376602,0.02514313479846287
2019-09-04,0.010783722026351545,0.008369979648614956,-0.022619973475777166,-0.004164213661335831
2019-09-05,0.012925922894213253,0.010067525618263105,-0.006576807658866484,-0.00012301810747434485
2019-09-06,0.0009102039182753089,0.005890415986099523,,-0.024680073513699306
2019-09-07,,,,0.014617215154937694
2019-09-08,,,,-0.005588614951028992
2019-09-09,-9.400484131865216e-05,0.006170599245258103,-0.010813785013700124,-0.009057700566210273
2019-09-10,0.00032226552944139824,-0.0034517526874770026,0.002664536615097829,-0.019947365677927507
2019-09-11,0.007203659050794233,-0.007392268267327231,0.0027901433101140474,0.005634540437608761
2019-09-12,0.002874970784836015,0.010700540444623445,-0.005254593220305756,0.024552201329157797
2019-09-13,-0.0007246184436619995,,,-0.007033732966193087
2019-09-14,,,,-0.0004642301117251844
2019-09-15,,,,-0.0024989358632037514
2019-09-16,-0.0031405356059661417,-0.0036973094160976743,0.009227056071357561,-0.005445630222143396
2019-09-17,0.002578428587944307,-0.016945368739511545,0.0015845771175074402,-0.005848084262082302
2019-09-18,0.00034262353493549175,0.004835101006941372,-0.006353429710677387,-0.003045129167870932
2019-09-19,1.995503465594414e-05,0.003650542827635376,0.005891520698538232,0.00840555127262464
2019-09-20,-0.004907608960300919,0.0028676754982601945,,-0.007618823331724926
2019-09-21,,,,-0.0178228136711155
2019-09-22,,,,0.0038552628076936463
2019-09-23,-9.692756343391435e-05,-0.011497243423408151,0.016430834739360092,-0.03338744677046426
2019-09-24,-0.008452012089671584,0.002674628827897986,-0.01828060734845499,-0.13065254194048087
2019-09-25,0.006139678900037132,-0.007745732917853233,0.0019157726751190594,-0.009618692972385424
2019-09-26,-0.0024318711052058748,-0.007738507417580179,-0.005824745088871072,-0.044696519569868406
2019-09-27,-0.005330508411847584,0.0029920256691871013,,0.014906083843334066
2019-09-28,,,,0.002879209474955152
2019-09-29,,,,-0.019609918814424563
2019-09-30,0.005034926684707536,-0.009943763966238573,-0.011617944658933744,0.028801873328785182
2019-10-01,-0.012334130226057026,,0.012613200687741051,0.002218605841609975
2019-10-02,-0.01806544138860686,,0.003905091503317018,0.007367974388421271
2019-10-03,0.007940382236732714,,-0.0005947071242776653,-0.016539464482972353
2019-10-04,0.0141167416692291,,,-0.009624501774190627
2019-10-05,,,,-0.0025560061594991634
2019-10-06,,,,-0.030659773523080885
2019-10-07,-0.004488362257589361,,-0.00596660481322191,0.039394416429488766
2019-10-08,-0.015683166513284146,0.006050558106823558,0.005900504406680243,-0.0019167969730442015
2019-10-09,0.009063350218850439,0.0014477434919588537,-0.007897310181978602,0.045835983262548896
2019-10-10,0.006395208846051041,0.008136994421028427,-0.008161672279257503,-0.0005137486247624696
2019-10-11,0.010879533213144676,0.009526976122051481,,-0.03500039377119916
2019-10-12,,,,0.004417042940140658
2019-10-13,,,,-0.0027613834101851173
2019-10-14,-0.0013880421740668583,0.010555764468023806,-0.0034990951521350904,0.008632558958794022
2019-10-15,0.009906435272235942,-0.00430700242070961,0.007052925961886084,-0.02253053749619733
2019-10-16,-0.0020015477739079852,-0.003450850485295526,0.0028740453563358185,-0.020634592442791016
2019-10-17,0.002759018658342625,0.0006447576711878128,-0.0028071131920594334,0.009070780199277607
2019-10-18,-0.003927045645713622,-0.014328113130112537,,-0.015579089010365789
2019-10-19,,,,0.0011065147176345543
2019-10-20,,,,0.03289400251643586
2019-10-21,0.0068481074978751595,0.002957337560038659,-0.0044271604372542106,-0.0018500942495687414
2019-10-22,-0.0035750557426104746,0.0038679594356627292,0.0054974662454961515,-0.021774795639410108
2019-10-23,0.0028430935856431803,-0.006386046608170533,0.00599921809955145,-0.07152721694610248
2019-10-24,0.0019185981834693214,-0.0001059192044133123,0.00039867110162589077,-0.007288769625653351
2019-10-25,0.0040644263323678705,0.006725518626737745,,0.15397552606201498
2019-10-26,,,,0.06400565336497822
2019-10-27,,,,0.03187869224837989
2019-10-28,0.005565861774647979,0.007618227447994214,-0.009746405590073611,-0.03441695739535374
2019-10-29,-0.0008327422880678223,-0.004175168950076346,0.004016876258716836,0.02192530828648102
2019-10-30,0.0032480476180495634,-0.0048708927727663,0.01202073249253828,-0.027294200198058238
2019-10-31,-0.00302745151380397,-0.001151970176170855,-0.0022470434410201533,-0.0005789028314916662
2019-11-01,0.009615978507102713,0.01674712637946819,,0.008431890763181845
2019-11-02,,,,0.007609031514909411
2019-11-03,,,,-0.011060229835277349
2019-11-04,0.003697210802720748,0.006488886662135988,-0.018497405629871618,0.021307952825583846
2019-11-05,-0.001186434481407325,0.0061872685929501795,0.006315527575870191,-0.009151620491706338
2019-11-06,0.0007022791848279718,-0.00448941561695525,-0.018044078007122794,0.003013455579925968
2019-11-07,0.0027264069235454487,0.0017525939233894723,-0.002389650541454795,-0.012433897206195582
2019-11-08,0.002557355729783027,-0.004735798969726966,,-0.04948319983970086
2019-11-09,,,,0.002991579178899457
2019-11-10,,,,0.026042175017980822
2019-11-11,-0.001964373318799635,-0.017783629897012973,-0.006308736551761285,-0.03374969376250483
2019-11-12,0.00156339803808006,0.00018189573837692306,0.006582128666101578,0.008627079917563386
2019-11-13,0.0007112973716774344,-0.000950834743015415,0.006878496150332497,-0.00335309509023713
2019-11-14,0.0008367430830954413,0.0015065646009067987,-0.003331183610038465,-0.013976139397500196
2019-11-15,0.007666003452600061,-0.007393117273752109,,-0.0215792472705009
2019-11-16,,,,0.0024744321434374485
2019-11-17,,,,0.0014699745695455665
2019-11-18,0.0005030044207048551,0.007922949800201994,0.00394182921709932,-0.036060420362007614
2019-11-19,-0.0005927388069818729,0.00995810886387801,-6.783110058555988e-05,-0.007667839527404199
2019-11-20,-0.003763265763221234,-0.009976021320584661,-0.007216315610136786,-0.005712542466163237
2019-11-21,-0.0015840312391350534,-0.004683585008251484,0.0,-0.05996506013488808
2019-11-22,0.002172573969691297,-0.010235773685999669,,-0.04771246666879702
2019-11-23,,,,0.0070701690729583
2019-11-24,,,,-0.056075550624809366
2019-11-25,0.007479298726807982,0.007303156085140395,-0.0022572600986259773,0.027194827033609145
2019-11-26,0.002193123145604235,0.0034595252435720425,0.00034233679427820256,0.006611409111489833
2019-11-27,0.004165779003972946,-0.004127582215759026,0.00811321989141255,0.04741439007962845
2019-11-28,,-0.0034427890587137955,,-0.011233741348853677
2019-11-29,-0.004019317171346202,-0.008745376549236796,,0.041668849270142624
2019-11-30,,,,-0.025653333275793038
2019-12-01,,,,-0.02010373535489776
2019-12-02,-0.008668527546202967,0.0019283137931565629,0.00791319945432615,-0.013365652943512187
2019-12-03,-0.006660171838373699,0.0039104269209061845,-0.0028334364230765898,-0.0008773132845091992
2019-12-04,0.006303638685847347,-0.00032983115281527714,0.001957277984550698,-0.012058478641907221
2019-12-05,0.0014991519920369975,0.007643797616108898,-0.012210992240649542,0.026679935777148004
2019-12-06,0.00909425204036833,0.005918994374528634,,0.017629391610506508
2019-12-07,,,,-0.0026459790595918507
2019-12-08,,,,0.00179577442790055
2019-12-09,-0.0031678491662223223,-0.0017799805670163332,0.002045548238147291,-0.022661955553778017
2019-12-10,-0.0010975548602935618,0.0012647789028740356,0.004688942028505549,-0.01646201037918275
2019-12-11,0.0029039810658439487,0.000607448568171012,-0.0018321859025573998,-0.00383558699773089
2019-12-12,0.008538608499854607,-0.0030100987986116687,0.006026766168094905,0.0
2019-12-13,7.258531539142115e-05,0.019646297378049293,,0.006526932845184176
2019-12-14,,,,-0.0243315574786908
2019-12-15,,,,0.006713937939348374
2019-12-16,0.007122391651237605,0.0048593757832243074,-0.000405159030459699,-0.03207230423780854
2019-12-17,0.0003352146109771036,0.01351313008471005,-0.0012840876295561199,-0.04294575652073602
2019-12-18,-0.00043235386016704703,-0.0022341728614900256,0.0038473268070008102,0.09549848780254178
2019-12-19,0.004449308599583262,-0.0013970346927766374,-0.002360639142984902,-0.01530341813988666
2019-12-20,0.004932641459037748,-0.0024613408080187997,,0.004303058464338154
2019-12-21,,,,-0.005601787149785998
2019-12-22,,,,0.04636374985316031
2019-12-23,0.00086575659030548,-0.012562239759530705,0.01600998794336283,-0.023350095188978934
2019-12-24,-0.00019542791796535865,0.0064974613200350665,,-0.007470341982723246
2019-12-25,,-0.0005235582540564129,,-0.006002874557547363
2019-12-26,0.005115053182071611,0.008761591113398704,0.008799553951848841,-0.0019257818181088028
2019-12-27,3.395098404170214e-05,-0.0009840930612956438,,0.007020191068853673
2019-12-28,,,,0.00820126380797795
2019-12-29,,,,0.010326880279052786
2019-12-30,-0.0057976021775765895,0.01470966813892251,0.003288178682788984,-0.018514373301751576
2019-12-31,0.0029416937024937355,0.0036560608379529206,,-0.009046831010148837
2020-01-01,,,,0.0004723468780949037
2020-01-02,0.008343874454693168,0.013495468386087764,0.0190543888732931,-0.03286853181044043
2020-01-03,-0.007084909578083601,-0.0017548093014853469,0.0,0.052576380740854974
2020-01-04,,,,0.004578843453957627
2020-01-05,,,,-0.0005830785355002556
2020-01-06,0.003527166358322553,-0.0037852372775481944,0.010508875387385158,0.051109486380261346
2020-01-07,-0.002807144942889736,0.007462460124153688,0.0034997331384468843,0.04985072121151614
2020-01-08,0.004890437358736847,-0.011583015069720355,-0.008996710866370473,-0.011853141803597618
2020-01-09,0.006633244037575673,0.012577657536941334,-0.0037887346653605724,-0.02731901753009485
2020-01-10,-0.002859307305046252,-0.00028579834599605,0.003724638264351496,0.043014834840716415
2020-01-11,,,,-0.02011023161195551
2020-01-12,,,,0.020171301433100957
2020-01-13,0.006952059592316183,0.00975486899732629,-0.0061079689683450995,-0.009350335010963667
2020-01-14,-0.0015156867317727837,-0.0033595937187734354,-0.00387697564969511,0.08479393066864208
2020-01-15,0.0018684086233433153,-0.005542925081510483,0.006067274792429293,-0.00123530260785865
2020-01-16,0.00833174163220134,-0.004254573343049076,-0.0022547923870890937,-0.010418898252955574
2020-01-17,0.00385470571772163,0.001399344391141593,0.006300650906632882,0.02111189522846071
2020-01-18,,,,0.0003589576805005859
2020-01-19,,,,-0.02384564680429689
2020-01-20,,0.007428685064066208,-0.0015393499287534244,-0.007412949481487898
2020-01-21,-0.002655476937142426,-0.017233870789841923,0.0,0.01044068306037764
2020-01-22,0.00028904605969510904,0.004273469318256041,-0.000770564476579366,-0.006214446428860483
2020-01-23,0.0011403144471457103,-0.031475724049081506,0.0055731863289340275,-0.03201003820904473
2020-01-24,-0.009083268789936675,,0.004143696363454425,0.004131795726686758
2020-01-25,,,,-0.011715415703194922
2020-01-26,,,,0.031413724455520424
2020-01-27,-0.015855725118383686,,0.003492843229698169,0.029622639345518096
2020-01-28,0.010003350352589398,,-0.0048296992711773425,0.05600046680622186
2020-01-29,-0.0008672232910484065,,0.00038214126953802803,-0.008395761506768894
2020-01-30,0.0031294538629889324,,0.010199968060998862,0.022163810981088026
2020-01-31,-0.01786447639264373,,-0.0010090181848703174,-0.016779842591694193
2020-02-01,,,,0.0034702421815860983
2020-02-02,,,,-0.004990259601200336
2020-02-03,0.007228455862910543,-0.0820869713028323,-0.0034129725962399574,-0.004111322646984103
2020-02-04,0.014869265218066252,0.026033046289541395,-0.017112990255015784,-0.01110852125033886
2020-02-05,0.011187822882933645,0.011265956404601776,0.004754570766079645,0.044451289667374466
2020-02-06,0.0033201287296620923,0.018439223780643103,0.00454066587712738,0.01652964306192518
2020-02-07,-0.005415470514539197,2.3077958627396613e-05,0.002167124310443115,0.004757392615909014
2020-02-08,,,,0.007801562337495127
2020-02-09,,,,0.025541369471260796
2020-02-10,0.0072996521623710205,0.004130059044453116,0.0038129176850335246,-0.029733865586697314
2020-02-11,0.0016870749056512096,0.009264891582025061,-0.005980041995476809,0.03738809068028249
2020-02-12,0.0064418675537450355,0.008056095751872112,0.001020408251805457,0.008585164083806746
2020-02-13,-0.0016317734419649113,-0.0061704425829259574,0.004769332750360227,-0.008037877536326881
2020-02-14,0.0018418447338326407,0.006998323656181289,0.00474669414381548,0.009519667770994073
2020-02-15,,,,-0.042030424626287144
2020-02-16,,,,0.0024798399805131366
2020-02-17,,0.022242288757141352,0.012424078992039823,-0.02352186759475697
2020-02-18,-0.0029242515783095627,-0.004894950480093559,-0.0016226677716371246,0.04603074444236154
2020-02-19,0.004694788714441035,-0.0015291993676514136,0.004860125461727506,-0.05555916336457038
2020-02-20,-0.003822840477830947,0.022780473077198795,0.0053313622032795955,-0.0007287188404801213
2020-02-21,-0.010573815022893411,0.001164676439654321,0.0169812509636529,0.008513602071158954
2020-02-22,,,,-0.0029782547531049205
2020-02-23,,,,0.02929019901541367
2020-02-24,-0.034088046120521465,-0.004020613143738295,0.017116069026006594,-0.028565501286164974
2020-02-25,-0.030747925188099268,-0.002177628941524686,-0.015961790473740956,-0.03641095790123828
2020-02-26,-0.003785675340731014,-0.012402453999606782,-0.004015336659736111,-0.05707634256289253
2020-02-27,-0.04516817410065283,0.002907613075811262,0.0012793568408614345,0.0020773154488350804
2020-02-28,-0.00827244991427585,-0.03609893853084558,-0.04724797495932418,-0.013827499217044903
2020-02-29,,,,-0.017841458802124815
2020-03-01,,,,-0.0004331614413566851
2020-03-02,0.04501086517277787,0.03236850150152354,0.01777684010775849,0.04182944939640053
2020-03-03,-0.0285105302619053,0.005315518033974686,0.030627239516523443,-0.016234747666413127
2020-03-04,0.04133635094064169,0.0057735516033525615,-0.0008517369864553515,-0.00039955934844018666
2020-03-05,-0.034510725624696516,0.022034639075635697,0.01510146488142397,0.0339460819074342
2020-03-06,-0.01720100245462004,-0.016349804124321927,0.002634416563717997,0.008189063685839717
2020-03-07,,,,-0.02741174594137527
2020-03-08,,,,-0.1009845668744726
2020-03-09,-0.07901039484826664,-0.03475921608123999,0.0019712679242683767,-0.012663708639585861
2020-03-10,0.04821508053580021,0.02118927871015016,-0.009232679492937797,-0.005283059772032445
2020-03-11,-0.05010285683741073,-0.013389160414192703,-0.01090061057022541,0.00554774174558447
2020-03-12,-0.09994485184600743,-0.019430789763005208,-0.032175020681645114,-0.49727798909057785
2020-03-13,0.0888083564407466,-0.014172666753924475,-0.04738575560451877,0.1459411217424659
2020-03-14,,,,-0.07463293294872722
2020-03-15,,,,0.034812502010241254
2020-03-16,-0.12765214115647325,-0.04394428792521675,-0.02011255861919887,-0.06471867389517216
2020-03-17,0.0582262866907417,-0.0048833579173501625,0.02609449921797664,0.04492014624957181
2020-03-18,-0.05322233622142454,-0.019989938620602606,-0.031896701435601874,0.0188850046461197
2020-03-19,0.004696846277420959,-0.01305699243536139,0.0009468416776631226,0.1407977994935751
2020-03-20,-0.0443276347431585,0.017710281998688796,0.0035763727852564054,0.005380831093289872
2020-03-21,,,,-0.003082760783805838
2020-03-22,,,,-0.060659983406376364
2020-03-23,-0.029731491257259945,-0.034223284686507274,0.05440041164202979,0.10534505719857054
2020-03-24,0.08968315694821649,0.02649894688757616,0.05775362664609306,0.041736106111076705
2020-03-25,0.011468998674479099,0.026516225621142597,-0.016635682047394133,-0.009788881383499221
2020-03-26,0.06054382875166776,-0.006595204599378345,0.010838564363068322,0.006893491935652756
2020-03-27,-0.03426780802262948,0.003242395299715043,-0.015994480523405793,-0.05371371611433952
2020-03-28,,,,-0.0221630221596764
2020-03-29,,,,-0.05664614991943708
2020-03-30,0.03296661622145552,-0.009737122530810759,0.007418568096458127,0.08156684359577475
2020-03-31,-0.016142381973062482,0.0032743393288473524,-0.02963271615752205,0.003358459828743226
2020-04-01,-0.04514632872715227,-0.003010364657997298,-0.0032772450079689448,0.03463682385693169
2020-04-02,0.022572695703622976,0.016047072851279782,0.028992947772426562,0.024110104536851303
2020-04-03,-0.015252860231953606,-0.0057225492676835545,0.004222384879848261,-0.009544707666543322
2020-04-04,,,,0.017876929925342417
2020-04-05,,,,-0.012428535416072198
2020-04-06,0.06796823056768604,,0.027940160455192424,0.07938941993728053
2020-04-07,-0.0016043316629523077,0.022580453586721384,-0.0067926138548467015,-0.020265890758134893
2020-04-08,0.03348934524468995,-0.004665925629219196,0.0008964054743136748,0.02419960801635896
2020-04-09,0.01438343869822631,0.0032932165004115922,0.03855193287093145,-0.009856600528826458
2020-04-10,,-0.006249698006236416,,-0.06020712769236549
2020-04-11,,,,0.0006845873443923053
2020-04-12,,,,0.0072250666119806906
2020-04-13,-0.010155992507349275,-0.004232675506336994,0.005673855379493557,-0.011091116608916858
2020-04-14,0.0301144965504564,0.01911666140650868,0.005300818932695614,0.0014022584497834381
2020-04-15,-0.022276750679012372,-0.007435368622030554,-0.016912146719915942,-0.03291098212791815
2020-04-16,0.0057998589924373595,0.0013210980191736468,-0.003997340432620289,0.0665955071362044
2020-04-17,0.026440929079185473,0.009712358811337921,-0.018691037759688747,-0.007053154283543912
2020-04-18,,,,0.027338278888869923
2020-04-19,,,,-0.015034734249392934
2020-04-20,-0.018042794099790368,0.003631900728894147,0.007424464014345657,-0.04147795844645129
2020-04-21,-0.031155167779795462,-0.011854198913149913,-0.014844877392847063,0.0013161745099790974
2020-04-22,0.022671301062101197,0.0081936481354836,0.028836011532051706,0.03875687495421529
2020-04-23,-0.0005395641810268519,-0.0025113683198338143,0.0034674098540593418,0.051458473563400886
2020-04-24,0.013822111461719605,-0.008596146666669599,-0.005321622924419914,0.0020410484464019204
2020-04-25,,,,0.004865672113904891
2020-04-26,,,,0.018201076724017492
2020-04-27,0.014606871524449172,0.006771910484159291,-0.0067504911837330045,0.01127892357483807
2020-04-28,-0.005256139460119837,0.006877053975435729,-0.0011684974454103769,-0.0024624679655597223
2020-04-29,0.02623666320724924,0.004634425843374275,0.0016355143832623268,0.12414666035180628
2020-04-30,-0.00925511652526566,0.011710232394605792,-0.011269047532493082,-0.01631080016955173
2020-05-01,-0.028460220686828817,,0.003946869722595394,0.022074635936161234
2020-05-02,,,,0.016269845447934913
2020-05-03,,,,-0.009052370266862621
2020-05-04,0.0042408122145938705,,0.00726381261888084,-0.001216202670153884
2020-05-05,0.00899995218953805,,-0.0015771491922456243,0.014131150301698151
2020-05-06,-0.007003873398600344,0.006031490491523513,-0.013003625321058893,0.01657119077282032
2020-05-07,0.011438948664053582,-0.0028901680691537277,0.021850150248584686,0.08665617699463851
2020-05-08,0.016730758062550522,0.00981942374378546,-0.0069192356756805325,-0.017548211345237808
2020-05-09,,,,-0.025992124780214218
2020-05-10,,,,-0.08924983344715444
2020-05-11,0.00013310602938770966,-0.0008682703289119561,-0.009320387527233971,-0.018362277264922518
2020-05-12,-0.020713426598791537,1.5150711705015675e-05,0.005169184442552357,0.026908071784334967
2020-05-13,-0.017616955794106534,0.0020205619796916604,0.005608801803524785,0.05355593045293465
2020-05-14,0.01145891780407149,-0.010902790851224144,0.014173146747302549,0.050301266038768284
2020-05-15,0.003918692254435327,-0.00316405895988696,0.008807102563017446,-0.04822785808631089
2020-05-16,,,,0.0065784432987202315
2020-05-17,,,,0.03129781305723776
2020-05-18,0.031015221473356874,0.0025753836788432326,-0.012547791182362739,0.005461566305660252
2020-05-19,-0.010539757419425795,0.008462881572403387,0.006436803833479268,0.004368341647100917
2020-05-20,0.01651393441786152,-0.005329818090463651,0.0037167324142353586,-0.02706847970369626
2020-05-21,-0.007803935472623133,-0.0054605748367585385,-0.017386736200901556,-0.04882695931247718
2020-05-22,0.002350965520250863,-0.023193528540495858,0.007867224009700797,0.012145831669836477
2020-05-23,,,,0.000795783479888925
2020-05-24,,,,-0.050141190811541725
2020-05-25,,0.0013745562949152152,-0.017378601330315574,0.019289846067027456
2020-05-26,0.012214261971750162,0.01128277154239577,0.0,-0.006279366994863258
2020-05-27,0.014718492616296689,-0.007037775311255476,0.0029856884867209277,0.039536011085255854
2020-05-28,-0.0021101714760443074,0.002861507177007524,0.0053053615185498,0.039757410920058966
2020-05-29,0.004800767858804524,0.002690439434024838,0.013342387550839826,-0.015518551153040835
2020-05-30,,,,0.028007877613174675
2020-05-31,,,,-0.024829841505441513
2020-06-01,0.003744242117017055,0.026619384654588657,0.00022947622153349242,0.0748156010187097
2020-06-02,0.008177278702023465,0.003074832936088278,-0.00829450063843919,-0.06714530043259291
2020-06-03,0.013556655475681826,2.00822871723135e-05,-0.016269054714868683,0.01454586256659341
2020-06-04,-0.003374382935045795,-0.000366565237651919,0.012153941827992508,0.0130720815673527
2020-06-05,0.025874065601552972,0.004774893082019146,-0.025469717803764624,-0.016802965138888803
2020-06-06,,,,0.003979114924430499
2020-06-07,,,,0.007521078920815702
2020-06-08,0.011969668235859062,0.005160047345194557,0.012668888364634532,0.0036167145799368364
2020-06-09,-0.007829755338198062,0.006216419117566227,0.010009156112751438,-0.0009311035271877225
2020-06-10,-0.0053272433765708446,-0.0018103715463193989,-0.0008739985989710731,0.011197413356664576
2020-06-11,-0.06075275919869289,-0.01090907691301034,0.01112990446885883,-0.06218473194839165
2020-06-12,0.012976299868566436,0.001800234516613723,-0.001557677644982797,0.01956349927578494
2020-06-13,,,,0.0004963591630006866
2020-06-14,,,,-0.013392630262757008
2020-06-15,0.008277851423430304,-0.012085992050566133,-0.005906554898526266,0.008534629630835483
2020-06-16,0.01878488465267299,0.014952170510798538,0.005617829618622493,0.010354255544665293
2020-06-17,-0.003606796221336869,0.0007519770876849419,-0.0006932809798739629,-0.006203905489647507
2020-06-18,0.0005940120550401924,0.006646042743695108,-0.002488211219229349,-0.008115592978746176
2020-06-19,-0.005665482200964775,0.013344026942619956,0.012150677837025618,-0.007924285267898087
2020-06-20,,,,0.004798432582130147
2020-06-21,,,,-0.00668984869859543
2020-06-22,0.006474055690439126,0.0008145586957002768,0.006447034168958064,0.040816831217910264
2020-06-23,0.0042981911703125365,0.004800686275906099,0.008888947417245994,-0.006121738792916832
2020-06-24,-0.02619527873275449,0.00416426169333509,-0.003387728382559247,-0.034092890066808344
2020-06-25,0.010899850173409288,,-0.002831900397329222,-0.005876186077433312
2020-06-26,-0.024525217335129464,,0.005768594211719098,-0.009507066038433154
2020-06-27,,,,-0.016699804113243528
2020-06-28,,,,0.012761929849346305
2020-06-29,0.014578907539069857,-0.007096897054409066,0.004445076949113867,0.006706962561811685
2020-06-30,0.01529233363768146,0.013111644891903317,0.010777109641382582,-0.00545829048263912
2020-07-01,0.005009542099664131,0.019929948962675935,-0.011507221156222642,0.010291237718569391
2020-07-02,0.00453100183265328,0.020518869566181763,0.005658436902093332,-0.015812505277676827
2020-07-03,,0.019133831169376996,0.001953398137536515,-0.001983231332820183
2020-07-04,,,,0.007395028618471059
2020-07-05,,,,-0.005863187520166377
2020-07-06,0.015756943165826313,0.05512914918682948,0.0,0.028014861419889524
2020-07-07,-0.010877508816987262,0.005986213759674365,0.009102577142488586,-0.00892719023620535
2020-07-08,0.007797026481291786,0.016019970713251654,0.00589452195636251,0.01861350224389244
2020-07-09,-0.005659625451287915,0.013889271067376375,-0.00927056633958064,-0.020809082764320818
2020-07-10,0.010411813000986475,-0.018270450579533883,-0.001053886998839206,0.005334555434960726
2020-07-11,,,,-0.00559445039554449
2020-07-12,,,,0.007283903554585568
2020-07-13,-0.00940662366648347,0.020785479660294606,0.0067478132145082585,-0.006168997800165521
2020-07-14,0.013317285189446137,-0.009580130518932624,-0.00038594073532106725,0.0010596313907085962
2020-07-15,0.009041044884784208,-0.013028968245128192,0.00022055580151163396,-0.005928881832723238
2020-07-16,-0.003411918313161816,-0.0492977258210018,-0.00747077434989057,-0.006916139709547562
2020-07-17,0.0028445899031588197,0.006279715370537513,0.005373527596294512,0.002241528238698966
2020-07-18,,,,0.0015715380294314479
2020-07-19,,,,0.004113575138230055
2020-07-20,0.008371764170464781,0.029400491588925822,0.004080063001375148,-0.004964518318212159
2020-07-21,0.0016776413721593887,0.002292095837321857,0.014475985449872324,0.024249558835166194
2020-07-22,0.005730639622957727,0.00497795401232275,0.011431777232282484,0.013375153097942327
2020-07-23,-0.012396345287241563,-0.0004264396912364675,0.013262158110286661,0.008988565904566377
2020-07-24,-0.006209630744305032,-0.044886972518743316,0.003960401216096914,-0.005557310865735391
2020-07-25,,,,0.01638435654419778
2020-07-26,,,,0.023263732089110353
2020-07-27,0.007367919510066761,0.005060869509455634,0.017500773158729496,0.10415364622898303
2020-07-28,-0.006494444344686342,0.008752670833928281,0.007018296947042197,-0.010423553085658122
2020-07-29,0.012351783128253628,0.023954160668375638,0.0045151436378199775,0.01793419678703062
2020-07-30,-0.0037573107206831397,-0.004897622685558886,-0.001998514590724669,-0.0008737912735435497
2020-07-31,0.007641191392371668,0.008319835825740592,0.009444869189546665,0.021151410920262844
2020-08-01,,,,0.040608090549614784
2020-08-02,,,,-0.06441257345878143
2020-08-03,0.007155365883905606,0.01611213808838408,0.000761904798761809,0.014140344709364433
2020-08-04,0.00360545267801785,0.0009405988474071107,0.01746527521326793,-0.0035432071376230606
2020-08-05,0.0064091575198012216,0.00027426198052968895,0.014218366402790028,0.04803757783724219
2020-08-06,0.006407158132423376,-0.003008429008584218,0.010617836755144737,0.0018729626370720261
2020-08-07,0.0006327942853730394,-0.011579011160284154,-0.019809441297784936,-0.0141421084021998
2020-08-08,,,,0.014754316878300592
2020-08-09,,,,-0.0070888100479376045
2020-08-10,0.0027384827334759297,0.0035917263614619775,0.0064331179897698125,0.01764971315885971
2020-08-11,-0.008001046543221289,-0.009161667841437968,-0.04623584032264809,-0.042859529640132135
2020-08-12,0.013899455827979215,-0.007318815616075828,0.0009294640760020686,0.014537724005210197
2020-08-13,-0.0020492235227105187,-0.002570194287054564,0.01118878434921912,0.01832176456664352
2020-08-14,-0.0001719466139647112,0.014757760604995238,-0.010518041605500256,-0.0017090605604601259
2020-08-15,,,,0.008009841053410995
2020-08-16,,,,0.004523198540740279
2020-08-17,0.0027062093485908582,0.023236681302700988,0.024607064440549713,0.03172926371947712
2020-08-18,0.002300728889572129,-0.000513087374246735,0.007270571300876173,-0.027653205305472436
2020-08-19,-0.004414143638946041,-0.015090138795370902,-0.02074731798026029,-0.016660159665117698
2020-08-20,0.0031536808202811935,-0.01306411583089969,-0.012885519285544126,0.009039714881912651
2020-08-21,0.0034352287393030465,0.008446537178687763,0.00030996538968005774,-0.028027028945135514
2020-08-22,,,,0.011392719330166657
2020-08-23,,,,-0.001690777087235937
2020-08-24,0.009993580954932106,0.007812432541677361,-0.00382963776023828,0.009566178673824303
2020-08-25,0.00358987425339455,0.0012818089968709189,-0.00838306437559305,-0.03715605740642869
2020-08-26,0.010144040989640822,-0.011791333986524832,0.015152591299717152,0.012068378060700177
2020-08-27,0.0016716264045830256,0.005344659810647774,-0.010041492241593453,-0.011838819782791794
2020-08-28,0.00671001407851169,0.023585989152444788,0.02288547077896956,0.017502240706351778
2020-08-29,,,,-0.005157542253873217
2020-08-30,,,,0.020190499466650427
2020-08-31,-0.0021973891312895358,-0.005807175169816673,0.0018794610972740142,-0.004951565402076958
2020-09-01,0.007496875851234013,0.005363253329934331,0.00015223403474966333,0.022981515769311168
2020-09-02,0.015248997908235747,0.0003654755714070797,-0.01735079482161441,-0.043010375692859475
2020-09-03,-0.035757586556313434,-0.005546029686024726,-0.003465132375157937,-0.11545513304209712
2020-09-04,-0.0081662523968659,-0.009779661811638442,-0.0020744743462717554,0.029428564840730934
2020-09-05,,,,-0.03698992557924085
2020-09-06,,,,0.020031471318220286
2020-09-07,,-0.021368266489738913,0.008786948561198889,0.007787862302135265
2020-09-08,-0.02814886686405828,0.0053440198263399186,-0.0041770939728611655,-0.02441655668079307
2020-09-09,0.019944798533671326,-0.023667499084887415,0.006027994244197613,0.009630956159890404
2020-09-10,-0.01774123987058698,-0.0005694605660640005,0.00471457263546349,0.011194273760465487
2020-09-11,0.000532921379765575,0.009838003350482105,-0.00847136371474079,0.004872199084292724
2020-09-12,,,,0.004963504029037838
2020-09-13,,,,-0.011161571775603618
2020-09-14,0.012661314711189059,0.005123778094333147,0.0078065210789542904,0.03326767530684422
2020-09-15,0.005205811831507181,0.008015435551367392,0.0016868151314795696,0.010251434101631814
2020-09-16,-0.004629658363745304,-0.006659672114533293,0.0020408170348527664,0.015109697253574488
2020-09-17,-0.008447955322129995,-0.005306753953128388,-0.01060650939397833,-0.0007491732036772123
2020-09-18,-0.011245565213035068,0.022281013083672693,0.0061112014561752305,-0.0007588814634827564
2020-09-19,,,,0.013518384546072112
2020-09-20,,,,-0.014570799477681464
2020-09-21,-0.011638590711243436,-0.009685583092249796,-0.026510514228709987,-0.047313436088357
2020-09-22,0.010463013638868866,-0.011937284664288283,-0.0014731417406048022,0.010950878710894618
2020-09-23,-0.024007294161091854,0.0035680140005111584,-0.02064012843151332,-0.028332853174454976
2020-09-24,0.0029829543473573147,-0.019372526759621624,0.0045047536895798535,0.04788130862955085
2020-09-25,0.015850478138509476,0.0015219386519837582,-0.005957030522836559,-0.004722757305825043
2020-09-26,,,,0.0036513602414468566
2020-09-27,,,,0.004492174164273706
2020-09-28,0.015982150874003728,0.0025983604965482297,0.008041645223280627,-0.007731973273730195
2020-09-29,-0.004824244783809024,0.0021561623010930317,0.013734804272668433,0.01371799297076756
2020-09-30,0.008219833784947334,-0.0009586892838152851,-0.003905018154960749,-0.00599529944908236
2020-10-01,0.005278935121522738,,0.01104228277451979,-0.014544623261419965
2020-10-02,-0.009623775091698433,,-0.004454817251723705,-0.004548722500880038
2020-10-03,,,,-0.0026614274701282025
2020-10-04,,,,0.01213187273724321
2020-10-05,0.01781305702104242,,0.006439981418448333,0.010865620542346074
2020-10-06,-0.014072027020773103,,-0.005914854063000153,-0.017474184933455657
2020-10-07,0.017247172188931348,,-0.009494743762546444,0.006421156337637062
2020-10-08,0.00797817309363446,,0.002223517248350878,0.023450947327981288
2020-10-09,0.00875514874025141,0.020228255232002362,0.016208490381901516,0.011839088519858291
2020-10-10,,,,0.02185067652731225
2020-10-11,,,,0.006405131869868781
2020-10-12,0.01628250755406735,0.029887644899393863,0.001247985186154293,0.014224270493976227
2020-10-13,-0.006326880453748811,0.003320102901193016,-0.017879621665557517,-0.009591626695383946
2020-10-14,-0.006645169155040894,-0.006655426119491584,0.006801491962025862,-0.00029766855701708487
2020-10-15,-0.0015289711398439405,-0.0017406082363860492,0.0009453782216707282,0.0072066410297122125
2020-10-16,0.00013491886946954788,-0.001472302834560968,-0.0013132668081349836,-0.01586013529940507
2020-10-17,,,,0.003535519749118687
2020-10-18,,,,0.012663600077585315
2020-10-19,-0.016464623898632638,-0.007581340510340659,0.0027820810049543313,0.021195704994100565
2020-10-20,0.004716138487297713,0.007954834930523617,0.002042259762531284,0.013529650457293934
2020-10-21,-0.0021980970313859494,-0.000133523883239854,0.007348950281839032,0.07245241665006898
2020-10-22,0.005205373886326262,-0.0031031881140356596,-0.012593900939858023,0.012868972517730582
2020-10-23,0.0034398664911297477,-0.012529029883611013,0.0003680433281115727,-0.0031263655056246336
2020-10-24,,,,0.014057111550911544
2020-10-25,,,,-0.006501128085119318
2020-10-26,-0.018764495369547173,-0.0057918933226344445,0.0004204551488861277,0.00225340980928378
2020-10-27,-0.0030301938037524704,0.0017123656548457438,0.003200170608759811,0.044634159169443216
2020-10-28,-0.03592557122600889,0.008051714925711606,-0.01727596655666603,-0.028134477706977933
2020-10-29,0.0118765014438055,0.0074972565189516975,-0.004539999786287575,0.013337969510206896
2020-10-30,-0.012203669046735501,-0.016389879206190873,0.006350244131127812,0.007602629051298649
2020-10-31,,,,0.01735601299307406
2020-11-01,,,,-0.0027506939435381034
2020-11-02,0.012242941894852779,0.005416233865630309,0.006680122391688053,-0.014494704882698157
2020-11-03,0.01764276082075866,0.011945324327391692,0.009413937886679088,0.03325022689276256
2020-11-04,0.02180751658433598,0.007527753606587577,-0.007460760714424215,0.008925872756014171
2020-11-05,0.019273262670013912,0.014734093623478625,0.026335115475440405,0.09704002741967696
2020-11-06,-0.00028775379869741254,0.00012486145000849657,0.002513788677856861,-0.0005904059212094044
2020-11-07,,,,-0.04930898225186259
2020-11-08,,,,0.043243596773156145
2020-11-09,0.011631958050304203,0.019384274033985533,-0.051139594051668805,-0.010158829889518465
2020-11-10,-0.0014007834839128777,-0.005529830713623282,0.01179385386881573,-0.0015409329609282396
2020-11-11,0.007622761226929676,-0.00993640247390343,-0.007918714466221062,0.025305065803210448
2020-11-12,-0.010028678908945363,0.0007255415385083981,0.0062652484789312195,0.03744674092273563
2020-11-13,0.013518576706374859,-0.010570167362735125,0.006862641642771428,0.0018087678028863026
2020-11-14,,,,-0.015632263800616785
2020-11-15,,,,-0.0073695062480724745
2020-11-16,0.011580731916656505,0.009695783986754391,0.0008479067810596536,0.04670748061040329
2020-11-17,-0.00480347613410369,-0.001914489469294552,-0.0014312600179774773,0.05507804459193537
2020-11-18,-0.011631213479601318,-0.0006376156660740876,-0.005959049291246272,0.006338047398722973
2020-11-19,0.003938653922538716,0.007397438531557068,-0.006639206268848638,0.0016245952626104132
2020-11-20,-0.006815715636269892,0.003099904420093935,0.005838416113144,0.047801373283687554
2020-11-21,,,,0.0006423570441204615
2020-11-22,,,,-0.014787291585532693
2020-11-23,0.0056200945950578216,0.0124123053267393,-0.018651826359130975,-0.0018101520197163212
2020-11-24,0.016032507557285768,-0.006160759897047174,-0.018230243506384282,0.04119712274060623
2020-11-25,-0.0015856720266289198,-0.012866149021885103,0.0004986011571122405,-0.022685762025682045
2020-11-26,,0.001808695862186712,-0.00968395813635528,-0.08705507723508644
2020-11-27,0.0023940572799516376,0.012359303859784624,-0.0018472394628345145,-0.0020356330175803996
2020-11-28,,,,0.03463559604488037
2020-11-29,,,,0.025326972837079527
2020-11-30,-0.004606081438497098,-0.004128354865810372,-0.003817227044472803,0.07989761114284451
2020-12-01,0.011208121636017976,0.021312519150301096,0.021477484994263153,-0.048225040935579944
2020-12-02,0.0017895485348597621,7.894030534163135e-06,0.006037008621003271,0.02359182317285026
2020-12-03,-0.0006243414287024246,-0.00199126910387545,0.005891997405374911,0.011099122791576273
2020-12-04,0.008797424045414703,0.0017504731338733603,-0.0004896760074995447,-0.04070772126533592
2020-12-05,,,,0.02583956314293287
2020-12-06,,,,0.012116515191990699
2020-12-07,-0.0019374711787083175,-0.008661701729942432,0.01394315714637528,-0.01085337471107658
2020-12-08,0.0027832605897471193,-0.00246209545922413,0.0048185123747401006,-0.0450295154035686
2020-12-09,-0.007980983560702697,-0.01350022211863164,-0.01952386467996571,0.01190057600209217
2020-12-10,-0.00128594253865602,-0.0004411517775288925,-0.0004902895530350034,-0.016242488777834695
2020-12-11,-0.0012657607983834493,-0.01035395281555667,0.003372684478639377,-0.012329633348562562
2020-12-12,,,,0.04264815181914396
2020-12-13,,,,0.01937105300628247
2020-12-14,-0.0043687962305264194,0.009201588468031381,-0.006319480608310705,0.00504544562495581
2020-12-15,0.012838447626446777,0.0020789628466974246,0.012707203297058399,0.008323758232614317
2020-12-16,0.0017712784469306416,0.0017719019846610367,0.0020484078102124274,0.09408435992776806
2020-12-17,0.005741126947631056,0.012758726329800806,0.01650281784829183,0.06671917210910677
2020-12-18,-0.003517278505023192,-0.0034959032154822474,-0.0007418397966324311,0.01316572996978581
2020-12-19,,,,0.030492932416386356
2020-12-20,,,,-0.01560084812333185
2020-12-21,-0.003913931036978114,0.009330392438317079,-0.0032919218429362514,-0.0323121216284199
2020-12-22,-0.002075268484142857,-0.01639533270017278,-0.006723611241867507,0.04704025218830486
2020-12-23,0.0007455332737925254,0.008493927353346534,0.004220880895869774,-0.02401503652846299
2020-12-24,0.0035303368029281483,-0.001418987081490702,0.002715439732601422,0.020369088549756265
2020-12-25,,0.008362899677605362,,0.039368154519276645
2020-12-26,,,,0.06904039374141625
2020-12-27,,,,-0.007326123476403965
2020-12-28,0.008684694603369354,0.004432833125875603,-0.0014899167338718513,0.029878946024728115
2020-12-29,-0.0022298465500115035,-0.004248399885723489,0.0013835676962304433,0.011691398525294003
2020-12-30,0.0013406481091209083,0.013935922838622276,0.006836455784399766,0.05309124606882258
2020-12-31,0.006418196978792083,0.018902257702538613,0.0008974528779735478,0.002791515196969229
2021-01-01,,,,0.014080319330334627
2021-01-02,,,,0.09212855861972774
2021-01-03,,,,0.023502974332254133
2021-01-04,-0.014864718123372964,0.010770205482459091,0.026812653419628744,-0.028819427175389652
2021-01-05,0.0070575761707220575,0.018950908524575497,0.003998979951137662,0.05966858983839572
2021-01-06,0.00569366086621762,0.00911729383171359,-0.02371325196037741,0.07920255213082787
2021-01-07,0.014738221178340893,0.01756281575073632,0.0026162957731590735,0.06997952351356525
2021-01-08,0.005476865536105689,-0.0033118117232875397,-0.04172384337139968,0.028458256074397423
2021-01-09,,,,-0.01108106326617451
2021-01-10,,,,-0.05003845553201997
2021-01-11,-0.006576373761664375,-0.00992456432066068,0.008355536647931617,-0.07185150044048003
2021-01-12,0.00041574571696605784,0.028122326091611038,-0.003572398927803663,-0.04218354704804076
2021-01-13,0.0022730179027713113,-0.003289688603113591,0.005785207127591809,0.09259839650517708
2021-01-14,-0.0037605002910535887,-0.019462202956968697,-0.001888676599521836,0.04686200132284866
2021-01-15,-0.007215990506594139,-0.0022656283996982086,-0.011680789099469381,-0.06131502005807893
2021-01-16,,,,-0.02268117808863216
2021-01-17,,,,-0.005007031144179073
2021-01-18,,0.011012628835084536,0.005612940814619267,0.021355403794215026
2021-01-19,0.008103480771510008,-0.014786633828512256,0.0,-0.016809340357136722
2021-01-20,0.013839368887685784,0.00713035424477634,0.014190758006377632,-0.014734622867547861
2021-01-21,0.0003166807728557909,0.016038165063663984,-0.0003215089514351417,-0.1399842281375999
2021-01-22,-0.003015127294928243,0.0008639619747535671,-0.005212123241910875,0.06764207310475524
2021-01-23,,,,-0.028012536924069062
2021-01-24,,,,0.0047380634633596395
2021-01-25,0.003609282023548102,0.01002893442013607,-0.0005388802199705557,0.0003411191221039781
2021-01-26,-0.0014899457394751568,-0.020280992362841185,-0.0023204996786508557,0.007715344104579754
2021-01-27,-0.02601328989204868,0.0027225885559221848,-0.0032469317989513536,-0.06673052392902915
2021-01-28,0.009713334927599454,-0.027669452153272312,-0.002985643995122488,0.0932269454893013
2021-01-29,-0.019500405967127862,-0.0046937853556528976,0.00520552091852762,0.02739670673598065
2021-01-30,,,,-0.0005453095495770752
2021-01-31,,,,-0.03487455594288522
2021-02-01,0.015924269140718334,0.012199293136619115,0.007113632067304677,0.012236020325565608
2021-02-02,0.013802541965649213,0.015284112328122013,-0.016132001441842334,0.057101722383186795
2021-02-03,0.0010082963259948519,-0.0028926982776228405,0.0007637336032132998,0.059132249128502394
2021-02-04,0.010794829768938023,-0.002053079655208675,-0.02400711305857309,-0.01781394547455911
2021-02-05,0.0038898969855535024,0.0017266937200918658,0.011992814884834628,0.03495321923849266
2021-02-06,,,,0.02473235192074873
2021-02-07,,,,-0.010336862856127975
2021-02-08,0.007372105129886368,0.014690745804715138,0.011577950397643042,0.17742406242164008
2021-02-09,-0.0011141179817578345,0.02163306388891657,0.001744249869894563,0.002430459205359931
2021-02-10,-0.0003452195438772965,0.02113708709191822,0.0029365402580185116,-0.036625853570574025
2021-02-11,0.0016610747648429303,,-0.008726058859807016,0.06799585397708596
2021-02-12,0.004699921149026049,,-0.001973901287907519,-0.012982238151589878
2021-02-13,,,,-0.004294466957715954
2021-02-14,,,,0.03078559950408897
2021-02-15,,,-0.01270384386937057,-0.014643090311087677
2021-02-16,-0.000569437009979914,,-0.0006116378182838395,0.02540453390433579
2021-02-17,-0.0003204508720288016,,-0.014623338154317326,0.057488056675263625
2021-02-18,-0.00442558686962702,-0.006796788460165884,0.0012409048915927362,-0.00958898506483828
2021-02-19,-0.0018566165820490526,0.0018116919675919534,0.001295665336315323,0.08050578943571984
2021-02-20,,,,0.0003058205179325177
2021-02-21,,,,0.026644718507459295
2021-02-22,-0.007762902892533376,-0.03191327217305319,0.017246136947953336,-0.059580703524011014
2021-02-23,0.0012554994192235645,-0.003160063468920589,-0.001328903850053752,-0.10104586756125415
2021-02-24,0.011287715277782164,-0.025797364964290113,-0.0045537925086335486,0.015948220916301412
2021-02-25,-0.024783434790564104,0.005865904546506717,-0.011870240160887242,-0.05732946322836096
2021-02-26,-0.004761483718072275,-0.02457944718475071,-0.02659822344154285,-0.012498809173778207
2021-02-27,,,,-0.004517628893010807
2021-02-28,,,,-0.02130841941311351
2021-03-01,0.023512130081996933,0.01525197060665604,-0.0033605686647465833,0.0935997944903195
2021-03-02,-0.008113671312552936,-0.012843298225744358,0.006133213694219689,-0.023900415044358296
2021-03-03,-0.013152318131987126,0.01899363142971801,-0.01032072708328439,0.03989425936447711
2021-03-04,-0.013508037960082262,-0.03196047269264258,-0.008839513140497106,-0.03981578928322025
2021-03-05,0.019308363815583877,-0.0033973538653544045,-0.0012944223977291518,0.007498453677725889
2021-03-06,,,,0.0012923960380781636
2021-03-07,,,,0.04260950510064695
2021-03-08,-0.005373684030541239,-0.03534800591903153,-0.012142900573487067,0.02572816034152157
2021-03-09,0.014055441418613446,-0.021694171477979068,0.022917731056014804,0.047924087673804475
2021-03-10,0.006012173623113212,0.0065386248049525714,0.0028499161406880034,0.017572782954895384
2021-03-11,0.010341818218279307,0.024598968496697255,0.0004645221312190068,0.034276580489718336
2021-03-12,0.0010148833501624158,0.0035349344811960847,-0.0016267723782771282,-0.009288762006376306
2021-03-13,,,,0.06637902606808105
2021-03-14,,,,-0.03460768114474339
2021-03-15,0.006470976590856805,-0.02177278522043246,0.005450868816680601,-0.05784476478592312
2021-03-16,-0.0015709218841469892,0.008664499726790622,0.00098263063887638,0.019496362161223944
2021-03-17,0.002875205304977583,0.004223883563510434,-0.0021978030824795383,0.03495596101797175
2021-03-18,-0.014870520601810135,0.007988225200877629,0.0031217507141848067,-0.021575948809978474
2021-03-19,-0.0006029206064693933,-0.026542470144634525,0.005296195673681038,0.007464784455805685
2021-03-20,,,,9.295808113675886e-05
2021-03-21,,,,-0.01229002663309017
2021-03-22,0.0070005595506540804,0.009948175491303411,-0.0020690851683051095,-0.057850793893183164
2021-03-23,-0.007660100809949314,-0.009516880221078472,-0.0075075427697356605,0.005417522374436879
2021-03-24,-0.005482303984823847,-0.016212970628091208,0.004684391066055803,-0.039846849175018045
2021-03-25,0.005226550815926714,-0.0004748839261889654,-0.004684391066055839,-0.019356557253494833
2021-03-26,0.016494413826353246,0.022408844276361837,0.004164985485196717,0.06986397797770022
2021-03-27,,,,0.014911141116077673
2021-03-28,,,,-0.0017504557534678865
2021-03-29,-0.0008684019308247895,0.0017630375607685738,-0.011670911976509817,0.03265375923943535
2021-03-30,-0.0031628196118815713,0.009436441565414132,-0.015954184101888653,0.01984986235075185
2021-03-31,0.003615992965994899,-0.009143234071465979,0.01723825595287071,-0.00012932318050958908
2021-04-01,0.01175577423688851,0.012288596377179602,0.00749633053987143,-0.0007728843952259407
2021-04-02,,0.009886824938000938,,0.004401191175871879
2021-04-03,,,,-0.03305103086673315
2021-04-04,,,,0.01978204328022404
2021-04-05,0.014335038467166317,,0.00023154848149772373,0.013541936718792906
2021-04-06,-0.0009740121110818412,-0.004119634244374363,0.008242834231711602,-0.017046357833545876
2021-04-07,0.0014741432833555816,-0.007145620833213715,-0.0008614501609544688,-0.035944015951385765
2021-04-08,0.0042117580408072355,0.0016581917375789715,0.009492294512352659,0.037341404217581343
2021-04-09,0.007690316372555687,-0.0151507448441902,-0.007598082770131602,0.0007108672621402365
2021-04-10,,,,0.027654941273958476
2021-04-11,,,,0.003847086984285057
2021-04-12,-0.00019620215667317165,-0.01754812341054481,-0.007020803425889225,-0.0019175173282608368
2021-04-13,0.003289166381145364,-0.001640473738523719,0.00856794867906118,0.05961181118058332
2021-04-14,-0.004096179929697001,0.008263935009016603,-0.006433476150428565,-0.008860226171686254
2021-04-15,0.011033158016154329,-0.006376914938742514,0.017423536371023878,0.0037338667937148067
2021-04-16,0.0036022533265398387,0.0034714587844211593,0.007616183045308509,-0.029478272074921888
2021-04-17,,,,-0.022036509759942056
2021-04-18,,,,-0.06599956839448605
2021-04-19,-0.005320582266875933,0.024041264518103324,-0.005409987835651311,-0.010031089036443237
2021-04-20,-0.006825603130708005,-0.0007177699491770654,0.004454099208226173,0.014931254400581077
2021-04-21,0.00926302546911355,0.0030209841755806017,0.008458723375427447,-0.04829438742129511
2021-04-22,-0.009253351856793159,-0.0018669046126127589,-0.00626715721490211,-0.03962064298505114
2021-04-23,0.010869423861541933,0.009038966388980845,-0.002360347279944698,-0.011390856017913523
2021-04-24,,,,-0.020837935722324098
2021-04-25,,,,-0.02272226174455821
2021-04-26,0.001780637890878801,-0.011399666566998087,0.0011808700447209345,0.09828643924012759
2021-04-27,-0.00021494231269923608,0.0026121795855371297,-0.000674612123628379,0.01863299733406374
2021-04-28,-0.0008458882928303167,0.005626004088942163,-0.0026466214733621074,-0.00355121830752604
2021-04-29,0.006740032543708107,0.008738402125943488,-0.0029363621527449062,-0.023627925948131897
2021-04-30,-0.007220643718202429,-0.007908545194461067,-0.0003393665190940577,0.07479147416614676
2021-05-01,,,,0.0015026741073212576
2021-05-02,,,,-0.02103548473999928
2021-05-03,0.0027442656970409606,,0.013541434621640463,0.009949666166788709
2021-05-04,-0.006700737740405456,,-0.008857056611362593,-0.06184027196395761
2021-05-05,0.0007032914568740223,,0.004662536885267628,0.0665780418283259
2021-05-06,0.008132234115911918,-0.012248044785011743,0.017444886839238203,-0.018198658194204725
2021-05-07,0.007346296237811824,-0.012940202460294304,0.008555028870281638,0.016384729130073605
2021-05-08,,,,0.02587396752421748
2021-05-09,,,,-0.010280381353958312
2021-05-10,-0.010490499399026396,-0.0007268380762637467,0.003434275227985528,-0.04189338419396871
2021-05-11,-0.008711731693215893,0.0061185476059305,-0.000816615446747156,0.01504854040737607
2021-05-12,-0.021682768452684537,0.004269142852964632,-0.007269976538413798,-0.13806783513727827
2021-05-13,0.012099654192200689,-0.010277529513642856,0.0006581112445493242,0.006466949173497877
2021-05-14,0.01480775516646066,0.02328393434457176,0.007700537765441741,0.0027163774784602556
2021-05-15,,,,-0.06488127787635756
2021-05-16,,,,-0.006064320803756851
2021-05-17,-0.00253324416940257,0.014453055606105146,0.015921754697063473,-0.06415834998706338
2021-05-18,-0.008553781927838235,0.0005032494401271955,0.00021415569200593842,-0.014901026072462745
2021-05-19,-0.0029477755951036366,-0.002959498756094731,0.007200991244704014,-0.15547370467309485
2021-05-20,0.010499443868610717,0.002730079273133101,0.0002125737373153782,0.10331542538173562
2021-05-21,-0.0007841270013964568,-0.01012744398953972,-0.002766989473580349,-0.08772698847263183
2021-05-22,,,,0.004037695947995023
2021-05-23,,,,-0.07680681371852431
2021-05-24,0.009862511119055,0.004167263901206997,0.004147618409963099,0.11099173819455586
2021-05-25,-0.002127563955626335,0.031105985335581038,0.007138166462683057,-0.009654043854974263
2021-05-26,0.0018749737128450623,0.0003966512162557023,0.001684565569981305,0.02243886615961766
2021-05-27,0.0011647198427041133,0.003309937892723463,-0.0022642910071771784,-0.02142318288211885
2021-05-28,0.0007685910772065211,-0.0032159677676364042,0.003735961618633344,-0.07440816243335588
2021-05-29,,,,-0.030691220261630476
2021-05-30,,,,0.030419188872578957
2021-05-31,,0.001967584318097451,0.0005250722094907142,0.045128107282738826
2021-06-01,-0.0004924965749694844,0.0018944563321768907,-0.0006826476490582322,-0.016516969124684807
2021-06-02,0.0014458704850342234,-0.009727635458730175,0.0026230211241034876,0.023389003692735645
2021-06-03,-0.003635298499241423,-0.0065773864327908155,-0.019361586621624002,0.04252488771049763
2021-06-04,0.0087952943520972,0.005122634349516513,0.009939224504858573,-0.06146181854408679
2021-06-05,,,,-0.036794978043798
2021-06-06,,,,0.008282050384894313
2021-06-07,-0.0007970285684825064,-0.0008806893809795677,0.0035899098843249684,-0.06450687789465731
2021-06-08,0.00017506961427659565,-0.008660583640675722,-0.0023742327875420164,-0.0058272977839427574
2021-06-09,-0.001825541746812573,0.0008272381513284209,0.0005808887761366966,0.11181243219307653
2021-06-10,0.004641367023082649,0.006665473215854983,0.0005277880525747316,-0.018459167902449895
2021-06-11,0.001946594193743096,-0.008911881104321598,-0.008904023210798351,0.0179876138552267
2021-06-12,,,,-0.050767886772113545
2021-06-13,,,,0.09553186909040029
2021-06-14,0.0018135655401930488,,-0.007373797771184101,0.037878983387234756
2021-06-15,-0.0020137061101785226,-0.01119029005186836,-0.0050540459212713345,-0.009253277567581812
2021-06-16,-0.005404786783292966,-0.016799376251030493,0.0026915018670448034,-0.04638495662107252
2021-06-17,-0.0004357319180995622,0.004203345683058261,-0.04716531572181544,-0.0074357571487735676
2021-06-18,-0.013211434948255869,0.00011367689901670989,-0.003443510134462913,-0.06242015956181689
2021-06-19,,,,-0.0066233957342026455
2021-06-20,,,,0.0023175633218079
2021-06-21,0.013905201143734752,-0.002370287761377726,0.007829482077717241,-0.11616337026700357
2021-06-22,0.005111429423335091,0.006221776634825583,-0.0032595285687236925,0.025065030866562765
2021-06-23,-0.0010838474815418405,0.00491356500740387,0.0033717368273692054,0.03560562117689084
2021-06-24,0.005794337776572367,0.001665476501505399,-0.0037658476902246293,0.029018675014308687
2021-06-25,0.0033250724723028176,0.016160506529634064,0.0006755235564249894,-0.09278638101385242
2021-06-26,,,,0.020346141988178773
2021-06-27,,,,0.07280652724668078
2021-06-28,0.00231236635141237,0.0022474853933134083,0.0015744492681105328,-0.005859369169330202
2021-06-29,0.00027731138634168957,-0.011725520510898669,-0.009143823938979277,0.03865616849476318
2021-06-30,0.001327232914611209,0.006433310904519282,0.004525918565260504,-0.022800359988988057
2021-07-01,0.005208054995811113,0.0010752174907326677,0.0029309005311745307,-0.04327025255714597
2021-07-02,0.007472118231364166,-0.028814556672530595,0.003651586878249954,0.008011088466631441
2021-07-03,,,,0.02711518267080877
2021-07-04,,,,0.01585961483921972
2021-07-05,,0.0009186666014426244,0.006093659666715633,-0.04669621712782647
2021-07-06,-0.0020239476634912454,-0.0005290646398468206,0.0,0.015838148055506304
2021-07-07,0.0033533824363036076,0.011227093970232957,0.004393411399042181,-0.0105091915821287
2021-07-08,-0.008597867216573877,-0.01021248030152798,-0.0010548817012405278,-0.03001689379163809
2021-07-09,0.011214829918570923,-0.003705567507436169,0.005760512218355001,0.027936059761681713
2021-07-10,,,,-0.008522069761439554
2021-07-11,,,,0.021173451071516122
2021-07-12,0.0034452147239393167,0.012403426953276406,-0.0025991995830423565,-0.033109303241461295
2021-07-13,-0.003523028967647122,0.0018277715333200573,0.002212512656528186,-0.011691918411848513
2021-07-14,0.0011642922750682311,-0.01154417926244028,0.008308391901766016,0.0028253777826683646
2021-07-15,-0.003267568936996537,0.013362792566241035,0.002189382374273854,-0.03032034952228231
2021-07-16,-0.007567500391698108,-0.011065646284745139,-0.007683901691914551,-0.014122272517456035
2021-07-17,,,,0.00396105590657781
2021-07-18,,,,0.008429217102056161
2021-07-19,-0.015996800327963308,0.003667622294937904,-0.0032007090952630344,-0.030285311468574425
2021-07-20,0.015048847488145101,-0.0008804126377693433,0.001215268337160062,-0.03442143521916285
2021-07-21,0.008208068658883821,0.006837029938307932,-0.00442625487504181,0.07553342698932966
2021-07-22,0.0020146302382427882,0.0014976998251120264,0.0011084017982481392,0.005199428757905592
2021-07-23,0.010094319060166316,-0.012209920674806345,-0.0019960086467150384,0.03959110251101836
2021-07-24,,,,0.006569984820804974
2021-07-25,,,,0.04526611484797661
2021-07-26,0.0023794199422129485,-0.03274135563068574,-0.0014440435722335803,0.05190540784057545
2021-07-27,-0.004723618672649374,-0.035964816977163666,0.0003334259547422034,0.05671895915022444
2021-07-28,-0.0001863191743724431,0.0019281339981101948,-5.556327269099063e-05,0.013874707822359885
2021-07-29,0.004197385011620316,0.018685870007543865,0.017952023958972153,-4.499741265626594e-05
2021-07-30,-0.005420682382193263,-0.008094075720890206,-0.010313328563172271,0.05358633301540964
2021-07-31,,,,-0.015514219841913323
2021-08-01,,,,-0.04115425037355438
2021-08-02,-0.0018445946098472469,0.025157023354954046,0.002863280410015155,-0.017962017045377435
2021-08-03,0.008170019032652822,0.0001459232689402895,-0.004408449306375375,-0.026861057596880178
2021-08-04,-0.00464320822964288,0.008955696268834535,0.00027609818226687803,0.041270985376030266
2021-08-05,0.00598749943154757,-0.006080087065672337,-0.0030412807870290014,0.02804755828464052
2021-08-06,0.0016738821949274498,-0.00549330019125448,-0.025464079169908237,0.04610283485640396
2021-08-07,,,,0.04162157382607728
2021-08-08,,,,-0.018582773693988877
2021-08-09,-0.0009403678951865314,0.012920180697631359,-0.02095309283862778,0.055333390406331895
2021-08-10,0.0009922089864754615,0.011485152736614034,0.003012050469991621,-0.015031068350636972
2021-08-11,0.0012748955456659639,-0.005529671126137167,0.012529619633449703,-0.0006472272026249367
2021-08-12,0.0041378253942716235,-0.008407558417657848,-0.000857118420520312,-0.02580847207844889
2021-08-13,0.001606033834479566,-0.005518531888929404,0.014866365486922564,0.0738999548642093
2021-08-14,,,,-0.015335855399890958
2021-08-15,,,,-0.00191766435445864
2021-08-16,0.0026174309818667143,-0.0009932184834982863,0.006568075931793644,-0.021401519721343173
2021-08-17,-0.007085769790768185,-0.021204520628287107,-0.0009516612804331246,-0.028775393974074564
2021-08-18,-0.010806639720144598,0.011681617150842432,-0.0019060438554495119,0.0007202339058360193
2021-08-19,0.0012559520255743905,-0.006580333244403601,-0.000842058039482779,0.04443465257709991
2021-08-20,0.008108577149077301,-0.019285416857873564,0.0004491858581984434,0.05347032702798678
2021-08-21,,,,-0.009128391550268062
2021-08-22,,,,0.007718347544422338
2021-08-23,0.008487698356534068,0.013869865192720078,0.01238509554915992,0.005773634327883636
2021-08-24,0.0014945751943348515,0.010799887371610011,0.0012744149113685078,-0.03753484181189829
2021-08-25,0.0022176660815180892,0.001996618470382873,-0.009849555157079928,0.02646852039431372
2021-08-26,-0.005841962859469615,-0.019908346049970507,0.002345976610770254,-0.0451498581681153
2021-08-27,0.008769045552897689,0.005282165023634251,0.013411118156125185,0.04657349402310984
2021-08-28,,,,-0.0034135927489756146
2021-08-29,,,,-0.002450999184511355
2021-08-30,0.004297341469056862,-0.00285675654928364,-0.0037502801510802724,-0.037274820336390804
2021-08-31,-0.0013500571571324227,-0.0015927013580082808,0.0033098000206239903,0.0029259575649351805
2021-09-01,0.0003117134648978685,0.013199062532390388,-0.001102049924189399,0.035209546781437936
2021-09-02,0.0028385281677768184,-1.0268131723809663e-05,-0.0024287934218260613,0.009274872106841883
2021-09-03,-0.0003350829692366939,-0.005426027498503923,0.01214000462722785,0.01460035827707418
2021-09-04,,,,-0.0016133329626757192
2021-09-05,,,,0.03639411559386636
2021-09-06,,0.018548541915601333,-0.018182319083190474,0.017302115735388236
2021-09-07,-0.003401266163481994,0.011907588997080212,-0.0012239903608887285,-0.11863869313792265
2021-09-08,-0.0013194454045593487,-0.004154563545499115,-0.002843207490244853,-0.015471921389405015
2021-09-09,-0.0046162382762889205,-0.00042646754765696593,0.003677908854753818,0.0070137771703070355
2021-09-10,-0.007752617623130543,0.008716411024019849,-0.0044039427868445774,-0.03382602573709435
2021-09-11,,,,0.007090770526472316
2021-09-12,,,,0.019741016986319592
2021-09-13,0.002273922239413449,-0.004369743429721545,0.0013399588850974227,-0.02445519062815898
2021-09-14,-0.005763174377801672,-0.015037391706095098,0.007060880529429674,0.046255542492419116
2021-09-15,0.008438206673245678,-0.010187650455892578,-0.006893511843720016,0.022122969596929738
2021-09-16,-0.0015523011230354105,-0.012324678331719355,-0.021426169228977856,-0.007980968241797243
2021-09-17,-0.009152683146433816,0.009983898552888865,-0.0029680387085288615,-0.009790588230275812
2021-09-18,,,,0.021423674391894465
2021-09-19,,,,-0.022356795495556255
2021-09-20,-0.01712302037376946,,0.0070631416899406985,-0.09702719558564928
2021-09-21,-0.0008126796836591719,,0.00808393559758581,-0.053155460510941624
2021-09-22,0.009474540664091249,-0.007061617261638239,0.0003377617685793382,0.06891562620139698
2021-09-23,0.012061715863250257,0.006497200624791112,-0.016457073269544875,0.029805148540688123
2021-09-24,0.001459942804959862,-0.000777108926079727,0.0011437068782587333,-0.046748642742848186
2021-09-25,,,,-0.003113208847989311
2021-09-26,,,,0.012029456903283463
2021-09-27,-0.0027802175328761427,0.005744967891968223,0.00017144326698566615,-0.024148474793807835
2021-09-28,-0.020574321587474437,0.0013236079463849841,-0.008089777043056181,-0.02765489978097349
2021-09-29,0.001567936373304978,-0.010269946692684625,-0.007923467612438688,0.012463960014749
2021-09-30,-0.011981220973814677,0.006690532786507023,0.019606780165624976,0.05358585811355044
2021-10-01,0.011425952216359555,,0.0007968127911628289,0.0940724216550753
2021-10-02,,,,-0.010000824380676086
2021-10-03,,,,0.011123859058487446
2021-10-04,-0.013070933999937525,,0.005220462403751796,0.021087251915942712
2021-10-05,0.010469458977261837,,-0.003799159682893129,0.04453716575760803
2021-10-06,0.004094493547635241,,0.0005679559418873813,0.0722068369707537
2021-10-07,0.00826404773501655,,-0.0014773569366970589,-0.02821818451150441
2021-10-08,-0.0019155742909790841,0.012976483393466472,-0.0010240656296902568,0.002429002128357206
2021-10-09,,,,0.018884015813872435
2021-10-10,,,,-0.004648362564225902
2021-10-11,-0.006889463790468167,0.001266960973762974,-0.0009681369815670671,0.04975126599343659
2021-10-12,-0.0024196966754627294,-0.010661982889829814,0.0020490644086740943,-0.025754508240950633
2021-10-13,0.0030179781813102643,0.011455802479321663,0.019928603683020244,0.024061974312725838
2021-10-14,0.016919170336133042,-0.005378692288350533,0.0017820353326503094,-0.0005979469504613187
2021-10-15,0.007432441620921371,0.003757982508557735,-0.016606272216151408,0.07273852016226956
2021-10-16,,,,-0.01324390795672219
2021-10-17,,,,0.010890010765947556
2021-10-18,0.00336912271696709,-0.011691913152231186,-0.0014719205556042337,0.008557808179810496
2021-10-19,0.007366160006043284,0.009786248043509081,0.0027157018104749893,0.03518316766938621
2021-10-20,0.0036573205869523144,-0.002550622257610413,0.008159176457401563,0.026112820020837476
2021-10-21,0.0029914274720985803,0.003626683652268934,-0.001738789455670516,-0.058819051771306245
2021-10-22,-0.0010731549583585973,0.006414019106758536,0.008051483249412966,-0.024735090449697787
2021-10-23,,,,0.010199854336303214
2021-10-24,,,,-0.007300796062202186
2021-10-25,0.0047369422309476855,0.00398219707770767,0.005830272768846165,0.03551471208458304
2021-10-26,0.001818128616510003,-0.0033029553433297915,-0.0076138973429229545,-0.0446864611745029
2021-10-27,-0.005064400451443849,-0.013170921114790618,0.0029524016655235455,-0.031543117797584
2021-10-28,0.00978134404008955,-0.006969697246504388,0.002666371983010527,0.036037998116855895
2021-10-29,0.00194744568057697,0.009133474114414477,-0.010428088365087388,0.02703679351204281
2021-10-30,,,,-0.006490844650589446
2021-10-31,,,,-0.008615583822042467
2021-11-01,0.0017984504334932693,-0.003690003431813255,0.00664862632948619,-0.0064520628425529985
2021-11-02,0.003673611276116367,-0.010449669314235055,-0.003570236973212518,0.03716322196095897
2021-11-03,0.0064405112404735685,-0.00387953650658591,-0.014353101496064164,-0.004807358541210993
2021-11-04,0.004173172106260179,0.009830984713372522,0.016641751354905705,-0.024225212282902565
2021-11-05,0.0037259083006282606,-0.0054350366359537505,0.012907693819011442,-0.007162561905149103
2021-11-06,,,,0.008322888000678307
2021-11-07,,,,0.028686506850542977
2021-11-08,0.0008873067844048929,0.0012032367070488861,0.006145761222746673,0.06507898704061935
2021-11-09,-0.003504869385575243,-0.00029706279383222506,0.0015305567653917241,-0.009276111036002501
2021-11-10,-0.008259833757375561,-0.005285528439303767,0.009513267909147595,-0.029914925935069406
2021-11-11,0.0005507757255752215,0.015938871395095516,0.008404769049123318,-0.00194081576699813
2021-11-12,0.007196680911038463,-0.0020986966974743345,0.0024649031877807845,-0.010426552408827821
2021-11-13,,,,0.00410945307734633
2021-11-14,,,,0.017083431901606806
2021-11-15,-1.0677315509449458e-05,-0.0012281543614174968,-0.0010173757938922526,-0.029594874712164546
2021-11-16,0.0038577581225869607,0.00019251052211375825,-0.006719191027838661,-0.05675199023304438
2021-11-17,-0.002605019594335725,0.0004974885122366621,0.008645973897538843,0.004627389502976765
2021-11-18,0.003379039774514253,-0.009899940678267275,-0.0047164842497363045,-0.058189100548644145
2021-11-19,-0.0013996279870592404,0.010781709100374235,-0.00527876259449471,0.019613159093742984
2021-11-20,,,,0.027746875573538218
2021-11-21,,,,-0.016943475571692523
2021-11-22,-0.0032022541195681504,0.0045580474039358535,-0.024769576018603606,-0.04183248031246557
2021-11-23,0.001655707232782677,0.0001933694634935144,-0.012534633906404828,0.02220635321134725
2021-11-24,0.0022912737234973743,0.0006734479670110573,0.0002802612052760381,-0.006998160939539124
2021-11-25,,-0.004121027731527677,0.0006723065971202041,0.03037781775244969
2021-11-26,-0.022987044973283768,-0.007443223927220215,0.0,-0.09244858344248252
2021-11-27,,,,0.019079482475210362
2021-11-28,,,,0.04508453316317127
2021-11-29,0.013113857392683798,-0.0017937409240283036,-0.000952567802396137,0.00874653557569326
2021-11-30,-0.019143376992336782,-0.004004776379308226,-0.004889160881348957,-0.015904037509127604
2021-12-01,-0.011885550113429818,0.002443189845190082,0.004440579512382438,0.0057391833810272385
2021-12-02,0.014094625715697029,0.002538143075850791,-0.012074851894724955,-0.012564112919147797
2021-12-03,-0.008484472537634197,0.00919534457536796,0.0120187650723092,-0.05203325716223303
2021-12-04,,,,-0.08634052426052644
2021-12-05,,,,0.004265696265598292
2021-12-06,0.011662655055923081,-0.001715399393855005,-0.002470939652214767,0.023140529757312733
2021-12-07,0.020495586171745628,0.006007321381743649,0.0028634813648116316,0.00065442634750664
2021-12-08,0.003080543895616996,0.014888312249396815,0.0005044701768935538,-0.002400339139073127
2021-12-09,-0.007207038387208448,0.01642977336321502,-0.004943552565425954,-0.05869504087981195
2021-12-10,0.009503806818878939,-0.004651763256345477,0.004551208867317971,-0.009698831910167273
2021-12-11,,,,0.045155657246950566
2021-12-12,,,,0.015423539192015234
2021-12-13,-0.009178200213042893,0.005657422387260618,0.001960180964225904,-0.0698204451454296
2021-12-14,-0.007498643121874399,-0.006730177868264789,-0.008992360937781713,0.03498617581854282
2021-12-15,0.016216212899904034,-0.008711618800778207,-0.004356565774768645,0.010386979171409108
2021-12-16,-0.008781825842753357,0.005742683323773707,0.018984001740490503,-0.025769381697464407
2021-12-17,-0.010341010906645293,-0.01601116941948264,0.0037206762344840624,-0.031047137417817047
2021-12-18,,,,0.014705451802318303
2021-12-19,,,,-0.003242817399571136
2021-12-20,-0.011453373010201799,-0.015117448950187086,-0.005725577774854534,0.004074805023215394
2021-12-21,0.01762176386180875,0.006753201873758404,-0.0032385979504432,0.041902970641147584
2021-12-22,0.010128711352276767,0.00019536138866402708,0.007521974454688475,-0.00620093739206373
2021-12-23,0.006204416895324275,0.006953153726040898,0.005259527695265449,0.04429868138216867
2021-12-24,,-0.005552147578698344,,-0.00029334433420876723
2021-12-25,,,,-0.007504543953344402
2021-12-26,,,,0.007382455852844312
2021-12-27,0.013744072068897223,-0.0004105415751325399,-0.0016579169312915813,-0.0020047691423724
2021-12-28,-0.0010106980314378653,0.007420583139275408,0.0011608304003854696,-0.06381500032924552
2021-12-29,0.001400921580224578,-0.01473281223566105,-0.002932310048767447,-0.023052520235305497
2021-12-30,-0.002994217530076943,0.007757313512263927,0.00513969464353718,0.014139253558499557
2021-12-31,-0.0026296753415458013,0.0038248331945742843,0.007961169783049367,-0.019365783886984372
2022-01-01,,,,0.03232593948290099
2022-01-02,,,,-0.008967990599011228
2022-01-03,0.006353848835552744,,-0.015708427833667344,-0.018809626261511017
2022-01-04,-0.000629816185405453,-0.0045850514585370605,0.008022838838869633,-0.0128519394341001
2022-01-05,-0.019583272775802296,-0.010147350119881922,0.005769722300446338,-0.054042132847218205
2022-01-06,-0.0009641755290858112,-0.010301184898311685,-0.019866187477281746,-0.007591046514005177
2022-01-07,-0.004058436737205577,0.0008588677581253011,0.0045725836655799955,-0.03664689502233541
2022-01-08,,,,0.0030113446782291356
2022-01-09,,,,0.00422173440110034
2022-01-10,-0.0014421248375173315,0.004483574833190437,0.0007785996722791342,-0.00038479694071297363
2022-01-11,0.009118332112991406,-0.009597856666828426,0.01089220953049151,0.021309757785509635
2022-01-12,0.0028137340560308905,0.009915722592007552,0.004827482083504889,0.026960963176180137
2022-01-13,-0.014345962458906215,-0.016576356248989562,-0.0032340313768303573,-0.031022253831578486
2022-01-14,0.0008195772127140056,-0.008256961471415183,-0.002693863472461617,0.01198847055420819
2022-01-15,,,,0.0005500735310796858
2022-01-16,,,,-0.0004154284136189636
2022-01-17,,0.008542280149136315,-0.0022596388682734397,-0.02039738479608916
2022-01-18,-0.018559054584436702,0.00961739574547598,0.0,0.0036725319407184247
2022-01-19,-0.009736769104655738,-0.006873266142930699,0.01685125770858895,-0.0163444949070579
2022-01-20,-0.011098789654240207,0.008981837558171992,-0.00032557382674045475,-0.02334993339249066
2022-01-21,-0.01909598635863535,-0.009205694190441116,-0.005878527705944481,-0.10997787721605205
2022-01-22,,,,-0.03914647429481943
2022-01-23,,,,0.033482839662866484
2022-01-24,0.002767918007616829,0.0015534105496210215,0.005389968132673281,0.011426220662995394
2022-01-25,-0.012246661962160472,-0.022882736678216893,0.005847020068681496,0.007178497056919227
2022-01-26,-0.0014977525030699156,0.007211375168279058,-0.012384059199721555,-0.004073170741019101
2022-01-27,-0.005398540617999041,-0.019809502928594763,-0.02020605347220218,0.009839908393515015
2022-01-28,0.024055891707799003,-0.012219694391238508,-0.004079471415202077,0.01550704287106489
2022-01-29,,,,0.011215159460116066
2022-01-30,,,,-0.006652803866872123
2022-01-31,0.018709891511396817,,0.005695475779028778,0.015203855457348318
2022-02-01,0.006839508503304335,,0.0026690407303775715,0.005468337627906807
2022-02-02,0.009378434574517935,,0.004819553411274708,-0.04814428150677266
2022-02-03,-0.02469348416817584,,-0.0034876997182852164,0.010720262282851709
2022-02-04,0.0051437130908578545,,0.0019944604949372413,0.10865482225494297
2022-02-05,,,,-0.0037479089951724287
2022-02-06,,,,0.023391274390670024
2022-02-07,-0.003708654800609762,0.015290811148429664,0.007718640151562769,0.033443107572172594
2022-02-08,0.008366130962778839,-0.005478837359265011,0.0032898373788321895,0.004649948461793027
2022-02-09,0.014412812398356309,0.009349122123392945,0.0048056012098346215,0.007931999098375895
2022-02-10,-0.0182818035103296,-0.0026259388824873184,0.00043572985438858596,-0.019745857958094977
2022-02-11,-0.019151696234065794,-0.008323588352442868,0.002556085688093979,-0.026368840323800612
2022-02-12,,,,-0.004331303701592346
2022-02-13,,,,-0.0034201131523168018
2022-02-14,-0.003847942065319174,-0.010862012444959839,0.014665707402630832,0.011563582476152965
2022-02-15,0.015643739212372925,0.010579449817421049,-0.007090323521464285,0.045799539033375025
2022-02-16,0.0008808327792157024,0.0038815031011821487,0.008267171843873357,-0.014945770582375562
2022-02-17,-0.02140050300402348,0.0024180408790117854,0.016174288700228343,-0.07893584524190478
2022-02-18,-0.007192042117620436,0.0047562643473089885,-0.0011579558112661994,-0.013722874621601398
2022-02-19,,,,0.0022524556784892804
2022-02-20,,,,-0.04424951237804085
2022-02-21,,-0.0036465300946314574,0.004518950467649081,-0.03548872077511476
2022-02-22,-0.010194654042815754,-0.013066431505843214,-0.0005244113602796085,0.032700323705569245
2022-02-23,-0.01858379019433392,0.010633771319158894,0.001572409779400535,-0.02712666729613064
2022-02-24,0.014846059711535551,-0.020482842583403268,0.008344681779933456,0.02950303841785936
2022-02-25,0.022126148364756827,0.009689466035413347,,0.022448743309547527
2022-02-26,,,,-0.0024028068977557807
2022-02-27,,,,-0.03714787989429945
2022-02-28,-0.002445600339325641,0.0017979113686613782,-0.012911498987074308,0.13619638180923135
2022-03-01,-0.015594426756135317,0.008268408019219735,0.02242258071257836,0.028129262367851886
2022-03-02,0.01847098344898933,-0.008934328733765632,-0.01112243431055554,-0.011490722821689309
2022-03-03,-0.005268565551901082,-0.005907863973662246,0.0070499488510892775,-0.03357274082327994
2022-03-04,-0.007965657901416316,-0.012201661980325944,,-0.08141916578689086
2022-03-05,,,,0.006445268910882977
2022-03-06,,,,-0.02552102613511707
2022-03-07,-0.02996252255053501,-0.03246902715210807,0.030522741806047686,-0.009899607067966987
2022-03-08,-0.007260127998095252,-0.02028110270280948,0.023471071499430698,0.01875797481225212
2022-03-09,0.02537367234563523,-0.00919488233400468,-0.0273364411373376,0.0789811583794666
2022-03-10,-0.0043010818993905854,0.015609782174908934,0.00611745376670385,-0.06179827529059126
2022-03-11,-0.013046288284512193,0.0031816348053785447,,-0.017559778866166866
2022-03-12,,,,0.002169077961003059
2022-03-13,,,,-0.026680711220346588
2022-03-14,-0.007448628397104686,-0.031073281758331534,-0.019994607330845897,0.04851493869451841
2022-03-15,0.021182551140656723,-0.046818223798492105,-0.015988002811592635,-0.009762377929264434
2022-03-16,0.022136998842954763,0.04233367450780907,-0.010680244270568701,0.045602420886331374
2022-03-17,0.012272191404503483,0.01944834690304503,0.0176517925562213,-0.004971150076579649
2022-03-18,0.011594770446318643,0.006632509378815718,,0.020633851957486002
2022-03-19,,,,0.0110761982259443
2022-03-20,,,,-0.022920688714542246
2022-03-21,-0.00043476799985616853,-0.0016774886186894937,-0.00707519671028932,-0.006172709093756024
2022-03-22,0.011240769260246017,-0.0008127751785225668,-0.004154770972774851,0.03240285878694067
2022-03-23,-0.01234871315104348,0.004976679934865004,0.008189120088001482,0.01264014015261525
2022-03-24,0.014242030309045384,-0.005912424013677314,0.012771041636390179,0.025333537726348564
2022-03-25,0.0050534023741785035,-0.018215811749109162,,0.0071991617639899945
2022-03-26,,,,0.004883052941247214
2022-03-27,,,,0.05057583315890622
2022-03-28,0.007119559648821334,-0.00627176742000838,-0.011481417769848117,0.0052360598108712395
2022-03-29,0.012182027285255538,-0.0034602653748698926,-0.014330463308096654,0.007276297517633474
2022-03-30,-0.006313610350948985,0.028603897597295702,0.012421228743773695,-0.007913375475048364
2022-03-31,-0.01577632727939729,-0.00743217171716696,0.007717675680733434,-0.0334804489295444
2022-04-01,0.003404485526057287,0.012604358538713459,,0.01681553856282719
2022-04-02,,,,-0.01055292722118996
2022-04-03,,,,0.012926072967328547
2022-04-04,0.00805832262263298,,-0.010562480661338282,0.004772355246233056
2022-04-05,-0.012631155137050305,,-0.0033725094875440846,-0.024378479773935625
2022-04-06,-0.009764386222700547,-0.0028852479031954864,-0.002289402113446355,-0.052628885538788736
2022-04-07,0.004244352439511796,-0.012921314588664216,0.007783351870917213,0.006349520876397949
2022-04-08,-0.002654507487977465,0.005135161470400351,,-0.027368925947900156
2022-04-09,,,,0.011570882370730222
2022-04-10,,,,-0.014816830750435883
2022-04-11,-0.01702133376294985,-0.031379962853850765,0.00536111392820507,-0.06472522674925
2022-04-12,-0.0034233936348681705,0.019300022742168296,0.014343200746936884,0.014602835676263875
2022-04-13,0.011112682823133003,-0.009671085544685218,0.004399390170718838,0.025983163710675532
2022-04-14,-0.012218479951525796,0.012442381488818982,,-0.02953254629566512
2022-04-15,,-0.0006730053521678835,,0.015504186535965254
2022-04-16,,,,-0.004398218154745267
2022-04-17,,,,-0.01695738953943105
2022-04-18,-0.00020491150171664794,-0.00535480679606593,0.0008573950846767412,0.027328856529974667
2022-04-19,0.015930040161497565,-0.0075844088869514974,-0.013858441547712487,0.017010105661817872
2022-04-20,-0.0006187189576933424,-0.01562606057334658,-0.0017394867785295897,-0.0032580786866236106
2022-04-21,-0.014862847316476122,-0.01858576647421427,-0.003847835853396679,-0.021650204220577077
2022-04-22,-0.02813199052103028,0.004350069538581677,,-0.019279568620928587
2022-04-23,,,,-0.007355297482112126
2022-04-24,,,,0.0011662991611344688
2022-04-25,0.005681687572860796,-0.050684313507051736,-0.027146273177036523,0.02410901464310755
2022-04-26,-0.02855002843027312,-0.008103710209960037,0.0043217101100108905,-0.05894244729079753
2022-04-27,0.0020959051404105173,0.029018945833929406,-0.008290914336737456,0.02921765309045266
2022-04-28,0.02444564600458133,0.006542467990222254,0.0029122892628318355,0.012786440994917256
2022-04-29,-0.03695920232685872,0.023971364575462072,,-0.029799598061566585
2022-04-30,,,,-0.024426973061647848
2022-05-01,,,,0.021311786616751472
2022-05-02,0.00565927003737552,,-0.014754322351767001,0.0013770706950420246
2022-05-03,0.004825441551572873,,0.0037491340578088292,-0.020884377467522704
2022-05-04,0.029425235047606604,,-0.0009627213665426512,0.0509114409085743
2022-05-05,-0.0363007239912506,-0.0015025325354162157,0.003685409432387655,-0.08253186096520268
2022-05-06,-0.005690318260649576,-0.025610629176583598,,-0.014748106822227611
2022-05-07,,,,-0.015138025693556722
2022-05-08,,,,-0.04050720628321832
2022-05-09,-0.03256155498687775,-0.008057837786967968,-0.009158406943056667,-0.12376463023480815
2022-05-10,0.0024548671098168664,0.010883347926131057,-0.00951461389016109,0.02987006570761346
2022-05-11,-0.016600202520523653,0.014323427031135401,0.00687473950196576,-0.06458431755829856
2022-05-12,-0.0012968422441889949,-0.004456124200654748,-0.01582285682366965,-0.003176892007991344
2022-05-13,0.023589314531626496,0.007514499319351581,,0.010587049886207067
2022-05-14,,,,0.026818845838298848
2022-05-15,,,,0.04002221732969961
2022-05-16,-0.003954237650276509,-0.008070386175319301,-0.005826433236292038,-0.04774467575533872
2022-05-17,0.019968898134440815,0.01239587209317927,0.0026975710707128485,0.019524062402884027
2022-05-18,-0.041233767985439373,-0.003495964949951282,-0.0016507101800434184,-0.05934638366953175
2022-05-19,-0.005850892213605512,0.001924543014664514,0.013836320377335102,0.05501339585861816
2022-05-20,0.00014611357151915558,0.01931422392413769,,-0.037906849155408935
2022-05-21,,,,0.008735289246922672
2022-05-22,,,,0.02853451734867443
2022-05-23,0.018385022946529016,-0.00580946542516787,0.0035782092935584546,-0.04019746335388886
2022-05-24,-0.008153945948249348,-0.02366975885663377,0.009479765056118404,0.018910372507665432
2022-05-25,0.009406385602538606,0.006051139482764816,-0.01029187089106575,-0.0036526912867880634
2022-05-26,0.019688139439344957,0.0024723503169295806,0.0007038631547528938,-0.01147702323413387
2022-05-27,0.024441095491293145,0.0020664627572427726,,-0.02083989011738669
2022-05-28,,,,0.01478120140035504
2022-05-29,,,,0.014980029593171514
2022-05-30,,0.006903861888979784,,0.07384152068322566
2022-05-31,-0.0062940551963996914,0.015393368948359904,-0.001299826872784843,0.002207294411122458
2022-06-01,-0.007510923912143033,-0.0020404425590094025,0.0003251151478108079,-0.06480066440141383
2022-06-02,0.01826326273820275,0.0015637334562056471,0.01216966179647659,0.021808545145075842
2022-06-03,-0.016482457202400495,,,-0.025089253439258094
2022-06-04,,,,0.005486438721777539
2022-06-05,,,,0.001629381413158566
2022-06-06,0.0031324562641237242,0.018535715673528734,-0.014882189906796895,0.04748234454494134
2022-06-07,0.009478331934066117,0.003127545175597048,0.004552853392914208,-0.007642077373598052
2022-06-08,-0.010852585537420805,0.009687012435148907,0.0023765810040960672,-0.0302385325762323
2022-06-09,-0.02408646993373481,-0.010515278868290012,-0.001890002452609683,-0.0034428237272255834
2022-06-10,-0.02954242533536117,0.015050208851421411,,-0.034287953100686115
2022-06-11,,,,-0.023655269970610272
2022-06-12,,,,-0.06536082646110176
2022-06-13,-0.039539873198958186,-0.011779442685741708,-0.011360978881656643,-0.16994650649014775
2022-06-14,-0.0037808440639954524,0.00783678101272181,-0.010275662578204298,-0.013034510059493307
2022-06-15,0.014487056184644877,0.013154663590148457,0.0031984145497018007,0.018804538438670113
2022-06-16,-0.033052215017083934,-0.006603934754169606,0.016544645583129645,-0.10209372946306076
2022-06-17,0.0021984287507105164,0.01378204100314752,,0.0028409666632512104
2022-06-18,,,,-0.07399058863227703
2022-06-19,,,,0.08045546642069713
2022-06-20,,0.00495170275624372,,-0.00023815599330058372
2022-06-21,0.02418248850178457,-0.001122920635555852,-0.006083668953614641,0.007173211489656074
2022-06-22,-0.0013023811491289687,-0.012784907844165253,-0.00010897400980656014,-0.037097912389134506
2022-06-23,0.0094870490606574,0.017008942177282417,-0.004861405177110212,0.05528540545206762
2022-06-24,0.030105537080807647,0.01164723963140264,,0.005963029982731665
2022-06-25,,,,0.012313812046550727
2022-06-26,,,,-0.0209913334716638
2022-06-27,-0.0029775299301252065,0.011198178344481736,-0.0029062614703880903,-0.015000149590298991
2022-06-28,-0.020348658383248716,0.010355132049391327,-0.0019238703199335266,-0.022055019724112574
2022-06-29,-0.0007120065009618694,-0.015521166896230603,0.0,-0.008254708379695368
2022-06-30,-0.00879781483060845,0.014293384092948589,-0.005627911566081535,-0.009226323569142445
2022-07-01,0.010498459915641863,-0.004086366646698676,,-0.03387455641438618
2022-07-02,,,,-0.0010232145929488386
2022-07-03,,,,0.003460166188893997
2022-07-04,,0.006540426651014198,,0.045846559119908814
2022-07-05,0.0015829235665797978,-0.0014445385498197468,-0.02430675222416143,-0.0007521699466865215
2022-07-06,0.003566747349581468,-0.014712763613621886,-0.01565567343330285,0.017688634164979986
2022-07-07,0.014853713471199018,0.0043981197353706435,0.0018410913663758606,0.0510408441229246
2022-07-08,-0.0008305563153684295,-0.003311451643913865,,-0.0012300863998734924
2022-07-09,,,,-0.0010972553515656218
2022-07-10,,,,-0.03488520324351591
2022-07-11,-0.01159442997810581,-0.016886800625125216,-0.004609099592399419,-0.04333866155466111
2022-07-12,-0.009286899019016758,-0.00945989168631905,-0.003992483243427217,-0.032185726786570605
2022-07-13,-0.004466859031662644,0.0018158493387997882,0.006184454587163002,0.04644994166449882
2022-07-14,-0.0030031001895847553,0.00014114603663379897,-0.017261347416831937,0.01645643955181942
2022-07-15,0.01901922349251537,-0.017161413406711068,,0.011547756857777876
2022-07-16,,,,0.018309063846141182
2022-07-17,,,,-0.020207614548955366
2022-07-18,-0.008398790728860633,0.010317239619969458,0.0025761138368458536,0.08040087969761855
2022-07-19,0.027253558019802913,-0.005431031823123651,0.00029232073639129977,0.038510505866914874
2022-07-20,0.005878503718335059,0.0033812176057727143,-0.006156752274987676,-0.008364588269554728
2022-07-21,0.009813054238448901,-0.011206874210108663,0.007733809346685208,-0.0026828747852485446
2022-07-22,-0.00937626992342271,0.0005121373111916692,,-0.020852545520100147
2022-07-23,,,,-0.00951805765824746
2022-07-24,,,,0.0054037984635419275
2022-07-25,0.0013142512363463167,-0.006056199708393854,0.0033211975175041807,-0.05836128643919286
2022-07-26,-0.01161033289574997,0.007883123406785458,-0.0008147114044680675,-0.002500553586581752
2022-07-27,0.02582003453356371,-0.004943924734437172,0.0008147114044679789,0.07738380986980761
2022-07-28,0.012060363275690102,0.0001490998983913752,0.020326020056230736,0.03810469043606154
2022-07-29,0.014107749538291978,-0.01323781177981093,,-0.003179052028244095
2022-07-30,,,,-0.005910349740388005
2022-07-31,,,,-0.014095542892970396
2022-08-01,-0.002827038634318699,0.004445632161798917,0.010376889916060065,-0.0013827281449701734
2022-08-02,-0.006684702509967414,-0.01968794380315767,0.001183932485015835,-0.012218103648683852
2022-08-03,0.015517460750035557,-0.009796995413870514,-0.007862698538021998,-0.007326040092072898
2022-08-04,-0.0007776471390832699,0.00846180365938095,0.01706074431781279,-0.00918723955318755
2022-08-05,-0.0016270689959386672,0.013409496864926228,,0.030320068754988872
2022-08-06,,,,-0.015740048733732196
2022-08-07,,,,0.01002187509686214
2022-08-08,-0.0012383454103545306,-0.0021288439800110767,-0.0008936551086252871,0.02728316385591892
2022-08-09,-0.004257782198348112,0.0019796836082771768,0.004015173808258886,-0.028517998432756944
2022-08-10,0.021067154907856916,-0.011263083269375751,0.0009456791514999438,0.03465457920641353
2022-08-11,-0.0007056718966173459,0.020185479801945308,-0.0035648675863356478,-0.0011524442695005587
2022-08-12,0.01717407440983608,-0.0005700866853108008,,0.019175495479244735
2022-08-13,,,,0.0017935682064172745
2022-08-14,,,,-0.0057318503517824184
2022-08-15,0.003961629423932771,-0.0013059834752443106,-0.004922536090875394,-0.008309192617998146
2022-08-16,0.0018739092755182558,-0.0018748092421391452,-0.004721497164166699,-0.010213085427219406
2022-08-17,-0.00726407864047862,0.009320122737521343,-0.007351311097717294,-0.021986358616773626
2022-08-18,0.002266944033161183,-0.008779319607783253,-0.0030695794907017954,-0.005775494335851965
2022-08-19,-0.012983869381359623,-0.006969037360355997,,-0.10785077573700745
2022-08-20,,,,0.014658281718560236
2022-08-21,,,,0.01773767027456491
2022-08-22,-0.021632427725287454,0.007279986355266819,-0.012661660460554593,-0.004700300966089638
2022-08-23,-0.002240309064050325,-0.004871462726846126,0.007410207099665497,0.004700300966089584
2022-08-24,0.002911907251337381,-0.019084706128947554,0.0002861148484511687,-0.007089185147397697
2022-08-25,0.013993218645290096,0.008250175475200773,0.005705172937100948,0.009326748345078488
2022-08-26,-0.03426852674898546,-0.0021133816000662377,,-0.06294032323311226
2022-08-27,,,,-0.0107240166060606
2022-08-28,,,,-0.024440322104614446
2022-08-29,-0.006688723509263949,-0.004399139955379259,-0.01207626637747616,0.03742845153189839
2022-08-30,-0.011089367791653617,-0.0033630108202485323,-0.005658867162444291,-0.02510583762043946
2022-08-31,-0.00784776025709875,0.0007480413316662511,-0.005807554507458039,0.012616737591352373
2022-09-01,0.0029917276491103818,-0.00864262795384129,-0.01012740984250987,0.004092612135118776
2022-09-02,-0.010794530441166154,-0.004990496700456968,,-0.008653007671675636
2022-09-03,,,,-0.006097932383837304
2022-09-04,,,,0.008460733400998777
2022-09-05,,-0.002035069566298456,,-0.010393881424441757
2022-09-06,-0.00410344720981454,0.009135245632035893,0.0022333244663240433,-0.05220018831958078
2022-09-07,0.018174804228558855,0.0006660696955126078,0.008650977496975703,0.02601288318847885
2022-09-08,0.0065890133889801,-0.004275485774353514,-0.004433045057274935,0.0018601571729620274
2022-09-09,0.015155971507018435,0.01380092174768673,,0.1007571859978744
2022-09-10,,,,0.013260499871617822
2022-09-11,,,,0.008485677095566886
2022-09-12,0.010528639881468727,,0.011739543204048419,0.025341508292858663
2022-09-13,-0.04419911011958206,0.004221873691642704,-0.013787704964022594,-0.1043821184204521
2022-09-14,0.003381271704881856,-0.01119076507359907,-0.005227157821444004,0.0023268489135955936
2022-09-15,-0.011382294724738607,-0.009450819681048678,-0.018663246016964747,-0.026090919472933103
2022-09-16,-0.007208044914246866,-0.023730352970870634,,0.005098216039068636
2022-09-17,,,,0.015588088929563204
2022-09-18,,,,-0.035149562418737124
2022-09-19,0.006833745439536254,-0.0011907368199603283,0.00047984645834341316,0.006165681263155335
2022-09-20,-0.01133612455307255,0.0012314207162627212,-0.003965636393346954,-0.03470681294754452
2022-09-21,-0.017264673789774226,-0.007429304885353468,0.0028856578879451525,-0.020524576654327262
2022-09-22,-0.00846330926893181,-0.008848556461146075,0.003356110066095668,0.04830326973475443
2022-09-23,-0.017382826077567966,-0.003448386405142729,,-0.005710978762565603
2022-09-24,,,,-0.019273884321029076
2022-09-25,,,,-0.006467299182063602
2022-09-26,-0.010394376865970473,-0.0050281541582743354,-0.02901569260259319,0.022220857534811345
2022-09-27,-0.0021226109775338642,0.014390264068441532,0.0017845609486635584,-0.00755485010391846
2022-09-28,0.019481144387776417,-0.016469741530646745,0.020567842000334395,0.017146840140749638
2022-09-29,-0.02135277627216209,-0.0004101438826541175,0.0019856199550158894,0.009332443899675441
2022-09-30,-0.015181392276394085,-0.005830706387769059,,-0.008714428738633994
2022-10-01,,,,-0.005736444635815628
2022-10-02,,,,-0.013538905745110054
2022-10-03,0.02555462879740763,,0.01999590545941321,0.02978982192953548
2022-10-04,0.03012534086530393,,0.016537029209888362,0.035626821015157586
2022-10-05,-0.0020200133350643033,,-0.005753989895332731,-0.009022795836723005
2022-10-06,-0.010297920383574249,,-5.829034422093469e-05,-0.010011501023665149
2022-10-07,-0.028403167167490584,,,-0.021546619619976805
2022-10-08,,,,-0.005972343749767464
2022-10-09,,,,0.0013382748548720444
2022-10-10,-0.00752066754461965,-0.022310757029118024,-0.02682107844093271,-0.01588602348176117
2022-10-11,-0.006540572639369859,0.0018124143225602156,0.006445859381776842,-0.003953536753002437
2022-10-12,-0.0032961833504644216,0.01507483286473731,-0.005129439852271433,0.005008659156279998
2022-10-13,0.02563429144689717,-0.008395985093546627,-0.00029903412202138865,0.011677949531909542
2022-10-14,-0.023947163771951822,0.023647802352519565,,-0.010269373681980668
2022-10-15,,,,-0.005913665421660688
2022-10-16,,,,0.010080804168016808
2022-10-17,0.02613555691190645,0.0010248567658382604,-0.007746158166826288,0.014754159024966386
2022-10-18,0.011362760181543908,-0.0021185014976271054,-0.004955291744734081,-0.011318041200283865
2022-10-19,-0.006694436704711702,-0.01621614564812168,-0.013233110751450197,-0.010626307662384548
2022-10-20,-0.007982718516093059,-0.005735955371760328,0.001717370392654602,-0.00424453302914427
2022-10-21,0.02344776785243657,-0.0032116029322584623,,0.006266134020624558
2022-10-22,,,,0.0021997850788606486
2022-10-23,,,,0.018898850083553513
2022-10-24,0.011811917059798283,-0.029697448039973876,0.010606621838045218,-0.01232320807681382
2022-10-25,0.01613576532526921,-0.0016306701754940215,0.002482968724554392,0.03812285814001525
2022-10-26,-0.007415138056792231,0.00808587189151876,0.006691407551486941,0.03362681648008443
2022-10-27,-0.0061011723843323405,-0.007069145414923938,-0.0024663891950456773,-0.023214493240710784
2022-10-28,0.024328034575769396,-0.025044285759821868,,0.014748123003812098
2022-10-29,,,,0.010404835416419725
2022-10-30,,,,-0.008857069057854714
2022-10-31,-0.007482306966126504,-0.009256764297106467,-0.011875328892903875,-0.006322578487848431
2022-11-01,-0.004109694089746853,0.03513515078371656,0.005470473161042072,-0.0006246980422677668
2022-11-02,-0.0253198028276198,0.011936717050647685,0.00018183471274758984,-0.016197057169335338
2022-11-03,-0.01064240923898342,-0.00816580678206299,-0.011643278231754196,0.0025767590717714513
2022-11-04,0.013526781457993704,0.03217239688564092,,0.04544664736261806
2022-11-05,,,,0.007336153992716376
2022-11-06,,,,-0.018253427955447616
2022-11-07,0.009568061802673562,0.0021557933007738447,0.029959358502288213,-0.015771806715048055
2022-11-08,0.005582267593980096,-0.006902692389212111,0.020904632882747343,-0.1055062351480658
2022-11-09,-0.020996774887089925,-0.009394999164874313,-0.0013412253811040942,-0.15375584718305066
2022-11-10,0.05395250428096393,-0.0077244044847251,0.023073066008443437,0.1017845217420743
2022-11-11,0.00919835904482699,0.027496571157948988,,-0.031135053395878208
2022-11-12,,,,-0.015051207310290542
2022-11-13,,,,-0.02842608447730731
2022-11-14,-0.008975957665021739,0.0014718181190023017,0.013142431275782364,0.01756060937144958
2022-11-15,0.008675381307597811,0.018786477817202482,-5.627937081152412e-05,0.016795982866118258
2022-11-16,-0.00828629787208508,-0.008202259907489436,-0.000562967981991273,-0.021211720174951095
2022-11-17,-0.003094109623737159,-0.0041107851513271804,-0.007234122200356138,0.00906971554532689
2022-11-18,0.004747288330235593,-0.0044854364377449355,,-0.00317436771755056
2022-11-19,,,,0.0036535473711682307
2022-11-20,,,,-0.025011990260322168
2022-11-21,-0.0038912128014762935,-0.008569933703021266,-0.013361701674386906,-0.031846348558620126
2022-11-22,0.01348857192195737,0.00011673100149877734,0.00017243856918730844,0.027304746394237755
2022-11-23,0.005897283130642713,0.001049966290729706,0.003270695786135673,0.0250341972804108
2022-11-24,,-0.004440709842156093,,-0.001366437032967646
2022-11-25,-0.000283110944129042,0.005036790826145527,,-0.0053694241676326745
2022-11-26,,,,-0.003385021795238063
2022-11-27,,,,-0.0018794425596713087
2022-11-28,-0.015564652905563017,-0.011330494553618233,-0.003040823938678007,-0.013107889600251827
2022-11-29,-0.0015931188727940442,0.030386185136006827,0.009151811287561607,0.014008516448690502
2022-11-30,0.03047858758258928,0.0011997726545848466,-0.0017666338830357483,0.043066620732269474
2022-12-01,-0.000868000270271791,0.010772180403977311,0.03088918575861197,-0.011243413624476799
2022-12-02,-0.0011953459028422096,-0.006134672561940153,,0.0071391971065628435
2022-12-03,,,,-0.012308083129285996
2022-12-04,,,,0.013418992961657073
2022-12-05,-0.01805628360207544,0.019425438427873504,-0.018925896373732386,-0.008574222621603943
2022-12-06,-0.014503849921748772,0.0053871979972966505,0.0006760944536088224,0.00721172500571062
2022-12-07,-0.0018640849162627044,-0.0024625831202904065,0.00869204967756909,-0.01498060410876798
2022-12-08,0.007493612090724109,0.00018692485927706206,0.0017851170644714316,0.022930522126321674
2022-12-09,-0.00737668721482345,0.009817331174266935,,-0.005822195455372359
2022-12-10,,,,8.758382507512762e-05
2022-12-11,,,,-0.001981269185975321
2022-12-12,0.014178262831053962,-0.011268178303756598,-0.005140824911443775,0.0068272783899374035
2022-12-13,0.007263262233261697,-0.0019647764551893178,0.018483583411609654,0.03248163457377132
2022-12-14,-0.006071158028413109,0.0023314784052212915,-0.0037467672902170616,0.0010007028241979144
2022-12-15,-0.025237460791963953,-0.0007335384197144567,-0.017204845195561116,-0.02505216003655809
2022-12-16,-0.011200267830704025,0.0005666424814729427,,-0.04275978961660503
2022-12-17,,,,0.008830621312572414
2022-12-18,,,,-0.002148087537089654
2022-12-19,-0.009048278034291597,-0.015549313280282608,0.005823736921141112,-0.018070311847099
2022-12-20,0.001036747011419641,-0.01662768294182204,0.015292851231100654,0.027682826751378706
2022-12-21,0.014758594440961796,0.00039688964377908916,-5.4988864768676436e-05,-0.004209334323477952
2022-12-22,-0.014557129502374849,0.0014321922159224205,-0.01663470572797126,-0.0006656286275882096
2022-12-23,0.005850906388984781,-0.002038034433451823,,-0.0024702614072989095
2022-12-24,,,,0.003456659885271807
2022-12-25,,,,-0.0003207698503848077
2022-12-26,,0.003980864804760404,,0.005114100373093323
2022-12-27,-0.004057826255056132,0.011475497598615993,0.015424185056325368,-0.012610132539383834
2022-12-28,-0.01209346269904926,-0.004276270160123968,-0.004137822791637694,-0.009617453980601846
2022-12-29,0.017310618960093668,-0.0037681399044427687,0.009464140191153608,0.005436597624475187
2022-12-30,-0.0025439680351095257,0.0038637114546731023,,-0.0017567295665636296
2022-12-31,,,,-0.004211853706845614
2023-01-01,,,,0.004886032678735719
2023-01-02,,,,0.0033580966717113776
2023-01-03,-0.0040085443908070935,0.004193559105665985,0.01094752362160995,-5.9972712414896845e-06
2023-01-04,0.007510674075384772,0.001298058877651106,0.006963402944920218,0.010612663474122997
2023-01-05,-0.011713902384519219,0.019241123115300105,-0.009947103316687557,-0.0013241535221213015
2023-01-06,0.02258384117602654,0.003097064292234389,,0.0071698051711684445
2023-01-07,,,,-0.0004307483581629057
2023-01-08,,,,0.01029877638882619
2023-01-09,-0.0007679298504944067,0.008063581265547801,0.020009273419690617,0.0035627794682971514
2023-01-10,0.0069540205524518915,0.0010833576176727453,-0.0006925392493715316,0.014963074383697988
2023-01-11,0.012767544131228952,-0.0018536286839693113,0.0012781596244014503,0.02844624189664363
2023-01-12,0.0034101315868827887,0.001953188876899663,0.010535608477686132,0.049420823491969114
2023-01-13,0.003988850553225138,0.013966676413846057,,0.05549371901719796
2023-01-14,,,,0.050454381852084146
2023-01-15,,,,-0.0037477934780291273
2023-01-16,,0.015484324893075295,,0.014473436373142249
2023-01-17,-0.0020325261125498277,-0.0001740139215529036,0.005828776971945872,-0.0022258304657802363
2023-01-18,-0.015685001660276407,-0.0016764341607909729,-0.0015195580486898025,-0.02231738948328179
2023-01-19,-0.00766766960752083,0.006203014705126925,0.008823049222507892,0.019669247200561277
2023-01-20,0.01874167155917249,0.006121728878777943,,0.07297836639886768
2023-01-21,,,,0.004334163681229858
2023-01-22,,,,-0.002985700328280696
2023-01-23,0.011811328415709267,,0.002439975253356963,0.009105059690789825
2023-01-24,-0.0007117296325210936,,0.00351967237055815,-0.01242661112429178
2023-01-25,-0.00018174643434897735,,0.003713258521387887,0.01850007673571837
2023-01-26,0.010947717569977039,,-0.006507279069298881,-0.0016973768539298867
2023-01-27,0.0024917027916841637,,,0.002542819211521826
2023-01-28,,,,-0.002025921196151413
2023-01-29,,,,0.031006524014003892
2023-01-30,-0.013053559781991077,0.004728693941021588,0.00010362157410449977,-0.03954122794690681
2023-01-31,0.014536285322318165,-0.010645920643544898,0.00331023370439505,0.01274678738174898
2023-02-01,0.010398089735210484,0.009355026269971381,-0.0011883542693786767,0.025636026241461586
2023-02-02,0.014592431217642185,-0.003528679524653588,-0.006275140518868005,-0.01263981946030505
2023-02-03,-0.010408643989373002,-0.009496898158746308,,0.0001536531028147174
2023-02-04,,,,-0.004594169132803973
2023-02-05,,,,-0.01676656988356166
2023-02-06,-0.006159416919169087,-0.013307587395367648,-0.026890427119214723,-0.007624036334087598
2023-02-07,0.012790383040919152,0.0017968226750403882,0.002828403305106161,0.02129455539294304
2023-02-08,-0.011142539811002886,-0.004428203266323136,0.003032965849611984,-0.012424347823569675
2023-02-09,-0.008869043032445954,0.013335155571064223,-0.006502874576055148,-0.05238802591276047
2023-02-10,0.002192865258876484,-0.005960802724917957,,-0.007253500226745888
2023-02-11,,,,0.010336959898858165
2023-02-12,,,,-0.0033450517597551008
2023-02-13,0.011383550959928976,0.009032920078334061,-0.00799982790430492,-0.0006519832919193248
2023-02-14,-0.0002804160812822511,0.0004150148572149143,0.0010236794083784665,0.01937242050384321
2023-02-15,0.002769285655189374,-0.005224356360517664,-0.010828476137580161,0.09159912084876974
2023-02-16,-0.013884644172642286,-0.007350486657103042,0.003477886344438261,-0.03293973054232713
2023-02-17,-0.0027712852059047503,-0.014513050008866957,,0.04298451719616189
2023-02-18,,,,0.002353425237071731
2023-02-19,,,,-0.01342636697790049
2023-02-20,,0.024237229525140153,,0.02183944324856283
2023-02-21,-0.020244784414123935,0.002623874399763394,-0.0050032734347201,-0.015776282670308638
2023-02-22,-0.0015747857327715093,-0.009065300286327136,-0.0004907975558643857,-0.010860084572513602
2023-02-23,0.005315273460274993,-0.0008038389831907959,-0.007940678618124069,-0.010402625659407791
2023-02-24,-0.010593457421727142,-0.010435260713893403,,-0.031610302907362
2023-02-25,,,,-0.0010958290568011662
2023-02-26,,,,0.016805175820937216
2023-02-27,0.0030683048311681872,-0.004246825278551789,0.003348248043913971,-0.002745853194231456
2023-02-28,-0.0030405976856194583,0.006315576931124553,0.006445292139720014,-0.015597232841134635
2023-03-01,-0.00473646161527038,0.014025899739836018,0.004725573009966119,0.02188115785620276
2023-03-02,0.007553542016924832,-0.002231743092156119,-0.002658782325379654,-0.007506255047260328
2023-03-03,0.016018800257414187,0.003106100852198972,,-0.04850382607377145
2023-03-04,,,,-0.00032661096674149173
2023-03-05,,,,0.003626995583116498
2023-03-06,0.0006869235239955045,-0.005228446438709863,0.007631765547049764,-0.0008162664961023076
2023-03-07,-0.015445639173959797,-0.01474923340091822,-0.01883253829528455,-0.009514102944341123
2023-03-08,0.0014138210863556078,-0.0036471827991763897,-0.0007695267790286521,-0.02218335227904898
2023-03-09,-0.018631872945282475,-0.003541118878447414,0.00875949978374268,-0.06414923617053664
2023-03-10,-0.014583974750190179,-0.013199156440451406,,-0.010123857090679637
2023-03-11,,,,0.015301522940236992
2023-03-12,,,,0.07196779951519926
2023-03-13,-0.0015108816132590817,0.010419072592617476,0.043674131745054544,0.09200311064814035
2023-03-14,0.016342380801371525,-0.006002477554430798,-0.002926270573284095,0.023981925379377777
2023-03-15,-0.007005336398235209,0.0005519594700824069,0.010619016031227942,-0.01702693516652633
2023-03-16,0.01740955128696453,-0.012049022574881758,-0.004306884689773978,0.029275648777013677
2023-03-17,-0.011080586449227313,0.004981037068741699,,0.09120388710913625
2023-03-18,,,,-0.01757852369211306
2023-03-19,,,,0.03806324645314298
2023-03-20,0.008878824909597214,-0.004998807557798886,0.03062352055763916,-0.00855620961477096
2023-03-21,0.01289863554198477,0.010932437015542789,-0.021255164469373207,0.014095461232508232
2023-03-22,-0.016600211922495948,0.004274720797623949,0.004369400633950762,-0.030784886149840013
2023-03-23,0.0029800838470393862,0.00986506775729654,0.023470853104955048,0.037757038303528764
2023-03-24,0.005623958124210314,-0.0029853210933228945,,-0.030429311399456684
2023-03-25,,,,0.00048782442200934423
2023-03-26,,,,0.017959295371658163
2023-03-27,0.0016455897389303137,-0.003624593962913617,-0.021318882197109413,-0.030624878726817416
2023-03-28,-0.001575080840930101,-0.003237650403883088,0.010032421884059723,0.00486837260999791
2023-03-29,0.014136861145886559,0.001656330595453232,-0.003349916847054823,0.03914001208101367
2023-03-30,0.005698994460609173,0.008052580161697548,0.010921886391898377,-0.011383612434751979
2023-03-31,0.014333332809426856,0.003065720013925533,,0.015723327221622046
2023-04-01,,,,-0.0006183053712014326
2023-04-02,,,,-0.009100856398346456
2023-04-03,0.003692093649516912,0.009737840260357213,0.0014071061168841527,-0.014150135027022908
2023-04-04,-0.005813920385208212,0.003058460925891553,0.01895249108035316,0.012947211672114715
2023-04-05,-0.002495429192470336,,-0.0012819882432279091,0.0003230507377499075
2023-04-06,0.0035727397253701647,-0.0015756600420312177,,-0.004867453597029822
2023-04-07,,0.006481837602190746,,-0.0045149869985462105
2023-04-08,,,,0.0011029228570780215
2023-04-09,,,,0.0136989904375126
2023-04-10,0.0009958450470119054,-0.004489506318700839,-0.01591439992978725,0.04535724552955268
2023-04-11,-4.137234502690973e-05,-0.0011358984080491825,0.007590927381153892,0.019001216611731604
2023-04-12,-0.004143458650798345,-0.0006977788470651775,0.0028318075410925184,-0.01075622723922899
2023-04-13,0.013175446748330008,-0.0069334257649321,0.014822381428692903,0.016624521387105223
2023-04-14,-0.002071498810492095,0.0056414942944898175,,0.002796588737847724
2023-04-15,,,,-0.005690126439801249
2023-04-16,,,,0.0003530776362000415
2023-04-17,0.0033007789687629755,0.013925077401933932,-0.02384245105734357,-0.029306543585919605
2023-04-18,0.0008547842551524592,0.0030440105271925416,0.006337504681671336,0.031675865450576095
2023-04-19,-8.424204429116194e-05,-0.009043588587822095,-0.006137284438735836,-0.05300594212929916
2023-04-20,-0.005970339945819703,-0.0028017955635364533,0.005888534406359484,-0.020093850628871344
2023-04-21,0.000902785990925368,-0.019753662042123383,,-0.035160624911318515
2023-04-22,,,,0.019939402798821927
2023-04-23,,,,-0.008031765773596955
2023-04-24,0.0008512120612239251,-0.012458973842972497,-0.009599113802895154,-0.0029800006445202063
2023-04-25,-0.01593714559496794,-0.005026875490724412,0.0022580735690522664,0.028295271603186112
2023-04-26,-0.003848609877111783,-0.0008684785761546444,-0.004118539221972018,0.004435566494661997
2023-04-27,0.01937716738000212,0.007345600586927416,0.006071420341356488,0.03631801289044239
2023-04-28,0.008219359612570367,0.010145381506763142,,-0.005241713632738958
2023-04-29,,,,-0.002995430539869467
2023-04-30,,,,0.000615529836724491
2023-05-01,-0.0003862138497272949,,-0.003407499789334789,-0.040979260553167564
2023-05-02,-0.011653897528004022,,0.015490286074083613,0.02084778228454468
2023-05-03,-0.00702288909058116,,0.006748295441657075,0.01228940443594339
2023-05-04,-0.007244906241251436,0.00028786476510731787,0.009138285304821438,-0.006273166840045821
2023-05-05,0.018306159168068423,-0.003322926882615522,,0.023001495593775362
2023-05-06,,,,-0.022481557697308092
2023-05-07,,,,-0.015094059644233711
2023-05-08,0.00045199816586328297,0.011332449604331519,-0.011005515958879762,-0.02689513980443325
2023-05-09,-0.004589891663841041,-0.008597748542926838,0.004759460420860275,-0.0012873970685294961
2023-05-10,0.004473890233026689,-0.007728628145798137,-0.0028431391700960056,-0.001144135885932577
2023-05-11,-0.0016980602174566785,-0.001554924050665389,-0.008182222304983427,-0.02270976270443119
2023-05-12,-0.0015845521626198357,-0.01334459703851306,,-0.006853531763713522
2023-05-13,,,,-0.000810053668352357
2023-05-14,,,,0.00530752211987933
2023-05-15,0.0029538685652344835,0.015404788891857481,0.0010882470405214307,0.009755381511792139
2023-05-16,-0.006398135861993161,-0.005184853224313922,-0.014792211346255224,-0.005481466789453556
2023-05-17,0.01182066016444788,-0.004545015747444424,-0.0040725061942627405,0.013512726181591727
2023-05-18,0.009400774284705668,-0.0010358453929137635,-0.012726107816813955,-0.021210027442966663
2023-05-19,-0.001446955746059144,-0.002918764041134686,,0.0020442785028463657
2023-05-20,,,,0.008640938520314112
2023-05-21,,,,-0.013600600243380268
2023-05-22,0.0001550459714410593,0.006264970509651149,0.00883927523108625,0.0036345222220238323
2023-05-23,-0.011285515564489972,-0.014244416568951436,-0.0013665007061001199,0.013812456038375725
2023-05-24,-0.007345550785867146,-0.013921493756836314,-0.005026539485934904,-0.03332950880157233
2023-05-25,0.008719564785563249,-0.002228394390530019,-0.010695289116747919,0.0055829037408665115
2023-05-26,0.01296458273531355,0.00011686111070312415,,0.008863076070105946
2023-05-27,,,,0.005450927271489932
2023-05-28,,,,0.04419902816865326
2023-05-29,,-0.004426876059141146,,-0.011890354490453094
2023-05-30,1.6644929182328236e-05,0.00099326232244409,0.012475237205370367,-0.0014863561043446493
2023-05-31,-0.006127372232971846,-0.010269474992924637,0.0025372996460233874,-0.017558719176430548
2023-06-01,0.009806229149665344,0.0021905468162677316,0.006768386279238755,-0.014698118405334007
2023-06-02,0.01442978965214366,0.01433383519976684,,0.0157484152290719
2023-06-03,,,,-0.006359023355910617
2023-06-04,,,,0.0018562843119519139
2023-06-05,-0.0020055732655681105,-0.004562638980618588,-0.010525880290900697,-0.05202261659770771
2023-06-06,0.0023511165774900327,-0.009432392560504993,0.0036561255371709133,0.05599300036088783
2023-06-07,-0.0038192757067673886,-0.00495427140359852,-0.01172645230938266,-0.033143047007399215
2023-06-08,0.00616953524709693,0.0081082981519133,0.010204690830768852,0.006002637073100349
2023-06-09,0.0011474737636884458,0.004312462523771967,,-0.0008229458905678244
2023-06-10,,,,-0.024284829978159166
2023-06-11,,,,0.0032604273615686854
2023-06-12,0.009277902665684432,0.002012725369720248,-0.004579228516838721,-0.000833410549211155
2023-06-13,0.0069086648833658285,0.005313048374202874,-0.00562546231393007,0.000871977553600903
2023-06-14,0.0008190720692196159,-0.0002303035488569539,0.00521740313968814,-0.03133500524231798
2023-06-15,0.012104580063652602,0.01578563933586021,0.0008669267989858374,0.018209995155983157
2023-06-16,-0.0036783763376504303,0.009595895584031558,,0.02888559971546776
2023-06-17,,,,0.006572560898082463
2023-06-18,,,,-0.006633303860459534
2023-06-19,,-0.008218676000249493,,0.019035802380159773
2023-06-20,-0.004746380368690653,-0.0016982493276517113,-0.011741617193255777,0.05302074333769405
2023-06-21,-0.005259081846186579,-0.015462021617016137,-0.0014451615418399804,0.057960190543077696
2023-06-22,0.003703885765053952,,-0.010958017780373197,-0.0035533388309539346
2023-06-23,-0.007688274822307147,,,0.026050715434736887
2023-06-24,,,,-0.0047637029950573445
2023-06-25,,,,-0.0022393855804887877
2023-06-26,-0.004496875789266097,-0.014160234414327068,0.005260291809832902,-0.006530320923450389
2023-06-27,0.011390657230512101,0.009334984373806601,-0.005208073852065466,0.013849532594095172
2023-06-28,-0.0003540724651995093,-0.0012047520201733976,-0.0008880763284469222,-0.020093587243137728
2023-06-29,0.00446355020531417,-0.004948696191793623,0.0023490731967237928,0.012130813632072475
2023-06-30,0.012194363266362706,0.005378201941408666,,0.0008929949738678482
2023-07-01,,,,0.003730779290162247
2023-07-02,,,,0.0010097297625291147
2023-07-03,0.0011700018289601843,0.013039059612126529,0.006030064536882598,0.01727770480605258
2023-07-04,,0.001573431161031017,,-0.012367788628054674
2023-07-05,-0.001970253636267394,-0.00777570854155971,-0.001244619773798587,-0.008341921575143655
2023-07-06,-0.007954065287478301,-0.006758710092902,-0.006089804116355945,-0.019849756169502554
2023-07-07,-0.0028692926136023467,-0.004446799052111014,,0.014381382787788317
2023-07-08,,,,-0.0018998871060355565
2023-07-09,,,,-0.004032710404558098
2023-07-10,0.002402231733022815,0.004857878427439454,0.008111525340995443,0.008200474463704366
2023-07-11,0.006719588071620385,0.006523379913585773,0.0031540058720166053,0.006815385841869582
2023-07-12,0.007383817501052891,-0.006754916498050665,0.012619434934809019,-0.007736399153118986
2023-07-13,0.008434509266769535,0.014203543930102216,0.0010699274998497285,0.03488601787967233
2023-07-14,-0.0010249061954501163,0.0001744144296452604,,-0.03718897072824652
2023-07-15,,,,-0.0008579612727814605
2023-07-16,,,,-0.0018471131312995635
2023-07-17,0.003847943597379543,-0.008222783887206436,-0.0037753220699876093,-0.0031734911155740612
2023-07-18,0.007092079866132413,-0.0031675306944741436,0.012394753825074689,-0.009095744010188547
2023-07-19,0.0023550834835142126,-0.001056345894452308,0.0,0.0014353469127597307
2023-07-20,-0.006779806181851591,-0.007083171839936658,-0.005010512291828243,-0.0036408925059706076
2023-07-21,0.0003241023001049327,-0.0004656272973109448,,0.003420203956804205
2023-07-22,,,,-0.0038263130513420587
2023-07-23,,,,0.00992078256424035
2023-07-24,0.004025974035341747,-0.004376489358261702,-0.004423998469158236,-0.030638195581484267
2023-07-25,0.0028107581456501534,0.028472172012146742,0.0007641560268940848,0.0017292540953097713
2023-07-26,-0.00015545953102232801,-0.002073604735787446,0.0032538541088519427,0.004219818896659854
2023-07-27,-0.0064454274911412875,-0.0011934398089223528,-0.012462493387706197,-0.0044216963577268995
2023-07-28,0.009829414508767577,0.022898776242357536,,0.0031535258984039544
2023-07-29,,,,0.0013124591740547148
2023-07-30,,,,-0.002449042073255444
2023-07-31,0.001467639686456588,0.005467476719656432,0.017272994600400562,-0.0016850643405734197
2023-08-01,-0.002668649552448092,-0.004150952653115663,-0.01521928950931803,0.016280052698312838
2023-08-02,-0.013936235197657028,-0.007053330613231962,-0.0018995308224625156,-0.018290117392380605
2023-08-03,-0.0025512255276715053,0.008797681285074521,-0.0031395584088899694,0.0005345852807948193
2023-08-04,-0.0053140910274567365,0.003887584080686607,,-0.0028750440081576007
2023-08-05,,,,-0.0012858067973370415
2023-08-06,,,,0.00045400297257519877
2023-08-07,0.008983583955258645,-0.007597346650639252,0.00041230738098909677,0.004217178617112193
2023-08-08,-0.004227192022498048,-0.002614846380914264,-0.005114307931711698,0.019437181979673947
2023-08-09,-0.007063636404007057,-0.0030601611841621287,-0.004620144745978764,-0.00671887478242064
2023-08-10,0.00025065629558288107,0.002052047164311205,-0.0009370120414882298,-0.004370888080880145
2023-08-11,-0.001070203664713968,-0.023275948789359627,,-0.0009580464739800695
2023-08-12,,,,0.0002514911056772984
2023-08-13,,,,-0.00436246930891375
2023-08-14,0.005733913274737526,-0.00732287876302483,-0.0023463785304165905,0.004311496492705731
2023-08-15,-0.011618060736365813,-0.0024329933000819784,-0.004552002627873012,-0.00789468806433445
2023-08-16,-0.007584130338210397,-0.007360888671129409,-0.0035197430679320464,-0.016194657959092414
2023-08-17,-0.007742762356125065,0.003338813967311588,-0.006864894679183874,-0.07556065822320618
2023-08-18,-0.00014874022775515319,-0.012370317033416896,,-0.02211181988649818
2023-08-19,,,,0.0017717242126059807
2023-08-20,,,,0.003495878504367131
2023-08-21,0.006855621481266927,-0.01449406824354715,0.004493914354054079,-0.0024772169986565407
2023-08-22,-0.002781282092229976,0.007660518939805365,0.0015286090001787205,-0.0033010099771524446
2023-08-23,0.01098433903027149,-0.016526508086723197,0.011468796338261396,0.01510430593343483
2023-08-24,-0.013549420207499292,0.00722369267609935,-0.0007292426617578517,-0.009853120396045415
2023-08-25,0.006695523315478112,-0.003842546617874608,,-0.004587041059639047
2023-08-26,,,,-0.0015401074205972707
2023-08-27,,,,0.0032042884257910955
2023-08-28,0.006245056511156882,0.011651522837660593,-0.00031269543719453474,0.0007008876281522719
2023-08-29,0.014404107984150809,0.009940779724803797,0.009286948378532183,0.059635666867798406
2023-08-30,0.0038258021699069606,-0.0004222404669376247,0.009047974537188776,-0.015452111885251092
2023-08-31,-0.0015982216816604765,-0.006153230124916032,-0.003588827230528318,-0.05116065806304789
2023-09-01,0.0017975431036151848,0.006939509848802036,,-0.005183571873700555
2023-09-02,,,,0.0025738844428269485
2023-09-03,,,,0.003908131214805073
2023-09-04,,0.015041302153315114,,-0.005703345749131906
2023-09-05,-0.004203010869610265,-0.007466195086607769,-0.006544222464147697,-0.0012826103456538907
2023-09-06,-0.006995992744252873,-0.0021723330979485146,-0.0044040381018685335,-0.0012493163364820717
2023-09-07,-0.0032164682050081963,-0.014149895949708459,-0.0008831398792129734,0.018913111490509962
2023-09-08,0.0014255841976643817,-0.0049290220697804955,,-0.0130486731416768
2023-09-09,,,,-0.00032425797321786545
2023-09-10,,,,-0.002354020023565456
2023-09-11,0.006701012782986727,0.007339330956183949,0.0026470832678462306,-0.026421647318287445
2023-09-12,-0.0057121558411206055,-0.0018437494430212753,-0.006239620909340556,0.026201036457532866
2023-09-13,0.0012408533465711885,-0.006389031036526087,-0.0014615306913126523,0.014926080304686703
2023-09-14,0.008394550741111827,-0.0008406781608238602,0.0,0.011439486084801236
2023-09-15,-0.012234084667107637,-0.006645828372941821,,0.002872434714718017
2023-09-16,,,,-0.0014671860879206609
2023-09-17,,,,-0.0012393792636192602
2023-09-18,0.000721036436838388,0.005091122529052906,0.010806422701653867,0.008796775220235163
2023-09-19,-0.0021534195529618974,-0.0019360362428194945,5.1672910488242346e-05,0.016516132472732377
2023-09-20,-0.009439204623110126,-0.00398859162886575,0.00684881278493511,-0.003099339546783684
2023-09-21,-0.01653687395146802,-0.009013184938534738,-0.014161175200571427,-0.020673052088901512
2023-09-22,-0.0022982509659402743,0.0179431829486363,,0.0004477732761700026
2023-09-23,,,,-0.00010157803364952855
2023-09-24,,,,-0.012405824752057967
2023-09-25,0.004015021275818627,-0.006528473465310141,-0.0015627444968185583,0.0019484652491511363
2023-09-26,-0.014844128717961364,-0.005861651426068737,-0.008691609247866708,-0.0031910707636782203
2023-09-27,0.00022929233000634007,0.002058596310348497,-0.015528015437877097,0.005598569344335355
2023-09-28,0.00587577688747319,-0.002971577365067408,-0.0014966061909385908,0.024594458829234323
2023-09-29,-0.002713168675515421,,,-0.004183020391377005
2023-09-30,,,,0.001963896867695515
2023-10-01,,,,0.03683895153973437
2023-10-02,7.928697692236147e-05,,-0.016884183493159323,-0.0169146675615422
2023-10-03,-0.013839410161483797,,-0.003051108392896346,-0.002799740422800884
2023-10-04,0.008077093787000134,,-0.0035531783631243983,0.013129656027338184
2023-10-05,-0.0013048673867472557,,-0.0015893462365139173,-0.013789773814859348
2023-10-06,0.011745628333713317,,,0.01902954046768104
2023-10-07,,,,0.0008658628756638278
2023-10-08,,,,-0.0013742804191435626
2023-10-09,0.006284032081045516,-0.0012991153469638045,0.017668784418818553,-0.012298345591459087
2023-10-10,0.005194458360886415,-0.007518566144329117,0.005910182688257994,-0.0069271402145695245
2023-10-11,0.004283828654568987,0.0028451774082108887,0.006248184595226088,-0.01895847272417185
2023-10-12,-0.006265948885271601,0.009451991893926058,-0.002238448944054114,-0.004306679015672873
2023-10-13,-0.005031477449688668,-0.010581448456261024,,0.0038191473490226824
2023-10-14,,,,-0.0003983893209890015
2023-10-15,,,,0.011419385764196639
2023-10-16,0.010538619453747615,-0.010098837407111694,0.026796012734855976,0.04845489590960224
2023-10-17,-9.832133477993887e-05,0.0035232626592171298,0.0006750616899225629,-0.003728482548477329
2023-10-18,-0.01349038622382619,-0.007950408637481041,0.01667906471366036,-0.002887602424615856
2023-10-19,-0.008519009694152467,-0.021568222954081114,0.006310453511038339,0.014069900276818266
2023-10-20,-0.01266518618575799,-0.006516086785314904,,0.03258989560481764
2023-10-21,,,,0.008001734326943509
2023-10-22,,,,0.002380750776822507
2023-10-23,-0.0016869643388467898,-0.010408364458778017,0.003544845966539831,0.09710285032982864
2023-10-24,0.0072394913997594025,0.003703298267889224,-0.0007079646313401279,0.026142937028414144
2023-10-25,-0.014443397939346892,0.004957394667445236,0.004391395896905898,0.016950202496114217
2023-10-26,-0.011903071819740901,0.002758386612053941,0.0012080335691696256,-0.00999564042998987
2023-10-27,-0.004811871761208667,0.013636838316337642,,-0.00740281536032923
2023-10-28,,,,0.005318879808987498
2023-10-29,,,,0.012945947633601976
2023-10-30,0.011938544947970331,0.005983651021218901,0.008864462703607908,-0.001414398696187215
2023-10-31,0.006454089207465981,-0.003146888968075254,-0.005650156284907724,0.004996502434982135
2023-11-01,0.010451180679737281,-0.00041436039307563005,-0.0034155440306889366,0.022068869117188333
2023-11-02,0.018682956430735833,-0.004726880392527961,0.003014320292922657,-0.013997772444622955
2023-11-03,0.009349869637436973,0.008391367657148254,,-0.0061076914810211935
2023-11-04,,,,0.009947849806334157
2023-11-05,,,,-0.0013241028570718932
2023-11-06,0.0017514263468030517,0.013432841328851535,-0.002461014275436593,0.0006451484207815223
2023-11-07,0.002836115693239983,-0.003543672881309806,-0.007622257443071385,0.010901494547049896
2023-11-08,0.0010044332873557552,-0.002403597978023452,-0.007987222275571897,0.00593278128728901
2023-11-09,-0.008116762182437998,0.0004872714281269103,0.006110620908272127,0.029408761046685862
2023-11-10,0.015495728650985885,-0.007317390400598795,,0.01628337342403774
2023-11-11,,,,-0.004096522346559311
2023-11-12,,,,-0.0023202898239669703
2023-11-13,-0.0008360910851978613,-0.001976025985224566,-0.01000008333458331,-0.01593937695634902
2023-11-14,0.018895282757298078,0.000740071555407503,0.008323381470845657,-0.025797097764347743
2023-11-15,0.0015958076771483444,0.007007655278234348,-0.001119365131633629,0.06336815808328597
2023-11-16,0.0011896413835666805,-0.009719267384748816,0.01164098579400816,-0.0463019027479756
2023-11-17,0.001281275598516672,-0.001201608451082387,,0.01193582863438795
2023-11-18,,,,-0.000732600765366648
2023-11-19,,,,0.021255406372951265
2023-11-20,0.0073631338909269815,0.00230950540689902,-0.003528585171403977,0.0026708282205293024
2023-11-21,-0.0020229887908321687,0.0013272996713465236,0.010698512349811819,-0.04478847374101536
2023-11-22,0.004052866464977724,-0.010287102558568328,-0.004406175764675964,0.04363172325238303
2023-11-23,,0.004812884152829513,,-0.0031511098454502715
2023-11-24,0.0005967555980324687,-0.0066229978426798584,,0.01131055219719003
2023-11-25,,,,0.0018462529895269912
2023-11-26,,,,-0.008910355235547443
2023-11-27,-0.0019561422168003027,-0.007395830844751728,0.00978735466919298,-0.005440412666975786
2023-11-28,0.0009796471418229004,0.0018718553042825952,0.013621768221098503,0.015310954617532277
2023-11-29,-0.000946683767425388,-0.008623068404483208,0.008541845712962773,0.0008509649186591206
2023-11-30,0.0037769911916856066,0.002259286150674968,-0.0048232779677967645,-0.0037740687711092986
2023-12-01,0.005856541700615295,-0.0038171266623113387,,0.025532432988900136
2023-12-02,,,,0.01971230840199884
2023-12-03,,,,0.012887224080887962
2023-12-04,-0.005423166555119596,-0.006550487053838463,-0.007205030556409687,0.04924492343298415
2023-12-05,-0.0005691170958779145,-0.019223281025937622,-0.002955812783099654,0.04854085433556723
2023-12-06,-0.003913779111384419,0.0015720079894752167,0.005657654133925471,-0.006827379185300558
2023-12-07,0.007936610413312938,-0.0024503463948441443,-0.0007361421577494752,-0.01117784362383208
2023-12-08,0.004087074621006593,0.002409164231421667,,0.020255605337886888
2023-12-09,,,,-0.010401270645495007
2023-12-10,,,,0.001659250701212243
2023-12-11,0.003916851675081129,0.005863123949435874,-0.026162837128888377,-0.05962933618097209
2023-12-12,0.004588758060085738,0.0021471616794043794,-0.00020160274248004684,0.005581144515052312
2023-12-13,0.013558420429298217,-0.01683283815023262,0.0021148044135643825,0.03313033013552674
2023-12-14,0.0026435733742609306,-0.00524879358310792,0.023414685383512195,0.003291804663554608
2023-12-15,-7.628136810104926e-05,-0.003110478177555749,,-0.025824548324036738
2023-12-16,,,,0.008140119792765254
2023-12-17,,,,-0.02159327517586434
2023-12-18,0.004518097487249544,-0.00365167429222454,-0.0021150496067389676,0.03073012442709627
2023-12-19,0.005849255234901429,0.0014016849524804839,0.005744461604934394,-0.00943023274578272
2023-12-20,-0.014793144174519959,-0.011020176247778877,-0.0022055048516647405,0.03267203307008224
2023-12-21,0.01024879009249407,0.010068925521500986,0.0018137704425813465,0.004640771872759332
2023-12-22,0.0016587067997896167,0.0019075904466392657,,0.0023453129559709626
2023-12-23,,,,-0.0058965057653753905
2023-12-24,,,,-0.016816269498485255
2023-12-25,,0.003057740374375773,,0.013794118906801482
2023-12-26,0.004222736399949838,-0.006792347733311904,0.009068366956515155,-0.02474694131467841
2023-12-27,0.001429419277681746,0.0034738781247672487,0.011101035858918166,0.02171332795688711
2023-12-28,0.00037010203319937546,0.023162391753022177,4.7997312159709595e-05,-0.020119803251450318
2023-12-29,-0.0028304729998547477,0.004841039889780537,,-0.012018549103621186
2023-12-30,,,,0.0015271511629183323
2023-12-31,,,,0.0032176615147481444
2024-01-01,,,,0.04421239649991883
2024-01-02,-0.005676660892965471,-0.013131178812654102,-0.004859399973496413,0.017061442435943906
2024-01-03,-0.00804861430897457,-0.002380020784500016,-0.01486835611552288,-0.04802939034539368
2024-01-04,-0.003434296699869414,-0.009293263520224629,0.0035183773589651302,0.030370259857643137
2024-01-05,0.0018240092336748459,-0.005374359865903924,,-2.2646491662287105e-06
2024-01-06,,,,-0.004289378013463691
2024-01-07,,,,-0.0009238275329603282
2024-01-08,0.014015987132365047,-0.0130157222726448,-0.008081346785174645,0.06680702812112198
2024-01-09,-0.0014789856520085827,0.0019578759051197482,-0.0002459117189325872,-0.01790120333622822
2024-01-10,0.005649939819610993,-0.004679115275200546,-0.0025610731098672287,0.010787279444706657
2024-01-11,-0.000671289036040164,0.005641446315425622,-0.0042500681715853415,-0.006046642606258149
2024-01-12,0.0007507264519410598,-0.0034955292863075977,,-0.07880592025542046
2024-01-13,,,,0.0003594469224296728
2024-01-14,,,,-0.026129949213391315
2024-01-15,,-0.0009900855176363176,,0.01814977518890873
2024-01-16,-0.0037382986232446964,0.00606522871828531,0.005432917003436753,0.0148223157726521
2024-01-17,-0.005632727126755614,-0.021991832648351802,-0.011742399643359365,-0.008771598081392773
2024-01-18,0.008766724739532073,0.014038155999019884,0.007497366367012966,-0.03512079774413768
2024-01-19,0.012238283870230153,-0.0015127185821186507,,0.0085676193562497
2024-01-20,,,,0.0011374627171581021
2024-01-21,,,,-0.0026945714238156004
2024-01-22,0.0021918970535104105,-0.015683018072594705,0.00029675058331423695,-0.0499687379430062
2024-01-23,0.002917131506229948,0.004039795722640306,0.0017786565953981286,0.00836808113477452
2024-01-24,0.0008116591682758741,0.013882454432001192,-0.004849334061437483,0.004931563434074798
2024-01-25,0.005246506091991603,0.01988274010990218,0.0008924587830195697,-0.003756485471878961
2024-01-26,-0.000652009756234213,-0.002725882881390535,,0.04589597722552153
2024-01-27,,,,0.007377416633822232
2024-01-28,,,,-0.0021437509101218553
2024-01-29,0.007528373761456543,-0.008997044621056601,0.0037594029239057455,0.029747712411394393
2024-01-30,-0.0006008383499372603,-0.01799407231144153,0.0077216663018121025,-0.008199846514905736
2024-01-31,-0.016236787963987382,-0.00919146027548952,0.007954171496932817,-0.008551767546676532
2024-02-01,0.012416277903485802,0.0007337099625595144,0.00184528775713932,0.011694947440336827
2024-02-02,0.010627786351803241,-0.011905088602160056,,0.0026264530995495326
2024-02-03,,,,-0.004385137490393089
2024-02-04,,,,-0.00991512683717209
2024-02-05,-0.003191464135615035,0.006517213371768122,-0.013824992427050677,0.002715806103161939
2024-02-06,0.0023077617284261594,0.03417658191538074,0.004221486732612074,0.009104229235613142
2024-02-07,0.00820766692133105,0.009598410059194127,0.00014693997528455639,0.028645120028436517
2024-02-08,0.0005704010073624875,0.006350117335176006,-0.0018137704425812667,0.02127642510244039
2024-02-09,0.005725975590860193,,,0.03969757607840699
2024-02-10,,,,0.013294085172978124
2024-02-11,,,,0.010810690955667775
2024-02-12,-0.0009494002275555409,,-0.007238736520543645,0.03388684486272922
2024-02-13,-0.013768624761212093,,-0.012782745987103657,-0.004521502867040385
2024-02-14,0.0095341290968955,,-0.0015028557081673806,0.04072351030806381
2024-02-15,0.005804399991794575,,0.005300012406468872,0.002293514836370915
2024-02-16,-0.004815012341991563,,,0.004477325318144225
2024-02-17,,,,-0.009408415116046624
2024-02-18,,,,0.009088036644657845
2024-02-19,,0.011488231964163018,,-0.0064272880547143856
2024-02-20,-0.006023414477222352,0.0020661346287058815,0.012242117552845155,0.009224733858312935
2024-02-21,0.0012633935945864823,0.01340202827692924,-0.002713036563617217,-0.007785160001370033
2024-02-22,0.02090289169482803,0.0085835706184528,-0.0018292838759891284,-0.010424736727354559
2024-02-23,0.00034788317372660206,0.0008801088806897493,,-0.011363925668290158
2024-02-24,,,,0.016246725090726954
2024-02-25,,,,0.0029256233456344976
2024-02-26,-0.0037939352461026604,-0.010479564730709583,0.004098872377351977,0.052214032652927934
2024-02-27,0.001704818544289236,0.011925617902502648,0.0026085901343313924,0.04592595763235695
2024-02-28,-0.001659450476103029,-0.012823697521125327,0.004071527049120692,0.09061127532393469
2024-02-29,0.005215420393340162,0.018897142170125163,0.005857389714938523,-0.02100259265568815
2024-03-01,0.007975925057791697,0.00615833233463285,,0.01988298605078275
2024-03-02,,,,-0.006482744288978249
2024-03-03,,,,0.018242290637626342
2024-03-04,-0.0011939974324694175,0.0008673946355691949,0.03425352814068662,0.07818393413098174
2024-03-05,-0.01024534898157439,0.006934641475177583,0.007309905564440842,-0.06783470003848073
2024-03-06,0.005127959537251652,-0.004063766735502964,0.007581255352536406,0.035234986300303375
2024-03-07,0.010251382881397443,-0.006024786716629451,0.0032381949931895517,0.011658399916705796
2024-03-08,-0.0065499380656454595,0.0042942241056892145,,0.019503340983117692
2024-03-09,,,,0.002849015209061249
2024-03-10,,,,0.008713290929476659
2024-03-11,-0.0011228682551799477,0.012433281327585767,0.010749334061519863,0.044445332048498196
2024-03-12,0.011139497364012345,0.0022903269482324263,-0.010333754437410199,-0.008760981945112946
2024-03-13,-0.001926391571868686,-0.007009938256912543,0.006763466395335841,0.022086668540070756
2024-03-14,-0.0028752059156686048,-0.002842495795804467,-0.006117352287571298,-0.023244464154002838
2024-03-15,-0.00650399611692649,0.0021788486525016887,,-0.02731847002579379
2024-03-16,,,,-0.06159484343666447
2024-03-17,,,,0.046034690852460695
2024-03-18,0.006298168875158858,0.009351125919878515,-0.001477446134213239,-0.01172346024752978
2024-03-19,0.0056332831318901015,-0.0072133505737856565,-0.0021276603771168403,-0.08558018948283783
2024-03-20,0.008864697827341068,0.002163895631606829,0.0006017543635191559,0.08941782646662878
2024-03-21,0.003231372513137806,-0.0011972422998872967,0.01090744182516105,-0.03525018189168364
2024-03-22,-0.0014032464064151588,-0.010129063360897993,,-0.026582264432449865
2024-03-23,,,,0.003947642216262265
2024-03-24,,,,0.04837678117566076
2024-03-25,-0.0030595955699421543,-0.0054421441219308425,-0.003806383720276686,0.03910087829175756
2024-03-26,-0.0028037482252575453,0.005089472631765159,0.0003675119482744712,0.001534048522566747
2024-03-27,0.008593565940707955,-0.011625694691037877,0.011053874029246548,-0.007987610032541984
2024-03-28,0.0011158887706710923,0.005173885896523502,,0.01882591466845002
2024-03-29,,0.004680929543715572,,-0.012662843466655615
2024-03-30,,,,-0.0037309195921336213
2024-03-31,,,,0.024415251013789285
2024-04-01,-0.0020155996658250933,0.01631017226226547,0.02001281012038557,-0.02365560770803645
2024-04-02,-0.0072653957344673645,-0.0041720549958076955,0.010805649623902628,-0.06256795960133929
2024-04-03,0.0010904938060488179,-0.003603567174553876,0.014430895875280163,0.007972511486597212
2024-04-04,-0.012410983057457463,,-0.002782489513150957,0.037688670304792095
2024-04-05,0.011038072569656417,,,-0.00976922850989389
2024-04-06,,,,0.015506318541733436
2024-04-07,,,,0.006796360364224849
2024-04-08,-0.0003747574930495873,-0.008837071055096742,0.018163099888470202,0.03219927722014282
2024-04-09,0.0014444457627020377,-0.0008260371903522452,0.004947127114574689,-0.03526624162794717
2024-04-10,-0.009501978333887355,-0.008178272970448205,-0.005973733415705704,0.021093991616097197
2024-04-11,0.007417237205872028,-0.00013411423985187746,0.010303663345681741,-0.00868218407065975
2024-04-12,-0.01465760702944856,-0.00813748745499239,,-0.041703725174774754
2024-04-13,,,,-0.05042220112459384
2024-04-14,,,,0.028524334580495542
2024-04-15,-0.012094130563305876,0.020852238547016604,0.004269085250309527,-0.03540780989594943
2024-04-16,-0.002058690186348507,-0.010756188170404489,0.010322347444137379,0.006184718009606556
2024-04-17,-0.005797336366096615,0.015344022734723432,-0.008089404298989878,-0.04040068412118116
2024-04-18,-0.002210632863926085,0.0012333222776462955,0.004031924823658575,0.03531137472573364
2024-04-19,-0.008797102336546191,-0.007914028025612401,,0.004992134062858966
2024-04-20,,,,0.018049545539416005
2024-04-21,,,,-0.0003217827716942611
2024-04-22,0.008693327734887766,-0.003042747831512267,-0.02169392762928263,0.028674760694355098
2024-04-23,0.011893624576650831,-0.007014261853612999,-0.002015222034775412,-0.006218672545783713
2024-04-24,0.00021297196541228134,0.004382576908111354,-0.0016752941051776527,-0.03258572309766144
2024-04-25,-0.004586941901457446,0.002456076902202081,0.0018469605576829726,0.00328305006382459
2024-04-26,0.010157373516560254,0.015177639183741293,,-0.011393855694501869
2024-04-27,,,,-0.004867046437344727
2024-04-28,,,,-0.0054848774387505845
2024-04-29,0.003173415687477538,0.010998726338679585,0.011689552903946224,0.011820271230839004
2024-04-30,-0.01585555475344571,-0.005401006447231014,-0.023517369286268328,-0.0513014537038889
2024-05-01,-0.0034413923648739225,,0.0035111330204103176,-0.03925618634890109
2024-05-02,0.009087013401337432,,-0.0006059819256554013,0.01345415241466638
2024-05-03,0.01247858860899914,,,0.06159712348810171
2024-05-04,,,,0.01594785696649635
2024-05-05,,,,0.0018468323326589272
2024-05-06,0.010273136069376812,0.014731197631176092,0.009308807092215095,-0.013262808479754196
2024-05-07,0.0013425358193505205,0.00030887440127803754,-0.00300726265216711,-0.013474775288927597
2024-05-08,-5.78292629562257e-06,-0.007899366519597823,-0.0008178199099957992,-0.017975763561952837
2024-05-09,0.005078002595891348,0.009415021060336416,0.007721052383599824,0.030054763497750974
2024-05-10,0.0016480214063461682,0.0004692504628560264,,-0.03678569369697861
2024-05-11,,,,0.0004883924667576205
2024-05-12,,,,0.010684725373494566
2024-05-13,-0.00024128455417182781,-0.00043377616466345553,0.0011530332454183477,0.02342548516346041
2024-05-14,0.004826100061719822,-0.0020869363765652015,0.007187085732748364,-0.021972409963904174
2024-05-15,0.011647879688045933,-0.008510152127695254,0.014722231079319003,0.07289455129081707
2024-05-16,-0.00208387430730016,0.003935918501998373,-0.0039327303637012,-0.015124729100810804
2024-05-17,0.0011641104408194052,0.010278391684853226,,0.027306906277731174
2024-05-18,,,,-0.001781204956344594
2024-05-19,,,,-0.009585903671963453
2024-05-20,0.0009159960683443537,0.003525617275628353,0.021974350193945644,0.07474113227889242
2024-05-21,0.002498698327390512,-0.0040178577001371936,-0.0051805066111004685,-0.01812392699724622
2024-05-22,-0.0027097176835470336,0.002252531653006578,-0.013696570053736534,-0.014135672822920957
2024-05-23,-0.00740817678564494,-0.01164594175356123,-0.023552387804988355,-0.017205857798953693
2024-05-24,0.006976578915071976,-0.01113044692679236,,0.008378106085354695
2024-05-25,,,,0.010691378175582505
2024-05-26,,,,-0.011169992305002973
2024-05-27,,0.009459543068441859,,0.013250546370230848
2024-05-28,0.00024880404548013993,-0.007326586146257605,0.008223835683503756,-0.015424701673446322
2024-05-29,-0.007394346936505546,0.0012045375132963602,-0.006513848946719726,-0.010738196355205572
2024-05-30,-0.005992916722542298,-0.0053303270147806,0.005749712383811931,0.010572895855343767
2024-05-31,0.007995864911522231,-0.004011585716646364,,-0.012136900113017374
2024-06-01,,,,0.0034104322405551064
2024-06-02,,,,0.0001874064356722788
2024-06-03,0.0011154342969859781,0.0024634986589266786,0.001188404706734904,0.015145847520971855
2024-06-04,0.0015016920495655548,0.007473224850302389,-0.009290103464181666,0.02499322815279018
2024-06-05,0.011778026448059028,-0.005791602301154448,0.011874248428088662,0.007547717196340925
2024-06-06,-0.0001998694317565987,-0.0007068278751056671,0.006452315479701317,-0.004119118960181393
2024-06-07,-0.0011158931807150971,-0.005062553023615339,,-0.020603071875192686
2024-06-08,,,,-0.0005452263978478099
2024-06-09,,,,0.0049006759676866185
2024-06-10,0.0025775665246065955,,-0.02718531281955373,-0.0016150728281669863
2024-06-11,0.0027067548434573357,-0.008776238395848745,-0.00021599671768970577,-0.03242184342875161
2024-06-12,0.008467727171882782,0.00034993650702783586,0.012067223922761714,0.013871010031434627
2024-06-13,0.002341828672305396,-0.0050889399453673085,-0.015833054582461148,-0.022025103635730195
2024-06-14,-0.0003939131270021622,0.0043578848931562116,,-0.011118429034294866
2024-06-15,,,,0.0028459588323237256
2024-06-16,,,,0.006797735993783446
2024-06-17,0.007635185920104081,-0.0015061329006798101,0.004759029489050028,-0.0026416682341735788
2024-06-18,0.0025181897678469146,0.0026518734678317515,0.007696149086308181,-0.02033965333739985
2024-06-19,,-0.004760877144121661,,-0.002750868488261007
2024-06-20,-0.002529152276068834,-0.007244028077266698,0.009463389606495084,-0.001950165134311221
2024-06-21,-0.0015633874377691908,-0.0021889162749807274,,-0.011254332528102548
2024-06-22,,,,0.0020640324487600035
2024-06-23,,,,-0.01670874258403904
2024-06-24,-0.003069879221800406,-0.005395549509415396,-0.010491843588130198,-0.04703313771810333
2024-06-25,0.00392593090057643,-0.005453738330917991,-0.006020487781583025,0.02484442141218752
2024-06-26,0.0015711783413408377,0.006445535246229305,-0.00753348153105212,-0.015653497384262253
2024-06-27,0.0009068706560974762,-0.007539282190488493,0.015353070247682198,0.013643693857905337
2024-06-28,-0.004091988512145809,0.002180521354791317,,-0.02100191372070524
2024-06-29,,,,0.009393964285419918
2024-06-30,,,,0.02878939806521609
2024-07-01,0.002672015942936098,0.004760925670932921,0.000983852073800272,0.0021616570715459215
2024-07-02,0.0061762197767835335,-0.00183885737653354,-0.0023543019670916395,-0.012589631007895006
2024-07-03,0.005071516198197267,-0.002416658230024226,0.015310327130902225,-0.031138403283972577
2024-07-04,,-0.005094652672234885,,-0.05414815941073892
2024-07-05,0.005433988413197175,-0.004289748859306832,,-0.006765336387936483
2024-07-06,,,,0.02815479134725921
2024-07-07,,,,-0.04203376747827247
2024-07-08,0.0010161544279964853,-0.00857630658842843,-0.0024931872873676882,0.015341489567990502
2024-07-09,0.0007408185037586474,0.011123292553874994,0.0018599151491753754,0.022912348285917556
2024-07-10,0.010156283642139425,-0.0031563127656688995,0.004970942917863891,-0.005055885352368744
2024-07-11,-0.00880162923017665,0.011367152788592206,0.017577926768749263,-0.007114833113433882
2024-07-12,0.005501853628775982,0.0012189202107989584,,0.009508639420860613
2024-07-13,,,,0.022627057510705654
2024-07-14,,,,0.02641883514474032
2024-07-15,0.002822195662042845,0.0011081290305216282,0.0028861238801835666,0.06352805765373863
2024-07-16,0.006369053660041409,0.006317292567306712,0.01588858551517024,0.004117631582175191
2024-07-17,-0.014025410555021933,0.0009428760702296697,-0.003206366770779233,-0.01487573011916173
2024-07-18,-0.00784708046968273,0.005510864056011772,-0.0014238352384101525,-0.001697513558664622
2024-07-19,-0.007165907407029404,0.005124693401702666,,0.041287715487813015
2024-07-20,,,,0.007040519749787011
2024-07-21,,,,0.014932224898614642
2024-07-22,0.010734189165974961,-0.006833087259370552,-0.025438901416371985,-0.00891745272667616
2024-07-23,-0.0015593317997995005,-0.021580178345991928,0.005247825454661777,-0.024209483419474796
2024-07-24,-0.023421178443889513,-0.006331266911232854,0.003483312665737022,-0.008640787059133983
2024-07-25,-0.0051559504042484414,-0.005544617457537774,-0.026085518318073986,0.006538113612877452
2024-07-26,0.01102944231248889,0.002943355785625811,,0.031553483415843325
2024-07-27,,,,-0.0009649971983099573
2024-07-28,,,,0.006072051302938407
2024-07-29,0.0008129903108684501,-0.005455871816472298,0.010272108583247525,-0.021586118221897578
2024-07-30,-0.004972496433736025,-0.0063194354788742085,0.016599622094030732,-0.009231279027164663
2024-07-31,0.01567000529191805,0.021347188642802835,0.008607783631632145,-0.023835533651533628
2024-08-01,-0.013788191433053192,-0.006648861821877121,0.003030057186867602,0.011490992901527485
2024-08-02,-0.018552885294602865,-0.010253394667999802,,-0.06141702613921463
2024-08-03,,,,-0.012801442504532273
2024-08-04,,,,-0.0430044764506602
2024-08-05,-0.030427045496882188,-0.012209358068470491,-0.014039796667482611,-0.07428977236531731
2024-08-06,0.010300905557719547,-0.00010170049213856924,-0.005363057733615759,0.03778821926059895
2024-08-07,-0.007764756389251183,-0.0004458094732051419,0.00045843840016057067,-0.016854346715376653
2024-08-08,0.022781128575607587,0.0004338440294067839,0.01254596916851837,0.11275011407917893
2024-08-09,0.004660780212150723,-0.003388985605011556,,-0.013857388965725748
2024-08-10,,,,0.001331885043864801
2024-08-11,,,,-0.037087287762203505
2024-08-12,4.3036707511422095e-05,-0.0017333864398520755,0.016162957467934794,0.010785844076849098
2024-08-13,0.016707226654933075,0.002561466810962599,0.0016181887911504416,0.020763560961686633
2024-08-14,0.003816476067632372,-0.007571198317615975,-0.011260052710377938,-0.03164308496495463
2024-08-15,0.01600444401278594,0.00983591318571077,0.0050562821799780625,-0.02018609109106486
2024-08-16,0.0019878411263283945,0.001100547693317137,,0.0230674129807066
2024-08-17,,,,0.010238319650901237
2024-08-18,,,,-0.017583854646022287
2024-08-19,0.009675327436177775,0.003383764754011574,0.019414957117279773,0.017378733337906977
2024-08-20,-0.001986548174716506,-0.00725599513382585,0.003703044307954894,-0.007851373125999761
2024-08-21,0.004230718284184624,-0.003324149407570505,-0.0013124144340385846,0.03582657036321856
2024-08-22,-0.008972949425464468,-0.0025622566687428165,-0.012292693182869982,-0.012933580436350777
2024-08-23,0.011417986208502448,0.004231723714536875,,0.05918369277355523
2024-08-24,,,,0.0016566264150431097
2024-08-25,,,,0.0017736948180672016
2024-08-26,-0.003158706615574787,-0.0008930437899297227,0.01523328739402584,-0.022452276300049232
2024-08-27,0.0015939320118754585,-0.005698743088774853,-0.0009924771056235846,-0.055539709998043044
2024-08-28,-0.005993966945423385,-0.005713148311674306,-0.00601559489901459,-0.00734216821227705
2024-08-29,-3.934142455813639e-05,-0.0026873136653521577,0.013533832274798012,0.006039405295790356
2024-08-30,0.010042467382856683,0.013259558029344752,,-0.004283796675618759
2024-08-31,,,,-0.002389535956718974
2024-09-01,,,,-0.02860008354534981
2024-09-02,,-0.01713258757464595,,0.031231472400873775
2024-09-03,-0.02137801245458143,0.0025755393196043737,-0.014693299050036556,-0.028372473367327355
2024-09-04,-0.0016037653903594354,-0.00651897386318018,0.0011994244201401173,0.008550702924479778
2024-09-05,-0.0030226412501879545,0.0017204516741562998,0.006769697723834821,-0.031366504832018055
2024-09-06,-0.017410901670867562,-0.008139836070062648,,-0.04024873715278273
2024-09-07,,,,0.0035089605042551812
2024-09-08,,,,0.012930178733575125
2024-09-09,0.011513555690021488,-0.011954752215940256,-0.0041360170315161374,0.039112882978830456
2024-09-10,0.004462660724490219,0.0008796768615906063,0.004056639352477809,0.010208957162985735
2024-09-11,0.010608580303038784,-0.0030179170462126975,-0.00019847176804260258,-0.005154233637111783
2024-09-12,0.00746737294203047,-0.004296549873876413,0.015011806503939809,0.013783502996868993
2024-09-13,0.005393096878371416,-0.004175806640266394,,0.04007579078234384
2024-09-14,,,,-0.008567189578682065
2024-09-15,,,,-0.014385742057856473
2024-09-16,0.0012558720767880025,,0.01092907053219023,-0.015771735238526416
2024-09-17,0.00026447349073670164,,-0.006325082688484233,0.03537258913317726
2024-09-18,-0.0029006031263851696,0.0037154914738971863,0.0023329066920279363,0.023734040404631066
2024-09-19,0.01683429124758695,0.007862394339713518,0.006194607288001895,0.018942603124633344
2024-09-20,-0.001942855451501775,0.001566337514182197,,0.004163640331872782
2024-09-21,,,,0.0023216258957091535
2024-09-22,,,,0.0035392187008938558
2024-09-23,0.0028053309143568263,0.003651499814064667,0.014446079367621902,-0.003796560237948374
2024-09-24,0.0025079697029956895,0.04239995181886284,0.009239690089831934,0.014499982077928311
2024-09-25,-0.0018629115860669923,0.014694997785106793,0.0028981709127766306,-0.017271781718431918
2024-09-26,0.004030480802872329,0.041403093490775825,0.003639027857054376,0.03147092704394883
2024-09-27,-0.0012539688882457197,0.043698496070025815,,0.009172891002774611
2024-09-28,,,,0.0013703751988828933
2024-09-29,,,,-0.003946044477352033
2024-09-30,0.004227593432856073,0.08142001372663064,-0.008461400914216061,-0.035179511019447905
2024-10-01,-0.009367852083837029,,0.011490063327660269,-0.04033091062274165
2024-10-02,0.0001383744853669804,,-0.007645354483139104,-0.0031247658804238088
2024-10-03,-0.0016828115331257495,,0.003492633350418247,0.0017381008338692827
2024-10-04,0.008930275984437889,,,0.02165314888066157
2024-10-05,,,,-0.0003157664128107081
2024-10-06,,,,0.01213972538667336
2024-10-07,-0.009632284107421169,,-0.005036279296141359,-0.009176092850760785
2024-10-08,0.009642716894192714,0.05760631431399972,-0.011558631765386402,-0.0014244077692961781
2024-10-09,0.007088203896394327,-0.07312488986795551,-0.003589434127269646,-0.024893414640771713
2024-10-10,-0.0020722279710146596,0.010513350299567317,0.00507489403591087,-0.005169303337879248
2024-10-11,0.0060336118627852325,-0.028060321993123114,,0.03555623232847127
2024-10-12,,,,0.01122803740330431
2024-10-13,,,,-0.005301576553374365
2024-10-14,0.0076780609629941675,0.01890096542347296,0.009960128542194698,0.04980843772785091
2024-10-15,-0.007638509068754146,-0.026954568481933644,0.004999352604411889,0.014956812053830038
2024-10-16,0.0046681557065759915,-0.006347922736516505,0.004601321175935919,0.008024073568987905
2024-10-17,-0.00017117513483320916,-0.01138360886856276,0.006028149533773251,-0.0029547632028814317
2024-10-18,0.003963737043124536,0.03552869646478686,,0.014792509218431563
2024-10-19,,,,-0.0007471028184027777
2024-10-20,,,,0.009585051822712685
2024-10-21,-0.0018244427413090425,0.0025367582553448343,0.011545044596906825,-0.02432932470759935
2024-10-22,-0.00047500338350551163,0.005721555508458946,0.007526249402474568,0.0008308692111283014
2024-10-23,-0.009233777411953054,0.0038910702114265863,-0.011089874842092392,-0.011389403530490855
2024-10-24,0.0021434831869283494,-0.01123266058576962,0.007114596534960407,0.02265934676116735
2024-10-25,-0.00029953572187414154,0.006997904338259253,,-0.022162947892241533
2024-10-26,,,,0.005830327555287145
2024-10-27,,,,0.013588046632985778
2024-10-28,0.0026479514493707988,0.001954402951223441,0.002591195041193459,0.028263962742037924
2024-10-29,0.0016128426925638532,-0.010016803638798881,0.009143086695968188,0.0389201412560742
2024-10-30,-0.003305691628139004,-0.009009415824495185,0.01149107731932136,-0.005274409070066964
2024-10-31,-0.01879018259951983,0.0004087146239205566,-0.018558756836577307,-0.028972170045736403
2024-11-01,0.004084226330236237,-0.0002621750779052402,,-0.011082530502042531
2024-11-02,,,,-0.0026132130434395606
2024-11-03,,,,-0.008055344458717206
2024-11-04,-0.0028160686495115016,0.013973816940008515,-0.0011281959162273525,-0.013480086772820926
2024-11-05,0.01219106130274809,0.02498712483534458,0.0012736769130287553,0.022226133100027808
2024-11-06,0.02498123383889653,-0.005029227899007868,-0.027056571212832427,0.08576721668021088
2024-11-07,0.007403744412989463,0.029725639613753543,0.010962373581412449,0.003727846730916128
2024-11-08,0.0037498038697994338,-0.010097361465290723,,0.008513962493272756
2024-11-09,,,,0.0023887606517683877
2024-11-10,,,,0.046965511420138176
2024-11-11,0.0009685844338363746,0.006576686267230706,-0.03310154755656031,0.09798394119759143
2024-11-12,-0.002896874371566189,-0.01104811484036971,-0.0043644785973329615,-0.008185525876326778
2024-11-13,0.0002322595101076364,0.006136687620839837,-0.007625980571796924,0.027820266020852337
2024-11-14,-0.006068115029117462,-0.017488921934567015,-0.005271943055065812,-0.03520808050940424
2024-11-15,-0.013291463960568205,-0.01767928720723438,,0.042088633056105544
2024-11-16,,,,-0.0055885634168580615
2024-11-17,,,,-0.00782161829528872
2024-11-18,0.003910159824107666,-0.004659564118511054,0.016077454739255825,0.007154280583289703
2024-11-19,0.0039557737052673715,0.006688329986048932,0.006252879912533101,0.01927073900775135
2024-11-20,2.1970426117316337e-05,0.0022304113653737645,0.007836941694719232,0.0221373432580084
2024-11-21,0.005326235305174984,0.0008852587451981715,0.008711052718756466,0.04225907797821411
2024-11-22,0.0034619792004100735,-0.03147299872513023,,0.005627872750819503
2024-11-23,,,,-0.012518173301527904
2024-11-24,,,,0.002414711893628192
2024-11-25,0.003015882072251307,-0.004565856885664105,-0.021310361734226117,-0.05101430885279592
2024-11-26,0.005705736188806683,-0.002057680802298798,0.0010687431835247425,-0.011746657480125941
2024-11-27,-0.0038085396153748753,0.017260813553785604,0.011756810176801413,0.041621174099621155
2024-11-28,,-0.008866849273446841,,-0.00251759498639328
2024-11-29,0.005592178893918033,0.011305619236287695,,0.01856763004362219
2024-11-30,,,,-0.010650949800200255
2024-12-01,,,,0.00821978615567122
2024-12-02,0.0024454606033056034,0.007896574823334484,-0.0021891757818262125,-0.014036117884154029
2024-12-03,0.00045135046310470323,0.0010785466491528616,0.0035455679870708347,0.0005434292395396841
2024-12-04,0.006033123750502109,-0.005412036121558522,0.00315777864745507,0.02814185286391492
2024-12-05,-0.0018714648272306858,-0.0022847255597327064,-0.01064080676266104,-0.017024376617505634
2024-12-06,0.0024923196558419955,0.013059530258288314,,0.028364415930937144
2024-12-07,,,,0.0007645379051617755
2024-12-08,,,,0.012727538633084583
2024-12-09,-0.006163180212196304,-0.0016549726626202382,0.01401311211687683,-0.03785710876069641
2024-12-10,-0.0029682940713745675,0.0073020252333331915,0.012010034857531918,-0.007827439161418112
2024-12-11,0.008132661932885083,-0.0017058118200226579,0.013181516699787307,0.04578739500639135
2024-12-12,-0.0054287410919564485,0.00989614341727523,-0.017069906438015578,-0.011100060722188816
2024-12-13,-2.6441167577320025e-05,-0.02394583924231057,,0.014062259337119961
2024-12-14,,,,-8.380828809714127e-05
2024-12-15,,,,0.029393835908026352
2024-12-16,0.0037921163249597686,-0.005440407452152503,-0.014237642646274072,0.015340874707251819
2024-12-17,-0.0038714440227630084,0.0026015253628419175,-0.0027889815688729547,0.0007662709232063954
2024-12-18,-0.029936554508987644,0.0050509268207490805,-0.003326783651957146,-0.057602381353520256
2024-12-19,-0.0008654734577528358,0.0009052470712706606,-0.017110102715002767,-0.027641607084777378
2024-12-20,0.010810476252410672,-0.004501353940071771,,0.003375983556894424
2024-12-21,,,,-0.005561693709226163
2024-12-22,,,,-0.021509155834928278
2024-12-23,0.00726089547546254,0.0014832136294832402,0.007483484986685157,-0.0034909228925300247
2024-12-24,0.010982197273831982,0.01266111496499622,,0.03944285622012714
2024-12-25,,0.00048686714508168434,,0.007302892103611782
2024-12-26,-0.00040570874146761795,0.00046405982940164855,0.009437263237210013,-0.03703470341889468
2024-12-27,-0.01111730467559637,-0.0016188726395905701,,-0.01580429162394649
2024-12-28,,,,0.010641563512691379
2024-12-29,,,,-0.016595019590699613
2024-12-30,-0.010759690191101295,0.004516253127486869,-0.008443683210500517,-0.010043189875940706
2024-12-31,-0.00429399645413445,-0.01616882296904227,,0.008344070264496238
2025-01-01,,,,0.010663654765993034
2025-01-02,-0.002226349792552953,-0.029532880764811566,0.019255006567148833,0.025061853606231345
2025-01-03,0.012517287272659085,-0.01191236326967802,,0.012376681030842602
2025-01-04,,,,0.0005336391361511389
2025-01-05,,,,0.0013003162068138925
2025-01-06,0.0055228222624888485,-0.00164101132644771,-0.008125844124853652,0.038898922210845926
2025-01-07,-0.01116600476981219,0.007175103616954944,0.006776113865956217,-0.05342107574795183
2025-01-08,0.001559107735282887,-0.001816665034983625,0.0026228049056957045,-0.019409306548192968
2025-01-09,,-0.002467930068456611,0.006861602100128574,-0.026938876360572465
2025-01-10,-0.015531644353894208,-0.012619371017896867,,0.02332963342293879
2025-01-11,,,,-0.0011841377645227288
2025-01-12,,,,-0.0007422531635419771
2025-01-13,0.0015741742695762329,-0.0026747201388297053,-0.004544277198429125,-6.0292609572276686e-05
2025-01-14,0.0011456334044923633,0.025993601945359598,0.001380365456360425,0.020997410502911328
2025-01-15,0.018147132985426716,-0.006435990112166634,0.013148094077014973,0.0401765548102453
2025-01-16,-0.002114871763466578,0.0011452779603726324,0.012105401359455106,-0.004940552471777286
2025-01-17,0.00994142593572411,0.003142112107093698,,0.039991727290308074
2025-01-18,,,,0.004333206858101938
2025-01-19,,,,-0.03126122886258372
2025-01-20,,0.004538074948377353,,0.00863028236254922
2025-01-21,0.00872999675223129,0.0007647844555119118,0.012535159168072322,0.038011841769528605
2025-01-22,0.006119200577442709,-0.009329484691561016,0.004227124331278984,-0.023565486564905442
2025-01-23,0.005299445097723889,0.0017682446889377922,-0.006851184500870556,0.002189821628659388
2025-01-24,-0.0028592607828964826,0.007626467575123772,,0.00910271145380785
2025-01-25,,,,-0.0011392848356320678
2025-01-26,,,,-0.020302490136526376
2025-01-27,-0.014687984883634318,-0.004125528404477373,-0.009365971516008244,-0.005334856922899123
2025-01-28,0.009175576254675617,,0.010337316905640086,-0.007298462900629534
2025-01-29,-0.004689853570094891,,0.0001797752813829515,0.02314127705330415
2025-01-30,0.005261570722435618,,0.022643013344012138,0.009641766254650136
2025-01-31,-0.005059581291425466,,,-0.022232996614039865
2025-02-01,,,,-0.017493731760485205
2025-02-02,,,,-0.029882288704378177
2025-02-03,-0.007637696973119063,,0.00417376050895356,0.036705590755465624
2025-02-04,0.007198897488332478,,0.006523772025327087,-0.03559549299891453
2025-02-05,0.0039010377290886913,-0.0057802414173679685,0.005963129582494383,-0.01232700431049277
2025-02-06,0.003637700027498819,0.012503583336197784,-0.005650222148390016,-0.00027437810821211216
2025-02-07,-0.009509913482107744,0.012893929936185017,,-0.0005728127488854543
2025-02-08,,,,-0.0006799287580548206
2025-02-09,,,,0.00022082023922777308
2025-02-10,0.006690160848149635,0.0021453068111663234,0.019859199234400687,0.009958623621045267
2025-02-11,0.00033951548500248807,-0.004604206381320783,-0.0006136015191668934,-0.01721517579820818
2025-02-12,-0.0027276186894511618,0.009411834182346597,-0.0013307629964521182,0.021788285818118095
2025-02-13,0.010372377459622351,-0.003762304757414851,0.005685992745535138,-0.013071194349194301
2025-02-14,-7.19559760565346e-05,0.008635788579484658,,0.009215230671718115
2025-02-15,,,,0.0007053589113328234
2025-02-16,,,,-0.014881628032616199
2025-02-17,,0.0021277116369139253,,-0.003655819663493227
2025-02-18,0.0024419717448794743,-0.008809015537078716,0.0012214985232143175,-0.0014972369742221267
2025-02-19,0.0023741775065794562,0.006973212821578064,-0.0043839597153927145,0.010472171208153986
2025-02-20,-0.004343623971148685,-0.0028618431388465655,0.0067886618953277855,0.01708640111851687
2025-02-21,-0.01721137399126208,0.012530294177507836,,-0.022161090277272904
2025-02-22,,,,0.004156473909944492
2025-02-23,,,,-0.00308378901842278
2025-02-24,-0.004981513054855011,-0.0021942194164708663,-0.002167361747878502,-0.05060853341822853
2025-02-25,-0.004690715138395557,-0.011163620625657013,-0.014925905117104546,-0.031329822683765884
2025-02-26,0.0001360051919139706,0.008696931017549243,0.004052342507566856,-0.05175630022969542
2025-02-27,-0.015991702852089028,0.002063557264379842,-0.0075339641151160215,0.005942218656644913
2025-02-28,0.015729750431897126,-0.01987041988264526,,-0.003943331910396622
2025-03-01,,,,0.019834880034214696
2025-03-02,,,,0.09093151768834942
2025-03-03,-0.01775343937549338,-0.0004062469523071474,0.001794031876731028,-0.08932832535605317
2025-03-04,-0.01231023460336647,-0.0008361537929487762,0.006699099206960857,0.012181662777136221
2025-03-05,0.011097475685101249,0.004455700193380122,0.0018472279736986652,0.03761898066585852
2025-03-06,-0.017979700568310077,0.013658768794714176,0.00020503707825654874,-0.0075417461238706344
2025-03-07,0.0055054046005090125,-0.003096107026893139,,-0.03853655511503998
2025-03-08,,,,-0.003580836818524141
2025-03-09,,,,-0.06628972508770062
2025-03-10,-0.027343518375984407,-0.00386393649123421,-0.00933752064152901,-0.026569443996062148
2025-03-11,-0.007596604935651537,0.0032070287276403237,0.007387968933839592,0.0538245166350974
2025-03-12,0.004874971275234425,-0.003606721707657249,0.008828047858021796,0.008922809933055078
2025-03-13,-0.013988405225352909,-0.003992958317208264,0.014988239694198444,-0.031126936001432307
2025-03-14,0.021042919881408308,0.023991633342726585,,0.034858715418795184
2025-03-15,,,,0.0043275193725359805
2025-03-16,,,,-0.021123516882027838
2025-03-17,0.00639560393434752,-0.0024414788440089387,0.01420676465151608,0.017296008829688733
2025-03-18,-0.01071067425391002,0.0027309621183892454,0.011404351030944664,-0.01559362332500278
2025-03-19,0.010740629118978858,0.0006111333720600623,6.51678071263525e-05,0.04862832975090501
2025-03-20,-0.0021873007738032347,-0.008811402054979331,0.000716565726706966,-0.03078774422812194
2025-03-21,0.0008243274123172031,-0.015283534225686582,,-0.001602078766068084
2025-03-22,,,,-0.002772853084868968
2025-03-23,,,,0.02633070720093683
2025-03-24,0.017492157944606672,0.005134063547713513,-0.008928484737574448,0.016277609621829354
2025-03-25,0.0015730819184730236,-0.0006482652775916042,-0.001446512185946603,-0.000983452913552822
2025-03-26,-0.011219691455108281,-0.003296121257277831,-0.0007569649360114507,-0.005644935708444103
2025-03-27,-0.0033124371066493626,0.003324094316680475,0.01259606714620482,0.003631560633441905
2025-03-28,-0.019934580336265845,-0.004393718250593485,,-0.03283705637019094
2025-03-29,,,,-0.02112782046409529
2025-03-30,,,,-0.0033220789830562527
2025-03-31,0.005523212456950013,-0.007141349520225099,0.0239326563742342,0.002148916303745468
2025-04-01,0.0037741531622356647,9.517697136045976e-05,-0.0013658817618343536,0.03119152412219381
2025-04-02,0.006705592339420831,-0.0008466213496568155,0.00640032602145392,-0.03147987999895826
2025-04-03,-0.04960587756339505,-0.005910248307401816,-0.01415440543001432,0.007657970217312123
2025-04-04,-0.06160907367588022,,,0.008469385657807749
2025-04-05,,,,-0.003758244238933588
2025-04-06,,,,-0.06375743756439396
2025-04-07,-0.002334179209083819,-0.07305950755245996,-0.048604385226620396,0.009789750031499548
2025-04-08,-0.0158250871968123,0.01693916362315644,0.0055669347967850676,-0.03666594997162525
2025-04-09,0.09089490164871482,0.009820795656516557,0.029394498015991113,0.07925767082800153
2025-04-10,-0.03522058784511797,0.013021108534594884,0.031359951267790676,-0.03698611318158959
2025-04-11,0.017930369252113488,0.004117227746663375,,0.04669706185301071
2025-04-12,,,,0.022283499160277498
2025-04-13,,,,-0.01843898583232513
2025-04-14,0.007913254093151065,0.0022957108007082517,0.015241245718166803,0.010123612489985763
2025-04-15,-0.0017292137684181356,0.0005558237304301723,0.004360809174560286,-0.011167934116441756
2025-04-16,-0.022663312700996363,0.003076700882702502,0.03218836217165252,0.004594495651353229
2025-04-17,0.0013259586728286152,-0.00015904488280124072,,0.010745066161929679
2025-04-18,,7.952560330999825e-05,,-0.005494227424718488
2025-04-19,,,,0.007001214729947374
2025-04-20,,,,0.0013028123907667744
2025-04-21,-0.023849649226388613,0.003270969121712265,0.023303917973324158,0.027066709208975356
2025-04-22,0.024807034313980802,-0.00024574472003748867,-0.0017239620323039977,0.06551821898719921
2025-04-23,0.01652384547479458,0.0007740234944606626,-0.037332107565145434,0.002733789741052811
2025-04-24,0.02005659908960853,-0.0006656769810641988,0.016409358518579366,0.003011543319772943
2025-04-25,0.0073460954265644985,0.0006947242184759008,,0.007384856404292644
2025-04-26,,,,-0.00048069736906555826
2025-04-27,,,,-0.009437683222998778
2025-04-28,0.0006404944691347734,-0.0014190190539855134,-0.004669548714703173,0.013272596986153762
2025-04-29,0.0057856274963946795,-0.0017309147201439595,0.00018000180050395438,-0.007663374796410347
2025-04-30,0.0014789007797954687,-0.0011953908641536256,-0.004359139285059563,-0.0009063210673549742
2025-05-01,0.006279331841725186,,-0.029629305766297888,0.024281191659882337
2025-05-02,0.014619229243407843,,,0.004085971256437127
2025-05-03,,,,-0.010463825670438968
2025-05-04,,,,-0.016497511165931338
2025-05-05,-0.006402040027831334,,0.03059295808286795,0.004530794195999346
2025-05-06,-0.007723033885546555,0.010019729932918926,0.029801615404145842,0.021718173508068133
2025-05-07,0.004337004125959746,0.0060443865250728495,-0.009068693198758655,0.0021634121627579377
2025-05-08,0.0057829933406661335,0.005535811381724853,-0.025651236964171664,0.06231578652049512
2025-05-09,-0.0007117720863733933,-0.001750863539653442,,-0.00290134380884189
2025-05-10,,,,0.01754747630420933
2025-05-11,,,,-0.00649829108071018
2025-05-12,0.03204001430944952,0.01149070971058761,-0.023876248991130083,-0.012799682948767982
2025-05-13,0.007222082173714943,0.0014511609906195577,0.0061150936411479406,0.01279968294876799
2025-05-14,0.001023844804624757,0.011977993750640162,-0.018489984662458495,-0.005830493449705565
2025-05-15,0.004123800988772676,-0.009174107482928228,0.011941091863514759,0.0024266786255914548
2025-05-16,0.006980898743962978,-0.004645807832477353,,-0.002749392672830023
2025-05-17,,,,-0.0035615941568176556
2025-05-18,,,,0.032365642777048856
2025-05-19,0.0008756935229845948,-0.003074849452868914,0.010727599795133321,-0.008663345244620518
2025-05-20,-0.0038877541185178555,0.005406864594260267,0.015576828490877057,0.01158196312561596
2025-05-21,-0.016266702451148567,0.004660545510906395,0.008806127987333026,0.026097327851106744
2025-05-22,-0.000444953295802523,-0.0006436584541475667,-0.005490974714560662,0.018637694161954134
2025-05-23,-0.006730909417987258,-0.00810406519428123,,-0.04008735232845704
2025-05-24,,,,0.004180846014694555
2025-05-25,,,0.013944327040612074,0.01160707011874983
2025-05-26,,-0.005724353625617627,,0.00397480525734698
2025-05-27,0.02025254391312099,-0.005379576088689984,-0.01692746998783184,-0.004682257993731276
2025-05-28,-0.005586762811582561,-0.0008233841552053229,-0.0016309275738344451,-0.010679714500612373
2025-05-29,0.004003150916717184,0.0058376189501768766,0.010703328181457484,-0.02049590296783732
2025-05-30,-8.119175975762441e-05,-0.004798078547018963,,-0.015447295990437251
2025-05-31,,,,0.005913355707409417
2025-06-01,,,,0.009867218073148174
2025-06-02,0.004093651450134648,,0.01581377245462463,0.001989779397641506
2025-06-03,0.005783504036174,0.0030628293472223685,-0.00593420987698617,-0.004329804206848417
2025-06-04,7.369455953249158e-05,0.004333782646704678,0.006522756771733686,-0.0065945320925070655
2025-06-05,-0.00529131528056298,0.002277217203439771,-0.007115156303290791,-0.03078255340553381
2025-06-06,0.010228186115699976,-0.0009236874877862765,,0.027076398225501775
2025-06-07,,,,0.01196836166148299
2025-06-08,,,,0.0016601692945029684
2025-06-09,0.00091952191342838,0.002904929464718703,-0.006002989795058624,0.04193701901077443
2025-06-10,0.005467983326654945,-0.005104053027667636,-0.0034337104337219745,8.16187723166166e-06
2025-06-11,-0.0027476895336661002,0.007515402443104229,8.972499295677557e-05,-0.014689864139822874
2025-06-12,0.003815210759964134,-0.0006241307640932019,0.017403086677936556,-0.027601509997467525
2025-06-13,-0.011360743305409217,-0.007225051348718301,,0.003563079800614995
2025-06-14,,,,-0.006229754362930302
2025-06-15,,,,0.001614116617052771
2025-06-16,0.009348881754855183,0.0024864383097925654,0.004369700634552297,0.010819001580448719
2025-06-17,-0.008387318295762367,-0.0008832439902828341,-0.0030479786792540955,-0.020640561785638882
2025-06-18,-0.0003092717177279465,0.001185227404138567,0.00035216434699982674,0.003193066583778891
2025-06-19,,-0.008261190327628757,,-0.002143500795418834
2025-06-20,-0.0021809894398640384,0.0009233094665735738,,-0.013360134590110288
2025-06-21,,,,-0.011366585906309993
2025-06-22,,,,-0.011056539009905606
2025-06-23,0.009560641855696288,0.002922954002912534,-0.008101742725644387,0.04251798418287755
2025-06-24,0.011060286796932295,0.011886358965835675,-0.018088425605543086,0.006636881762040622
2025-06-25,-3.282902479779892e-06,0.01425234893028315,0.0027071756644906617,0.01190860635120931
2025-06-26,0.007988153499777193,-0.003554225866534386,0.0014708312846856036,-0.0037658359922361708
2025-06-27,0.005205430912106668,-0.006166943378269668,,0.0009187341555929127
2025-06-28,,,,0.0024278220413707944
2025-06-29,,,,0.009799513193057125
2025-06-30,0.005151077553744316,0.003644771553675212,-0.00788970606685662,-0.011042545774063373
2025-07-01,-0.0011190878184368853,0.0016956814964140324,0.012647558751515887,-0.013875657522789369
2025-07-02,0.004733849037257287,0.0002333118629375644,0.0029510417123877314,0.02936194297618856
2025-07-03,0.008304350113372305,0.006165532849999087,-0.005012990535639487,0.006929028355238306
2025-07-04,,0.0035546000017413824,,-0.014807010356167202
2025-07-05,,,,0.00198987735547173
2025-07-06,,,,0.009220360273816494
2025-07-07,-0.00789334941723412,-0.00428570107246995,-2.9914593836857026e-05,-0.008620750971978201
2025-07-08,-0.000716149522799676,0.00835805669703756,-0.007778167358527289,0.005925903703309195
2025-07-09,0.006043843334676842,-0.0017647394706168296,0.0012353306079928082,0.02119364879201449
2025-07-10,0.002742409872004345,0.0046541822854642275,0.0014142358714422571,0.04179105182674664
2025-07-11,-0.0033029779929135954,0.0011937949012927403,,0.013206249248315144
2025-07-12,,,,-0.0009882740102209553
2025-07-13,,,,0.014131555564999137
2025-07-14,0.0014064149836943984,0.0007121088682097374,0.009992902686072034,0.006352241016561221
2025-07-15,-0.0039640981809521275,0.00034591183574905055,-0.006690786333014222,-0.017568602950338706
2025-07-16,0.0031884998062567844,-0.0029553013811939094,0.006690786333014253,0.007789572281839812
2025-07-17,0.005359433132147322,0.006787156620196248,-0.004116705294835094,0.004302210159362064
2025-07-18,-9.051821685285016e-05,0.00594586728433349,,-0.01058140424564178
2025-07-19,,,,-0.0007795115258153285
2025-07-20,,,,-0.00468816775278413
2025-07-21,0.0013981477220053166,0.006645277003414717,0.0345500126495503,0.0007746544376294361
2025-07-22,0.0006373254110623907,0.008129660342650571,0.011170733703240175,0.021718662051574175
2025-07-23,0.0077815261467118115,0.00019663224856516611,-0.013425721649245131,-0.010074290838843453
2025-07-24,0.000697989222081707,0.007079645621147921,-0.00697049088769062,-0.003814005236716318
2025-07-25,0.003966444948063231,-0.005287463080977002,,-0.005755648186446479
2025-07-26,,,,0.002425818268367217
2025-07-27,,,,0.012477212481708732
2025-07-28,0.00017686081491285848,0.002096096849013368,-0.0227272460721266,-0.011321988099457728
2025-07-29,-0.0029638056808081927,0.003909346858056,0.004254502646446915,-0.0008796461644138599
2025-07-30,-0.0012502200507663753,,-0.0046123484187392295,-0.0009304870884529072
2025-07-31,-0.003701698960678981,,-0.0012534695884189229,-0.017768892378581615
