"Fecha","Último","Apertura","Máximo","Mínimo","Vol.","% var."
"13.11.2023","4.411,55","4.406,66","4.421,76","4.393,82","","-0,08%"
"10.11.2023","4.415,24","4.364,15","4.418,03","4.353,34","","1,56%"
"09.11.2023","4.347,35","4.391,41","4.393,40","4.343,94","","-0,81%"
"08.11.2023","4.382,78","4.384,37","4.391,20","4.359,76","","0,10%"
"07.11.2023","4.378,38","4.366,21","4.386,26","4.355,41","","0,28%"
"06.11.2023","4.365,98","4.364,27","4.372,21","4.347,53","","0,18%"
"03.11.2023","4.358,34","4.334,23","4.373,62","4.334,23","","0,94%"
"02.11.2023","4.317,78","4.268,26","4.319,72","4.268,26","","1,89%"
"01.11.2023","4.237,86","4.201,27","4.245,64","4.197,74","","1,05%"
"31.10.2023","4.193,80","4.171,33","4.195,55","4.153,12","","0,65%"
"30.10.2023","4.166,82","4.139,39","4.177,47","4.132,94","","1,20%"
"27.10.2023","4.117,37","4.152,93","4.156,70","4.103,78","","-0,48%"
"26.10.2023","4.137,23","4.175,99","4.183,60","4.127,90","","-1,18%"
"25.10.2023","4.186,77","4.232,42","4.232,42","4.181,42","","-1,43%"
"24.10.2023","4.247,68","4.235,79","4.259,38","4.219,43","","0,73%"
"23.10.2023","4.217,04","4.210,40","4.255,84","4.189,22","","-0,17%"
"20.10.2023","4.224,16","4.273,85","4.276,56","4.223,03","","-1,26%"
"19.10.2023","4.278,00","4.321,36","4.339,54","4.269,69","","-0,85%"
"18.10.2023","4.314,60","4.357,35","4.364,20","4.303,84","","-1,34%"
"17.10.2023","4.373,20","4.345,23","4.393,57","4.337,54","","-0,01%"
"16.10.2023","4.373,63","4.342,37","4.383,33","4.342,37","","1,06%"
"13.10.2023","4.327,78","4.360,49","4.377,10","4.311,97","","-0,50%"
"12.10.2023","4.349,61","4.380,94","4.385,85","4.325,43","","-0,62%"
"11.10.2023","4.376,95","4.366,59","4.378,64","4.345,34","","0,43%"
"10.10.2023","4.358,24","4.339,75","4.385,46","4.339,64","","0,52%"
"09.10.2023","4.335,66","4.289,02","4.341,73","4.283,79","","0,63%"
"06.10.2023","4.308,50","4.234,79","4.324,10","4.219,55","","1,18%"
"05.10.2023","4.258,19","4.259,31","4.267,13","4.225,91","","-0,13%"
"04.10.2023","4.263,75","4.233,83","4.268,50","4.220,48","","0,81%"
"03.10.2023","4.229,45","4.269,75","4.281,15","4.216,45","","-1,37%"
"02.10.2023","4.288,39","4.284,52","4.300,58","4.260,21","","0,01%"
"29.09.2023","4.288,05","4.328,18","4.333,15","4.274,86","","-0,27%"
"28.09.2023","4.299,70","4.269,65","4.317,27","4.264,38","","0,59%"
"27.09.2023","4.274,51","4.282,63","4.292,07","4.238,63","","0,02%"
"26.09.2023","4.273,53","4.312,88","4.313,01","4.265,98","","-1,47%"
"25.09.2023","4.337,44","4.310,62","4.338,51","4.302,70","","0,40%"
"22.09.2023","4.320,06","4.341,74","4.357,40","4.316,49","","-0,23%"
"21.09.2023","4.330,00","4.374,36","4.375,70","4.329,17","","-1,64%"
"20.09.2023","4.402,20","4.452,81","4.461,03","4.401,38","","-0,94%"
"19.09.2023","4.443,95","4.445,41","4.449,85","4.416,61","","-0,22%"
"18.09.2023","4.453,53","4.445,13","4.466,36","4.442,11","","0,07%"
"15.09.2023","4.450,32","4.497,98","4.497,98","4.447,21","","-1,22%"
"14.09.2023","4.505,10","4.487,78","4.511,99","4.478,69","","0,84%"
"13.09.2023","4.467,44","4.462,65","4.479,39","4.453,52","","0,12%"
"12.09.2023","4.461,90","4.473,27","4.487,11","4.456,83","","-0,57%"
"11.09.2023","4.487,46","4.480,98","4.490,77","4.467,89","","0,67%"
"08.09.2023","4.457,49","4.451,30","4.473,53","4.448,38","","0,14%"
"07.09.2023","4.451,14","4.434,55","4.457,81","4.430,46","","-0,32%"
"06.09.2023","4.465,48","4.490,35","4.490,35","4.442,38","","-0,70%"
"05.09.2023","4.496,83","4.510,06","4.514,29","4.496,01","","-0,42%"
"01.09.2023","4.515,77","4.530,60","4.541,25","4.501,35","","0,18%"
"31.08.2023","4.507,66","4.517,01","4.532,26","4.507,39","","-0,16%"
"30.08.2023","4.514,87","4.500,34","4.521,65","4.493,59","","0,38%"
"29.08.2023","4.497,63","4.432,75","4.500,14","4.431,68","","1,45%"
"28.08.2023","4.433,31","4.426,03","4.439,56","4.414,98","","0,63%"
"25.08.2023","4.405,71","4.389,38","4.418,46","4.356,29","","0,67%"
"24.08.2023","4.376,31","4.455,16","4.458,30","4.375,55","","-1,35%"
"23.08.2023","4.436,01","4.396,44","4.443,18","4.396,44","","1,10%"
"22.08.2023","4.387,55","4.415,33","4.418,59","4.382,77","","-0,28%"
"21.08.2023","4.399,77","4.380,28","4.407,55","4.360,30","","0,69%"
"18.08.2023","4.369,71","4.344,88","4.381,82","4.335,31","","-0,01%"
"17.08.2023","4.370,36","4.416,32","4.421,17","4.364,83","","-0,77%"
"16.08.2023","4.404,33","4.433,79","4.449,95","4.403,55","","-0,76%"
"15.08.2023","4.437,86","4.478,87","4.478,87","4.432,19","","-1,16%"
"14.08.2023","4.489,72","4.458,13","4.490,33","4.453,44","","0,58%"
"11.08.2023","4.464,05","4.450,69","4.476,23","4.443,98","","-0,11%"
"10.08.2023","4.468,83","4.487,16","4.527,37","4.457,92","","0,03%"
"09.08.2023","4.467,71","4.501,57","4.502,44","4.461,33","","-0,70%"
"08.08.2023","4.499,38","4.498,03","4.503,31","4.464,39","","-0,42%"
"07.08.2023","4.518,44","4.491,58","4.519,84","4.491,15","","0,90%"
"04.08.2023","4.478,03","4.513,96","4.540,34","4.474,55","","-0,53%"
"03.08.2023","4.501,89","4.494,27","4.519,49","4.485,54","","-0,25%"
"02.08.2023","4.513,39","4.550,93","4.550,93","4.505,75","","-1,38%"
"01.08.2023","4.576,73","4.578,83","4.584,62","4.567,53","","-0,27%"
"31.07.2023","4.588,96","4.584,82","4.594,22","4.573,14","","0,15%"
"28.07.2023","4.582,23","4.565,75","4.590,16","4.564,01","","0,99%"
"27.07.2023","4.537,41","4.598,26","4.607,07","4.528,56","","-0,64%"
"26.07.2023","4.566,75","4.558,96","4.582,47","4.547,58","","-0,02%"
"25.07.2023","4.567,46","4.555,19","4.580,62","4.552,42","","0,28%"
"24.07.2023","4.554,64","4.543,39","4.563,41","4.541,29","","0,40%"
"21.07.2023","4.536,34","4.550,16","4.555,00","4.535,79","","0,03%"
"20.07.2023","4.534,87","4.554,38","4.564,74","4.527,56","","-0,68%"
"19.07.2023","4.565,72","4.563,87","4.578,43","4.557,48","","0,24%"
"18.07.2023","4.554,98","4.521,78","4.562,30","4.514,59","","0,71%"
"17.07.2023","4.522,79","4.508,86","4.532,85","4.504,90","","0,39%"
"14.07.2023","4.505,42","4.514,61","4.527,76","4.499,56","","-0,10%"
"13.07.2023","4.510,04","4.491,50","4.517,38","4.489,36","","0,85%"
"12.07.2023","4.472,16","4.467,69","4.488,34","4.463,23","","0,74%"
"11.07.2023","4.439,26","4.415,55","4.443,64","4.408,46","","0,67%"
"10.07.2023","4.409,53","4.394,23","4.412,60","4.389,92","","0,24%"
"07.07.2023","4.398,95","4.404,54","4.440,39","4.397,40","","-0,29%"
"06.07.2023","4.411,59","4.422,62","4.422,62","4.385,05","","-0,79%"
"05.07.2023","4.446,82","4.442,04","4.454,06","4.436,61","","-0,20%"
"03.07.2023","4.455,59","4.450,48","4.456,46","4.442,29","","0,12%"
"30.06.2023","4.450,38","4.422,44","4.458,48","4.422,44","","1,23%"
"29.06.2023","4.396,44","4.374,94","4.398,39","4.371,97","","0,45%"
"28.06.2023","4.376,86","4.367,48","4.390,35","4.360,22","","-0,04%"
"27.06.2023","4.378,41","4.337,36","4.384,42","4.335,00","","1,15%"
"26.06.2023","4.328,82","4.344,84","4.362,06","4.328,08","","-0,45%"
"23.06.2023","4.348,33","4.354,17","4.366,55","4.341,34","","-0,77%"
"22.06.2023","4.381,89","4.355,40","4.382,25","4.351,82","","0,37%"
"21.06.2023","4.365,69","4.380,01","4.386,22","4.360,14","","-0,52%"
"20.06.2023","4.388,71","4.396,11","4.400,15","4.367,19","","-0,47%"
"16.06.2023","4.409,59","4.440,95","4.448,47","4.407,44","","-0,37%"
"15.06.2023","4.425,84","4.365,33","4.439,20","4.362,60","","1,22%"
"14.06.2023","4.372,59","4.366,29","4.391,82","4.337,85","","0,08%"
"13.06.2023","4.369,01","4.352,61","4.375,37","4.349,31","","0,69%"
"12.06.2023","4.338,93","4.308,32","4.340,13","4.304,37","","0,93%"
"09.06.2023","4.298,86","4.304,88","4.322,62","4.291,70","","0,11%"
"08.06.2023","4.293,93","4.268,69","4.298,01","4.261,07","","0,62%"
"07.06.2023","4.267,52","4.285,47","4.299,19","4.263,96","","-0,38%"
"06.06.2023","4.283,85","4.271,34","4.288,33","4.263,09","","0,24%"
"05.06.2023","4.273,79","4.282,99","4.299,28","4.266,82","","-0,20%"
"02.06.2023","4.282,37","4.241,01","4.290,67","4.241,01","","1,45%"
"01.06.2023","4.221,02","4.183,03","4.232,43","4.171,64","","0,99%"
"31.05.2023","4.179,83","4.190,74","4.195,44","4.166,15","","-0,61%"
"30.05.2023","4.205,52","4.226,71","4.231,10","4.192,18","","0,00%"
"26.05.2023","4.205,45","4.156,16","4.212,87","4.156,16","","1,30%"
"25.05.2023","4.151,28","4.155,71","4.165,74","4.129,73","","0,88%"
"24.05.2023","4.115,24","4.132,96","4.132,96","4.103,98","","-0,73%"
"23.05.2023","4.145,58","4.176,80","4.185,68","4.142,54","","-1,12%"
"22.05.2023","4.192,63","4.190,78","4.209,22","4.179,68","","0,02%"
"19.05.2023","4.191,98","4.204,15","4.212,91","4.180,20","","-0,14%"
"18.05.2023","4.198,05","4.157,68","4.202,20","4.153,50","","0,94%"
"17.05.2023","4.158,77","4.122,85","4.164,67","4.113,62","","1,19%"
"16.05.2023","4.109,90","4.127,95","4.135,54","4.109,86","","-0,64%"
"15.05.2023","4.136,28","4.126,65","4.141,25","4.110,27","","0,30%"
"12.05.2023","4.124,08","4.138,54","4.143,74","4.099,12","","-0,16%"
"11.05.2023","4.130,62","4.132,24","4.132,80","4.109,29","","-0,17%"
"10.05.2023","4.137,64","4.143,74","4.154,28","4.098,92","","0,45%"
"09.05.2023","4.119,17","4.124,25","4.130,35","4.116,65","","-0,46%"
"08.05.2023","4.138,12","4.136,98","4.142,30","4.123,81","","0,05%"
"05.05.2023","4.136,25","4.084,73","4.147,02","4.084,73","","1,85%"
"04.05.2023","4.061,22","4.082,55","4.082,61","4.048,28","","-0,72%"
"03.05.2023","4.090,75","4.122,25","4.148,30","4.088,86","","-0,70%"
"02.05.2023","4.119,58","4.164,10","4.164,10","4.089,72","","-1,16%"
"01.05.2023","4.167,87","4.166,79","4.186,92","4.164,12","","-0,04%"
"28.04.2023","4.169,48","4.129,63","4.170,06","4.127,18","","0,83%"
"27.04.2023","4.135,35","4.075,29","4.138,24","4.075,29","","1,96%"
"26.04.2023","4.055,99","4.087,78","4.089,67","4.049,35","","-0,38%"
"25.04.2023","4.071,63","4.126,43","4.126,43","4.071,38","","-1,58%"
"24.04.2023","4.137,04","4.132,07","4.142,41","4.117,77","","0,09%"
"21.04.2023","4.133,52","4.132,14","4.138,02","4.113,86","","0,09%"
"20.04.2023","4.129,79","4.130,48","4.148,57","4.114,57","","-0,60%"
"19.04.2023","4.154,52","4.139,33","4.162,57","4.134,49","","-0,01%"
"18.04.2023","4.154,87","4.164,26","4.169,48","4.140,36","","0,09%"
"17.04.2023","4.151,32","4.137,17","4.151,72","4.123,18","","0,33%"
"14.04.2023","4.137,64","4.140,11","4.163,19","4.113,20","","-0,21%"
"13.04.2023","4.146,22","4.100,04","4.150,26","4.099,40","","1,33%"
"12.04.2023","4.091,95","4.121,72","4.134,37","4.086,94","","-0,41%"
"11.04.2023","4.108,94","4.110,29","4.124,26","4.102,61","","0,00%"
"10.04.2023","4.109,11","4.085,20","4.109,50","4.072,55","","0,10%"
"06.04.2023","4.105,02","4.081,15","4.107,32","4.069,84","","0,36%"
"05.04.2023","4.090,38","4.094,50","4.099,69","4.072,56","","-0,25%"
"04.04.2023","4.100,60","4.128,03","4.133,13","4.086,87","","-0,58%"
"03.04.2023","4.124,51","4.102,20","4.127,66","4.098,79","","0,37%"
"31.03.2023","4.109,31","4.056,18","4.110,75","4.056,18","","1,44%"
"30.03.2023","4.050,83","4.046,74","4.057,85","4.032,10","","0,57%"
"29.03.2023","4.027,81","3.999,53","4.030,59","3.999,53","","1,42%"
"28.03.2023","3.971,27","3.974,13","3.979,20","3.951,53","","-0,16%"
"27.03.2023","3.977,53","3.982,93","4.003,83","3.970,49","","0,16%"
"24.03.2023","3.970,99","3.939,21","3.972,74","3.909,16","","0,56%"
"23.03.2023","3.948,72","3.959,21","4.007,66","3.919,05","","0,30%"
"22.03.2023","3.936,97","4.002,04","4.039,49","3.936,17","","-1,65%"
"21.03.2023","4.002,87","3.975,89","4.009,08","3.971,19","","1,30%"
"20.03.2023","3.951,57","3.917,47","3.956,62","3.916,89","","0,89%"
"17.03.2023","3.916,64","3.958,69","3.958,91","3.901,27","","-1,10%"
"16.03.2023","3.960,28","3.878,93","3.964,46","3.864,11","","1,76%"
"15.03.2023","3.891,93","3.876,74","3.894,26","3.838,24","","-0,70%"
"14.03.2023","3.919,29","3.894,01","3.937,29","3.873,63","","1,65%"
"13.03.2023","3.855,76","3.835,12","3.905,05","3.808,86","","-0,15%"
"10.03.2023","3.861,59","3.912,77","3.934,05","3.846,32","","-1,45%"
"09.03.2023","3.918,32","3.998,66","4.017,81","3.908,70","","-1,85%"
"08.03.2023","3.992,01","3.987,55","4.000,41","3.969,76","","0,14%"
"07.03.2023","3.986,37","4.048,26","4.050,00","3.980,31","","-1,53%"
"06.03.2023","4.048,42","4.055,15","4.078,49","4.044,61","","0,07%"
"03.03.2023","4.045,64","3.998,02","4.048,29","3.995,17","","1,61%"
"02.03.2023","3.981,35","3.938,68","3.990,84","3.928,16","","0,76%"
"01.03.2023","3.951,39","3.963,34","3.971,73","3.939,05","","-0,47%"
"28.02.2023","3.970,15","3.977,19","3.997,50","3.968,98","","-0,30%"
"27.02.2023","3.982,24","3.992,36","4.018,05","3.973,55","","0,31%"
"24.02.2023","3.970,04","3.973,24","3.978,25","3.943,08","","-1,05%"
"23.02.2023","4.012,32","4.018,60","4.028,30","3.969,19","","0,53%"
"22.02.2023","3.991,05","4.001,83","4.017,37","3.976,90","","-0,16%"
"21.02.2023","3.997,34","4.052,35","4.052,35","3.995,19","","-2,00%"
"17.02.2023","4.079,09","4.077,39","4.081,51","4.047,95","","-0,28%"
"16.02.2023","4.090,41","4.114,75","4.136,54","4.089,49","","-1,38%"
"15.02.2023","4.147,60","4.119,50","4.148,11","4.103,98","","0,28%"
"14.02.2023","4.136,13","4.126,70","4.159,77","4.095,01","","-0,03%"
"13.02.2023","4.137,29","4.096,62","4.138,90","4.092,67","","1,14%"
"10.02.2023","4.090,46","4.068,92","4.094,36","4.060,79","","0,22%"
"09.02.2023","4.081,50","4.144,25","4.156,23","4.069,67","","-0,88%"
"08.02.2023","4.117,86","4.153,47","4.156,85","4.111,67","","-1,11%"
"07.02.2023","4.164,00","4.105,35","4.176,54","4.088,39","","1,29%"
"06.02.2023","4.111,08","4.119,57","4.124,63","4.093,38","","-0,61%"
"03.02.2023","4.136,48","4.136,69","4.182,36","4.123,36","","-1,04%"
"02.02.2023","4.179,76","4.158,68","4.195,44","4.141,88","","1,47%"
"01.02.2023","4.119,21","4.070,07","4.148,95","4.037,20","","1,05%"
"31.01.2023","4.076,60","4.020,85","4.077,16","4.020,44","","1,46%"
"30.01.2023","4.017,77","4.049,27","4.063,85","4.015,55","","-1,30%"
"27.01.2023","4.070,56","4.053,72","4.094,21","4.048,70","","0,25%"
"26.01.2023","4.060,43","4.036,08","4.061,57","4.013,29","","1,10%"
"25.01.2023","4.016,22","3.982,71","4.019,55","3.949,06","","-0,02%"
"24.01.2023","4.016,95","4.001,74","4.023,92","3.989,79","","-0,07%"
"23.01.2023","4.019,81","3.978,14","4.039,31","3.971,64","","1,19%"
"20.01.2023","3.972,61","3.909,04","3.972,96","3.897,86","","1,89%"
"19.01.2023","3.898,85","3.911,84","3.922,94","3.885,54","","-0,76%"
"18.01.2023","3.928,86","4.002,25","4.014,16","3.926,59","","-1,56%"
"17.01.2023","3.990,97","3.999,28","4.015,39","3.984,57","","-0,20%"
"13.01.2023","3.999,09","3.960,60","4.003,95","3.947,67","","0,40%"
"12.01.2023","3.983,17","3.977,57","3.997,76","3.937,56","","0,34%"
"11.01.2023","3.969,61","3.932,35","3.970,07","3.928,54","","1,28%"
"10.01.2023","3.919,25","3.888,57","3.919,83","3.877,29","","0,70%"
"09.01.2023","3.892,09","3.910,82","3.950,57","3.890,42","","-0,08%"
"06.01.2023","3.895,08","3.823,37","3.906,19","3.809,56","","2,28%"
"05.01.2023","3.808,10","3.839,74","3.839,74","3.802,42","","-1,16%"
"04.01.2023","3.852,97","3.840,36","3.873,16","3.815,77","","0,75%"
"03.01.2023","3.824,14","3.853,29","3.878,46","3.794,33","","-0,40%"
"30.12.2022","3.839,50","3.829,06","3.839,85","3.800,34","","-0,25%"
"29.12.2022","3.849,28","3.805,45","3.858,19","3.805,45","","1,75%"
"28.12.2022","3.783,22","3.829,56","3.848,32","3.780,78","","-1,20%"
"27.12.2022","3.829,25","3.843,34","3.846,65","3.813,22","","-0,40%"
"23.12.2022","3.844,82","3.815,11","3.845,80","3.797,01","","0,59%"
"22.12.2022","3.822,39","3.853,26","3.853,26","3.764,49","","-1,45%"
"21.12.2022","3.878,44","3.839,49","3.889,82","3.839,49","","1,49%"
"20.12.2022","3.821,62","3.810,47","3.838,24","3.795,62","","0,10%"
"19.12.2022","3.817,66","3.853,79","3.854,86","3.800,04","","-0,90%"
"16.12.2022","3.852,36","3.890,91","3.890,91","3.827,91","","-1,11%"
"15.12.2022","3.895,75","3.958,37","3.958,37","3.879,45","","-2,49%"
"14.12.2022","3.995,32","4.015,54","4.053,76","3.965,65","","-0,61%"
"13.12.2022","4.019,65","4.069,38","4.100,96","3.993,03","","0,73%"
"12.12.2022","3.990,56","3.939,29","3.990,71","3.935,30","","1,43%"
"09.12.2022","3.934,38","3.954,17","3.977,02","3.933,04","","-0,73%"
"08.12.2022","3.963,51","3.947,79","3.974,19","3.935,83","","0,75%"
"07.12.2022","3.933,92","3.933,28","3.957,57","3.922,68","","-0,19%"
"06.12.2022","3.941,26","3.996,63","4.001,51","3.918,39","","-1,44%"
"05.12.2022","3.998,84","4.052,02","4.052,45","3.984,49","","-1,79%"
"02.12.2022","4.071,70","4.040,17","4.080,48","4.026,63","","-0,12%"
"01.12.2022","4.076,57","4.087,14","4.100,51","4.050,87","","-0,09%"
"30.11.2022","4.080,11","3.957,18","4.080,11","3.938,58","","3,09%"
"29.11.2022","3.957,63","3.964,19","3.976,77","3.937,65","","-0,16%"
"28.11.2022","3.963,94","4.005,36","4.012,27","3.955,77","","-1,54%"
"25.11.2022","4.026,12","4.023,34","4.034,02","4.020,76","","-0,03%"
"23.11.2022","4.027,26","4.000,30","4.033,78","3.998,66","","0,59%"
"22.11.2022","4.003,58","3.965,51","4.005,88","3.956,88","","1,36%"
"21.11.2022","3.949,94","3.956,23","3.962,00","3.933,34","","-0,39%"
"18.11.2022","3.965,34","3.966,39","3.979,89","3.935,98","","0,48%"
"17.11.2022","3.946,56","3.919,26","3.954,33","3.906,54","","-0,31%"
"16.11.2022","3.958,79","3.976,82","3.983,09","3.954,34","","-0,83%"
"15.11.2022","3.991,73","4.006,41","4.028,84","3.953,17","","0,87%"
"14.11.2022","3.957,25","3.977,97","4.008,97","3.956,40","","-0,89%"
"11.11.2022","3.992,93","3.963,72","4.001,48","3.944,82","","0,92%"
"10.11.2022","3.956,37","3.859,89","3.958,33","3.859,89","","5,54%"
"09.11.2022","3.748,57","3.810,94","3.818,20","3.744,22","","-2,08%"
"08.11.2022","3.828,11","3.817,02","3.859,40","3.786,28","","0,56%"
"07.11.2022","3.806,80","3.780,71","3.813,95","3.764,70","","0,96%"
"04.11.2022","3.770,55","3.766,98","3.796,34","3.708,84","","1,36%"
"03.11.2022","3.719,89","3.733,25","3.750,59","3.698,15","","-1,06%"
"02.11.2022","3.759,69","3.852,90","3.894,44","3.758,68","","-2,50%"
"01.11.2022","3.856,10","3.901,79","3.911,79","3.843,80","","-0,41%"
"31.10.2022","3.871,98","3.881,85","3.893,73","3.863,18","","-0,75%"
"28.10.2022","3.901,06","3.808,26","3.905,42","3.808,26","","2,46%"
"27.10.2022","3.807,30","3.834,69","3.859,95","3.803,79","","-0,61%"
"26.10.2022","3.830,60","3.825,97","3.886,15","3.824,07","","-0,74%"
"25.10.2022","3.859,11","3.799,44","3.862,85","3.799,44","","1,63%"
"24.10.2022","3.797,34","3.762,01","3.810,74","3.741,65","","1,19%"
"21.10.2022","3.752,75","3.657,10","3.757,89","3.647,42","","2,37%"
"20.10.2022","3.665,78","3.689,05","3.736,00","3.656,44","","-0,80%"
"19.10.2022","3.695,16","3.703,11","3.728,58","3.666,51","","-0,67%"
"18.10.2022","3.719,98","3.746,26","3.762,79","3.686,53","","1,14%"
"17.10.2022","3.677,95","3.638,65","3.689,73","3.638,65","","2,65%"
"14.10.2022","3.583,07","3.690,41","3.712,00","3.579,68","","-2,37%"
"13.10.2022","3.669,91","3.520,37","3.685,41","3.491,58","","2,60%"
"12.10.2022","3.577,03","3.590,83","3.608,34","3.573,86","","-0,33%"
"11.10.2022","3.588,84","3.595,86","3.640,66","3.568,45","","-0,65%"
"10.10.2022","3.612,39","3.647,51","3.652,17","3.588,10","","-0,75%"
"07.10.2022","3.639,66","3.706,74","3.706,74","3.620,73","","-2,80%"
"06.10.2022","3.744,52","3.771,97","3.797,93","3.739,22","","-1,02%"
"05.10.2022","3.783,28","3.753,25","3.806,91","3.722,66","","-0,20%"
"04.10.2022","3.790,93","3.726,46","3.791,92","3.726,46","","3,06%"
"03.10.2022","3.678,43","3.609,78","3.698,35","3.604,93","","2,59%"
"30.09.2022","3.585,62","3.633,48","3.671,44","3.584,13","","-1,51%"
"29.09.2022","3.640,47","3.687,01","3.687,01","3.610,40","","-2,11%"
"28.09.2022","3.719,04","3.651,94","3.736,74","3.640,61","","1,97%"
"27.09.2022","3.647,29","3.686,44","3.717,53","3.623,29","","-0,21%"
"26.09.2022","3.655,04","3.682,72","3.715,67","3.644,76","","-1,03%"
"23.09.2022","3.693,23","3.727,14","3.727,14","3.647,47","","-1,72%"
"22.09.2022","3.757,99","3.782,36","3.790,90","3.749,45","","-0,84%"
"21.09.2022","3.789,93","3.871,40","3.907,07","3.789,49","","-1,71%"
"20.09.2022","3.855,93","3.875,23","3.876,01","3.827,54","","-1,13%"
"19.09.2022","3.899,89","3.849,91","3.900,45","3.838,50","","0,69%"
"16.09.2022","3.873,33","3.880,95","3.880,95","3.837,08","","-0,72%"
"15.09.2022","3.901,35","3.932,41","3.959,14","3.888,28","","-1,13%"
"14.09.2022","3.946,01","3.940,73","3.961,94","3.912,18","","0,34%"
"13.09.2022","3.932,69","4.037,12","4.037,12","3.921,28","","-4,32%"
"12.09.2022","4.110,41","4.083,67","4.119,28","4.083,67","","1,06%"
"09.09.2022","4.067,36","4.022,94","4.076,81","4.022,94","","1,53%"
"08.09.2022","4.006,18","3.959,94","4.010,50","3.944,81","","0,66%"
"07.09.2022","3.979,87","3.909,43","3.987,89","3.906,03","","1,83%"
"06.09.2022","3.908,19","3.930,89","3.942,55","3.886,75","","-0,41%"
"02.09.2022","3.924,26","3.994,66","4.018,43","3.906,21","","-1,07%"
"01.09.2022","3.966,85","3.936,73","3.970,23","3.903,65","","0,30%"
"31.08.2022","3.955,00","4.000,67","4.015,37","3.954,53","","-0,78%"
"30.08.2022","3.986,16","4.041,25","4.044,98","3.965,21","","-1,10%"
"29.08.2022","4.030,61","4.034,58","4.062,99","4.017,42","","-0,67%"
"26.08.2022","4.057,66","4.198,74","4.203,04","4.057,66","","-3,37%"
"25.08.2022","4.199,12","4.153,26","4.200,54","4.147,59","","1,41%"
"24.08.2022","4.140,77","4.126,55","4.156,56","4.119,97","","0,29%"
"23.08.2022","4.128,73","4.133,09","4.159,77","4.124,03","","-0,22%"
"22.08.2022","4.137,99","4.195,08","4.195,08","4.129,86","","-2,14%"
"19.08.2022","4.228,48","4.266,31","4.266,31","4.218,70","","-1,29%"
"18.08.2022","4.283,74","4.273,13","4.292,53","4.261,98","","0,23%"
"17.08.2022","4.274,04","4.280,40","4.302,18","4.253,08","","-0,72%"
"16.08.2022","4.305,20","4.290,46","4.325,28","4.277,77","","0,19%"
"15.08.2022","4.297,14","4.269,37","4.301,79","4.256,90","","0,40%"
"12.08.2022","4.280,15","4.225,02","4.280,47","4.219,78","","1,73%"
"11.08.2022","4.207,27","4.227,40","4.257,91","4.201,41","","-0,07%"
"10.08.2022","4.210,24","4.181,02","4.211,03","4.177,26","","2,13%"
"09.08.2022","4.122,47","4.133,11","4.137,30","4.112,09","","-0,42%"
"08.08.2022","4.140,06","4.155,93","4.186,62","4.128,97","","-0,12%"
"05.08.2022","4.145,19","4.115,87","4.151,58","4.107,31","","-0,16%"
"04.08.2022","4.151,94","4.154,85","4.161,29","4.135,42","","-0,08%"
"03.08.2022","4.155,17","4.107,96","4.167,66","4.107,96","","1,56%"
"02.08.2022","4.091,19","4.104,21","4.140,47","4.079,81","","-0,67%"
"01.08.2022","4.118,63","4.112,38","4.144,95","4.096,02","","-0,28%"
"29.07.2022","4.130,29","4.087,33","4.140,15","4.079,22","","1,42%"
"28.07.2022","4.072,43","4.026,13","4.078,95","3.992,97","","1,21%"
"27.07.2022","4.023,61","3.951,43","4.039,56","3.951,43","","2,62%"
"26.07.2022","3.921,05","3.953,22","3.953,22","3.910,74","","-1,15%"
"25.07.2022","3.966,84","3.965,72","3.975,30","3.943,46","","0,13%"
"22.07.2022","3.961,63","3.998,43","4.012,44","3.938,86","","-0,93%"
"21.07.2022","3.998,95","3.955,47","3.999,29","3.927,64","","0,99%"
"20.07.2022","3.959,90","3.935,32","3.974,13","3.922,03","","0,59%"
"19.07.2022","3.936,69","3.860,73","3.939,81","3.860,73","","2,76%"
"18.07.2022","3.830,85","3.883,79","3.902,44","3.818,63","","-0,84%"
"15.07.2022","3.863,16","3.818,00","3.863,62","3.817,18","","1,92%"
"14.07.2022","3.790,38","3.763,99","3.796,41","3.721,56","","-0,30%"
"13.07.2022","3.801,78","3.779,67","3.829,44","3.759,07","","-0,45%"
"12.07.2022","3.818,80","3.851,95","3.873,41","3.802,36","","-0,92%"
"11.07.2022","3.854,43","3.880,94","3.880,94","3.847,22","","-1,15%"
"08.07.2022","3.899,38","3.888,26","3.918,50","3.869,34","","-0,08%"
"07.07.2022","3.902,62","3.858,85","3.910,63","3.858,85","","1,50%"
"06.07.2022","3.845,08","3.831,98","3.870,91","3.809,37","","0,36%"
"05.07.2022","3.831,39","3.792,61","3.832,19","3.742,06","","0,16%"
"01.07.2022","3.825,33","3.781,00","3.829,82","3.752,10","","1,06%"
"30.06.2022","3.785,38","3.785,99","3.818,99","3.738,67","","-0,88%"
"29.06.2022","3.818,83","3.825,09","3.836,50","3.799,02","","-0,07%"
"28.06.2022","3.821,55","3.913,00","3.945,86","3.820,14","","-2,01%"
"27.06.2022","3.900,11","3.920,76","3.927,72","3.889,66","","-0,30%"
"24.06.2022","3.911,74","3.821,75","3.913,65","3.821,75","","3,06%"
"23.06.2022","3.795,73","3.774,71","3.802,58","3.743,52","","0,95%"
"22.06.2022","3.759,89","3.733,89","3.801,79","3.717,69","","-0,13%"
"21.06.2022","3.764,79","3.715,31","3.779,65","3.715,31","","2,45%"
"17.06.2022","3.674,84","3.665,90","3.707,71","3.636,87","","0,22%"
"16.06.2022","3.666,77","3.728,18","3.728,18","3.639,77","","-3,25%"
"15.06.2022","3.789,99","3.764,05","3.837,56","3.722,30","","1,46%"
"14.06.2022","3.735,48","3.763,52","3.778,18","3.705,68","","-0,38%"
"13.06.2022","3.749,63","3.838,15","3.838,15","3.734,30","","-3,88%"
"10.06.2022","3.900,86","3.974,39","3.974,39","3.900,16","","-2,91%"
"09.06.2022","4.017,82","4.101,65","4.119,10","4.017,17","","-2,38%"
"08.06.2022","4.115,77","4.147,12","4.160,14","4.107,20","","-1,08%"
"07.06.2022","4.160,68","4.096,47","4.164,86","4.080,19","","0,95%"
"06.06.2022","4.121,43","4.134,72","4.168,78","4.109,18","","0,31%"
"03.06.2022","4.108,54","4.137,57","4.142,67","4.098,67","","-1,63%"
"02.06.2022","4.176,82","4.095,41","4.177,51","4.074,37","","1,84%"
"01.06.2022","4.101,23","4.149,78","4.166,54","4.073,85","","-0,75%"
"31.05.2022","4.132,15","4.151,09","4.168,34","4.104,88","","-0,63%"
"27.05.2022","4.158,24","4.077,43","4.158,49","4.077,43","","2,47%"
"26.05.2022","4.057,84","3.984,60","4.075,14","3.984,60","","1,99%"
"25.05.2022","3.978,73","3.929,59","3.999,33","3.925,03","","0,95%"
"24.05.2022","3.941,48","3.942,94","3.955,68","3.875,13","","-0,81%"
"23.05.2022","3.973,75","3.919,42","3.981,88","3.909,04","","1,86%"
"20.05.2022","3.901,36","3.927,76","3.943,42","3.810,32","","0,01%"
"19.05.2022","3.900,79","3.899,00","3.945,96","3.876,58","","-0,58%"
"18.05.2022","3.923,68","4.051,98","4.051,98","3.911,91","","-4,04%"
"17.05.2022","4.088,85","4.052,00","4.090,72","4.033,93","","2,02%"
"16.05.2022","4.008,01","4.013,02","4.046,46","3.983,99","","-0,39%"
"13.05.2022","4.023,89","3.963,90","4.038,88","3.963,90","","2,39%"
"12.05.2022","3.930,08","3.903,95","3.964,80","3.858,87","","-0,13%"
"11.05.2022","3.935,18","3.990,08","4.049,09","3.928,82","","-1,65%"
"10.05.2022","4.001,05","4.035,18","4.068,82","3.958,17","","0,25%"
"09.05.2022","3.991,24","4.081,27","4.081,27","3.975,48","","-3,20%"
"06.05.2022","4.123,34","4.128,17","4.157,69","4.067,91","","-0,57%"
"05.05.2022","4.146,87","4.270,43","4.270,43","4.106,01","","-3,56%"
"04.05.2022","4.300,17","4.181,18","4.307,66","4.148,91","","2,99%"
"03.05.2022","4.175,48","4.159,78","4.200,10","4.147,08","","0,48%"
"02.05.2022","4.155,38","4.130,61","4.169,81","4.062,51","","0,57%"
"29.04.2022","4.131,93","4.253,75","4.269,68","4.124,28","","-3,63%"
"28.04.2022","4.287,50","4.222,58","4.308,45","4.188,63","","2,47%"
"27.04.2022","4.183,96","4.186,52","4.240,71","4.162,90","","0,21%"
"26.04.2022","4.175,20","4.278,14","4.278,14","4.175,04","","-2,81%"
"25.04.2022","4.296,12","4.255,34","4.299,02","4.200,82","","0,57%"
"22.04.2022","4.271,78","4.385,83","4.385,83","4.267,62","","-2,77%"
"21.04.2022","4.393,66","4.489,17","4.512,94","4.384,47","","-1,48%"
"20.04.2022","4.459,45","4.472,26","4.488,29","4.448,76","","-0,06%"
"19.04.2022","4.462,21","4.390,63","4.471,03","4.390,63","","1,61%"
"18.04.2022","4.391,69","4.385,63","4.410,31","4.370,30","","-0,02%"
"14.04.2022","4.392,59","4.449,12","4.460,46","4.390,77","","-1,21%"
"13.04.2022","4.446,59","4.394,30","4.453,92","4.392,70","","1,12%"
"12.04.2022","4.397,45","4.437,59","4.471,00","4.381,34","","-0,34%"
"11.04.2022","4.412,53","4.462,64","4.464,35","4.408,38","","-1,69%"
"08.04.2022","4.488,28","4.494,15","4.520,41","4.474,60","","-0,27%"
"07.04.2022","4.500,21","4.474,65","4.521,16","4.450,30","","0,43%"
"06.04.2022","4.481,15","4.494,17","4.503,94","4.450,04","","-0,97%"
"05.04.2022","4.525,12","4.572,45","4.593,45","4.514,17","","-1,26%"
"04.04.2022","4.582,64","4.547,97","4.583,50","4.539,21","","0,81%"
"01.04.2022","4.545,86","4.540,32","4.548,70","4.507,57","","0,34%"
"31.03.2022","4.530,41","4.599,02","4.603,07","4.530,41","","-1,57%"
"30.03.2022","4.602,45","4.624,20","4.627,77","4.581,32","","-0,63%"
"29.03.2022","4.631,60","4.602,86","4.637,30","4.589,66","","1,23%"
"28.03.2022","4.575,52","4.541,09","4.575,65","4.517,69","","0,71%"
"25.03.2022","4.543,06","4.522,91","4.546,03","4.501,07","","0,51%"
"24.03.2022","4.520,16","4.469,98","4.520,58","4.465,17","","1,43%"
"23.03.2022","4.456,24","4.493,10","4.501,07","4.455,81","","-1,23%"
"22.03.2022","4.511,61","4.469,10","4.522,00","4.469,10","","1,13%"
"21.03.2022","4.461,18","4.462,40","4.481,75","4.424,30","","-0,04%"
"18.03.2022","4.463,12","4.407,34","4.465,40","4.390,57","","1,17%"
"17.03.2022","4.411,67","4.345,11","4.412,67","4.335,65","","1,23%"
"16.03.2022","4.357,86","4.288,14","4.358,90","4.251,99","","2,24%"
"15.03.2022","4.262,45","4.188,82","4.271,05","4.187,90","","2,14%"
"14.03.2022","4.173,11","4.202,75","4.247,57","4.161,72","","-0,74%"
"11.03.2022","4.204,31","4.279,50","4.291,01","4.200,49","","-1,30%"
"10.03.2022","4.259,52","4.252,55","4.268,28","4.209,80","","-0,43%"
"09.03.2022","4.277,88","4.223,10","4.299,40","4.223,10","","2,57%"
"08.03.2022","4.170,70","4.202,66","4.276,94","4.157,87","","-0,72%"
"07.03.2022","4.201,09","4.327,01","4.327,01","4.199,85","","-2,95%"
"04.03.2022","4.328,87","4.342,12","4.342,12","4.284,98","","-0,79%"
"03.03.2022","4.363,49","4.401,31","4.416,78","4.345,56","","-0,53%"
"02.03.2022","4.386,54","4.322,56","4.401,48","4.322,56","","1,86%"
"01.03.2022","4.306,26","4.363,14","4.378,45","4.279,54","","-1,55%"
"28.02.2022","4.373,94","4.354,17","4.388,84","4.315,12","","-0,24%"
"25.02.2022","4.384,65","4.298,38","4.385,34","4.286,83","","2,24%"
"24.02.2022","4.288,70","4.155,77","4.294,73","4.114,65","","1,50%"
"23.02.2022","4.225,50","4.324,93","4.341,51","4.221,51","","-1,84%"
"22.02.2022","4.304,76","4.332,74","4.362,12","4.267,11","","-1,01%"
"18.02.2022","4.348,87","4.384,57","4.394,60","4.327,22","","-0,72%"
"17.02.2022","4.380,26","4.456,06","4.456,06","4.373,81","","-2,12%"
"16.02.2022","4.475,01","4.455,75","4.489,55","4.429,68","","0,09%"
"15.02.2022","4.471,07","4.429,28","4.472,77","4.429,28","","1,58%"
"14.02.2022","4.401,67","4.412,61","4.426,22","4.364,84","","-0,38%"
"11.02.2022","4.418,64","4.506,27","4.526,33","4.401,41","","-1,90%"
"10.02.2022","4.504,10","4.553,20","4.588,90","4.484,30","","-1,81%"
"09.02.2022","4.587,20","4.547,00","4.590,00","4.547,00","","1,45%"
"08.02.2022","4.521,50","4.480,00","4.531,30","4.465,40","","0,84%"
"07.02.2022","4.483,90","4.505,80","4.521,90","4.471,50","","-0,37%"
"04.02.2022","4.500,50","4.482,80","4.539,70","4.451,50","","0,52%"
"03.02.2022","4.477,40","4.535,40","4.542,90","4.470,40","","-2,44%"
"02.02.2022","4.589,40","4.566,40","4.595,30","4.544,30","","0,94%"
"01.02.2022","4.546,50","4.519,60","4.550,50","4.483,50","","0,68%"
"31.01.2022","4.515,60","4.431,80","4.516,90","4.414,00","","1,89%"
"28.01.2022","4.431,90","4.336,20","4.432,70","4.292,50","","2,44%"
"27.01.2022","4.326,50","4.380,60","4.428,70","4.309,50","","-0,54%"
"26.01.2022","4.349,90","4.408,40","4.453,20","4.304,80","","-0,15%"
"25.01.2022","4.356,40","4.366,60","4.411,00","4.287,10","","-1,22%"
"24.01.2022","4.410,10","4.356,30","4.417,40","4.222,60","","0,28%"
"21.01.2022","4.397,90","4.471,40","4.494,50","4.395,30","","-1,89%"
"20.01.2022","4.482,70","4.547,40","4.602,10","4.477,90","","-1,11%"
"19.01.2022","4.532,80","4.588,00","4.611,60","4.530,20","","-0,97%"
"18.01.2022","4.577,10","4.632,20","4.632,20","4.568,70","","-1,84%"
"14.01.2022","4.662,90","4.638,00","4.665,10","4.614,80","","0,08%"
"13.01.2022","4.659,00","4.733,60","4.744,10","4.650,30","","-1,43%"
"12.01.2022","4.726,40","4.728,60","4.748,80","4.706,70","","0,28%"
"11.01.2022","4.713,10","4.669,10","4.714,10","4.638,30","","0,92%"
"10.01.2022","4.670,30","4.655,30","4.673,00","4.582,20","","-0,14%"
"07.01.2022","4.677,00","4.697,70","4.707,90","4.662,70","","-0,41%"
"06.01.2022","4.696,10","4.693,40","4.725,00","4.671,30","","-0,10%"
"05.01.2022","4.700,60","4.788,00","4.797,70","4.699,40","","-1,94%"
"04.01.2022","4.793,50","4.804,50","4.818,60","4.774,30","","-0,06%"
"03.01.2022","4.796,60","4.778,10","4.796,60","4.758,20","","0,64%"
"31.12.2021","4.766,20","4.775,20","4.786,80","4.765,80","","-0,26%"
"30.12.2021","4.778,70","4.794,20","4.808,90","4.775,30","","-0,30%"
"29.12.2021","4.793,10","4.788,60","4.804,10","4.778,10","","0,14%"
"28.12.2021","4.786,40","4.795,50","4.807,00","4.780,00","","-0,10%"
"27.12.2021","4.791,20","4.734,00","4.791,50","4.734,00","","1,38%"
"23.12.2021","4.725,80","4.704,00","4.740,70","4.704,00","","0,62%"
"22.12.2021","4.696,60","4.650,40","4.697,70","4.645,50","","1,02%"
"21.12.2021","4.649,20","4.595,00","4.651,10","4.583,20","","1,78%"
"20.12.2021","4.568,00","4.587,90","4.587,90","4.531,10","","-1,14%"
"17.12.2021","4.620,60","4.652,50","4.666,70","4.600,20","","-1,03%"
"16.12.2021","4.668,70","4.719,10","4.732,00","4.651,90","","-0,87%"
"15.12.2021","4.709,90","4.636,50","4.712,60","4.611,20","","1,64%"
"14.12.2021","4.634,10","4.643,00","4.660,50","4.606,50","","-0,75%"
"13.12.2021","4.669,00","4.710,30","4.710,30","4.667,60","","-0,91%"
"10.12.2021","4.712,00","4.687,60","4.713,60","4.670,20","","0,96%"
"09.12.2021","4.667,40","4.691,00","4.695,30","4.666,00","","-0,72%"
"08.12.2021","4.701,20","4.690,90","4.705,10","4.674,50","","0,31%"
"07.12.2021","4.686,80","4.632,00","4.694,00","4.632,00","","2,07%"
"06.12.2021","4.591,70","4.548,40","4.612,60","4.540,50","","1,17%"
"03.12.2021","4.538,40","4.589,50","4.608,00","4.495,10","","-0,85%"
"02.12.2021","4.577,10","4.504,70","4.595,50","4.504,70","","1,42%"
"01.12.2021","4.513,00","4.602,80","4.652,90","4.510,30","","-1,18%"
"30.11.2021","4.567,00","4.640,20","4.646,00","4.560,00","","-1,90%"
"29.11.2021","4.655,30","4.628,80","4.672,90","4.625,30","","1,32%"
"26.11.2021","4.594,60","4.664,60","4.664,60","4.585,40","","-2,27%"
"24.11.2021","4.701,50","4.675,80","4.702,90","4.659,90","","0,23%"
"23.11.2021","4.690,70","4.678,50","4.699,40","4.652,70","","0,17%"
"22.11.2021","4.682,90","4.712,00","4.743,80","4.682,20","","-0,32%"
"19.11.2021","4.698,00","4.708,40","4.717,80","4.694,20","","-0,14%"
"18.11.2021","4.704,50","4.700,70","4.708,80","4.672,80","","0,34%"
"17.11.2021","4.688,70","4.701,50","4.701,50","4.684,40","","-0,26%"
"16.11.2021","4.700,90","4.679,40","4.714,90","4.679,40","","0,39%"
"15.11.2021","4.682,80","4.689,30","4.697,40","4.672,90","","0,00%"
"12.11.2021","4.682,90","4.655,20","4.688,50","4.650,80","","0,72%"
"11.11.2021","4.649,30","4.659,40","4.664,60","4.648,30","","0,06%"
"10.11.2021","4.646,70","4.670,30","4.684,90","4.630,90","","-0,82%"
"09.11.2021","4.685,20","4.707,20","4.708,50","4.670,90","","-0,35%"
"08.11.2021","4.701,70","4.701,50","4.714,90","4.694,40","","0,09%"
"05.11.2021","4.697,50","4.699,30","4.718,50","4.681,30","","0,37%"
"04.11.2021","4.680,10","4.662,90","4.683,00","4.662,60","","0,42%"
"03.11.2021","4.660,60","4.630,60","4.663,50","4.621,20","","0,65%"
"02.11.2021","4.630,60","4.613,30","4.635,10","4.613,30","","0,37%"
"01.11.2021","4.613,70","4.610,60","4.620,30","4.595,10","","0,18%"
"29.10.2021","4.605,40","4.572,90","4.608,10","4.567,60","","0,20%"
"28.10.2021","4.596,40","4.562,80","4.597,60","4.562,80","","0,98%"
"27.10.2021","4.551,70","4.580,20","4.584,60","4.551,70","","-0,50%"
"26.10.2021","4.574,80","4.578,70","4.598,50","4.569,20","","0,18%"
"25.10.2021","4.566,50","4.553,70","4.572,60","4.537,40","","0,48%"
"22.10.2021","4.544,90","4.546,10","4.559,70","4.524,00","","-0,11%"
"21.10.2021","4.549,80","4.532,20","4.551,40","4.526,90","","0,30%"
"20.10.2021","4.536,20","4.524,40","4.540,90","4.524,40","","0,37%"
"19.10.2021","4.519,60","4.497,30","4.520,40","4.496,40","","0,74%"
"18.10.2021","4.486,50","4.463,70","4.488,80","4.447,50","","0,34%"
"15.10.2021","4.471,40","4.447,70","4.475,80","4.447,70","","0,75%"
"14.10.2021","4.438,30","4.386,80","4.439,70","4.386,80","","1,71%"
"13.10.2021","4.363,80","4.358,00","4.372,90","4.329,90","","0,30%"
"12.10.2021","4.350,60","4.368,30","4.374,90","4.342,10","","-0,24%"
"11.10.2021","4.361,20","4.385,40","4.415,90","4.360,60","","-0,69%"
"08.10.2021","4.391,30","4.406,50","4.412,00","4.386,20","","-0,19%"
"07.10.2021","4.399,80","4.383,70","4.430,00","4.383,70","","0,83%"
"06.10.2021","4.363,60","4.319,60","4.365,60","4.290,50","","0,41%"
"05.10.2021","4.345,70","4.309,90","4.369,20","4.309,90","","1,05%"
"04.10.2021","4.300,50","4.348,80","4.355,50","4.278,90","","-1,30%"
"01.10.2021","4.357,00","4.317,20","4.375,20","4.288,50","","1,15%"
"30.09.2021","4.307,50","4.370,70","4.382,60","4.306,20","","-1,19%"
"29.09.2021","4.359,50","4.362,40","4.385,60","4.355,10","","0,16%"
"28.09.2021","4.352,60","4.419,50","4.419,50","4.346,30","","-2,04%"
"27.09.2021","4.443,10","4.442,10","4.457,30","4.436,20","","-0,28%"
"24.09.2021","4.455,50","4.438,00","4.463,10","4.430,30","","0,15%"
"23.09.2021","4.449,00","4.406,80","4.465,40","4.406,80","","1,21%"
"22.09.2021","4.395,60","4.367,40","4.416,80","4.367,40","","0,95%"
"21.09.2021","4.354,20","4.374,40","4.394,90","4.348,00","","-0,08%"
"20.09.2021","4.357,70","4.402,90","4.402,90","4.305,90","","-1,70%"
"17.09.2021","4.433,00","4.469,70","4.471,50","4.427,80","","-0,91%"
"16.09.2021","4.473,80","4.477,10","4.485,90","4.443,80","","-0,15%"
"15.09.2021","4.480,70","4.447,50","4.486,90","4.438,40","","0,85%"
"14.09.2021","4.443,10","4.479,30","4.485,70","4.435,50","","-0,57%"
"13.09.2021","4.468,70","4.474,80","4.493,00","4.445,70","","0,23%"
"10.09.2021","4.458,60","4.506,90","4.520,50","4.457,70","","-0,77%"
"09.09.2021","4.493,30","4.513,00","4.529,90","4.492,10","","-0,46%"
"08.09.2021","4.514,10","4.518,10","4.521,80","4.493,90","","-0,13%"
"07.09.2021","4.520,00","4.535,40","4.535,40","4.513,00","","-0,34%"
"03.09.2021","4.535,40","4.532,40","4.541,40","4.521,30","","-0,03%"
"02.09.2021","4.536,90","4.534,50","4.545,90","4.524,70","","0,28%"
"01.09.2021","4.524,10","4.528,80","4.537,10","4.522,00","","0,03%"
"31.08.2021","4.522,70","4.529,80","4.531,40","4.515,80","","-0,13%"
"30.08.2021","4.528,80","4.513,80","4.537,40","4.513,80","","0,43%"
"27.08.2021","4.509,40","4.474,10","4.513,30","4.474,10","","0,88%"
"26.08.2021","4.470,00","4.493,80","4.495,90","4.469,00","","-0,58%"
"25.08.2021","4.496,20","4.490,40","4.501,70","4.485,70","","0,22%"
"24.08.2021","4.486,20","4.484,40","4.492,80","4.482,30","","0,15%"
"23.08.2021","4.479,50","4.450,30","4.489,90","4.450,30","","0,85%"
"20.08.2021","4.441,70","4.410,60","4.444,40","4.406,80","","0,81%"
"19.08.2021","4.405,80","4.382,40","4.418,60","4.367,70","","0,12%"
"18.08.2021","4.400,30","4.440,90","4.454,30","4.397,60","","-1,07%"
"17.08.2021","4.448,10","4.462,10","4.462,10","4.417,80","","-0,71%"
"16.08.2021","4.479,70","4.461,60","4.480,30","4.437,70","","0,26%"
"13.08.2021","4.468,00","4.464,80","4.468,40","4.460,80","","0,16%"
"12.08.2021","4.460,80","4.446,10","4.461,80","4.436,00","","0,29%"
"11.08.2021","4.447,70","4.442,20","4.449,40","4.436,40","","0,25%"
"10.08.2021","4.436,80","4.435,80","4.445,20","4.430,00","","0,10%"
"09.08.2021","4.432,40","4.437,80","4.439,40","4.424,70","","-0,09%"
"06.08.2021","4.436,50","4.429,10","4.440,80","4.429,10","","0,17%"
"05.08.2021","4.429,10","4.408,90","4.429,80","4.408,90","","0,60%"
"04.08.2021","4.402,70","4.415,90","4.416,20","4.400,20","","-0,46%"
"03.08.2021","4.423,10","4.392,70","4.423,80","4.373,00","","0,82%"
"02.08.2021","4.387,20","4.406,90","4.422,20","4.384,80","","-0,18%"
"30.07.2021","4.395,30","4.395,10","4.412,20","4.389,60","","-0,54%"
"29.07.2021","4.419,10","4.403,60","4.430,00","4.403,60","","0,42%"
"28.07.2021","4.400,60","4.402,90","4.415,50","4.387,00","","-0,02%"
"27.07.2021","4.401,50","4.416,40","4.416,40","4.372,50","","-0,47%"
"26.07.2021","4.422,30","4.409,60","4.422,70","4.405,40","","0,24%"
"23.07.2021","4.411,80","4.381,20","4.415,20","4.381,20","","1,01%"
"22.07.2021","4.367,50","4.361,30","4.369,90","4.350,10","","0,20%"
"21.07.2021","4.358,70","4.331,10","4.359,70","4.331,10","","0,82%"
"20.07.2021","4.323,10","4.265,10","4.336,80","4.262,10","","1,52%"
"19.07.2021","4.258,50","4.296,40","4.296,40","4.233,10","","-1,59%"
"16.07.2021","4.327,20","4.367,40","4.375,10","4.322,50","","-0,75%"
"15.07.2021","4.360,00","4.369,00","4.369,00","4.340,70","","-0,33%"
"14.07.2021","4.374,30","4.380,10","4.393,70","4.362,40","","0,12%"
"13.07.2021","4.369,20","4.381,10","4.392,40","4.366,90","","-0,35%"
"12.07.2021","4.384,60","4.372,40","4.386,70","4.364,00","","0,34%"
"09.07.2021","4.369,60","4.329,40","4.371,60","4.329,40","","1,13%"
"08.07.2021","4.320,80","4.321,10","4.330,90","4.289,40","","-0,86%"
"07.07.2021","4.358,10","4.351,00","4.361,90","4.329,80","","0,34%"
"06.07.2021","4.343,50","4.356,50","4.356,50","4.314,40","","-0,20%"
"02.07.2021","4.352,30","4.326,60","4.355,40","4.326,60","","0,75%"
"01.07.2021","4.319,90","4.300,70","4.320,70","4.300,70","","0,52%"
"30.06.2021","4.297,50","4.290,60","4.302,40","4.288,00","","0,13%"
"29.06.2021","4.291,80","4.293,20","4.300,50","4.287,00","","0,03%"
"28.06.2021","4.290,60","4.284,90","4.292,10","4.274,70","","0,23%"
"25.06.2021","4.280,70","4.274,40","4.286,10","4.271,20","","0,33%"
"24.06.2021","4.266,50","4.257,00","4.271,30","4.257,00","","0,58%"
"23.06.2021","4.241,80","4.249,30","4.256,60","4.241,40","","-0,11%"
"22.06.2021","4.246,40","4.224,60","4.255,80","4.217,30","","0,51%"
"21.06.2021","4.224,80","4.173,40","4.226,20","4.173,40","","1,40%"
"18.06.2021","4.166,40","4.204,80","4.204,80","4.164,40","","-1,31%"
"17.06.2021","4.221,90","4.220,40","4.232,30","4.196,10","","-0,04%"
"16.06.2021","4.223,70","4.248,90","4.251,90","4.202,40","","-0,54%"
"15.06.2021","4.246,60","4.255,30","4.257,20","4.238,40","","-0,20%"
"14.06.2021","4.255,10","4.248,30","4.255,60","4.234,10","","0,18%"
"11.06.2021","4.247,40","4.242,90","4.248,40","4.232,20","","0,19%"
"10.06.2021","4.239,20","4.228,60","4.249,70","4.220,30","","0,46%"
"09.06.2021","4.219,60","4.233,00","4.237,10","4.218,70","","-0,18%"
"08.06.2021","4.227,30","4.233,80","4.236,70","4.208,40","","0,02%"
"07.06.2021","4.226,50","4.229,30","4.232,30","4.215,70","","-0,08%"
"04.06.2021","4.229,90","4.206,10","4.233,40","4.206,10","","0,88%"
"03.06.2021","4.192,90","4.191,40","4.204,40","4.167,90","","-0,36%"
"02.06.2021","4.208,10","4.206,80","4.217,40","4.198,30","","0,15%"
"01.06.2021","4.202,00","4.216,50","4.234,10","4.197,60","","-0,05%"
"28.05.2021","4.204,10","4.210,80","4.218,40","4.203,60","","0,08%"
"27.05.2021","4.200,90","4.201,90","4.213,40","4.197,80","","0,12%"
"26.05.2021","4.196,00","4.191,60","4.202,60","4.184,10","","0,19%"
"25.05.2021","4.188,10","4.205,90","4.213,40","4.182,50","","-0,21%"
"24.05.2021","4.197,10","4.170,20","4.209,50","4.170,20","","0,99%"
"21.05.2021","4.155,90","4.168,60","4.188,70","4.151,70","","-0,08%"
"20.05.2021","4.159,10","4.122,00","4.172,80","4.122,00","","1,05%"
"19.05.2021","4.115,70","4.098,40","4.116,90","4.061,40","","-0,29%"
"18.05.2021","4.127,80","4.165,90","4.169,10","4.126,00","","-0,85%"
"17.05.2021","4.163,30","4.169,90","4.171,90","4.142,70","","-0,25%"
"14.05.2021","4.173,90","4.129,60","4.183,10","4.129,60","","1,49%"
"13.05.2021","4.112,50","4.075,00","4.131,60","4.075,00","","1,22%"
"12.05.2021","4.063,00","4.130,60","4.134,70","4.056,90","","-2,15%"
"11.05.2021","4.152,10","4.150,30","4.162,00","4.111,50","","-0,87%"
"10.05.2021","4.188,40","4.228,30","4.236,40","4.188,10","","-1,04%"
"07.05.2021","4.232,60","4.210,30","4.238,00","4.201,60","","0,74%"
"06.05.2021","4.201,60","4.169,10","4.202,70","4.147,30","","0,82%"
"05.05.2021","4.167,60","4.177,10","4.187,70","4.160,90","","0,07%"
"04.05.2021","4.164,70","4.179,00","4.179,00","4.128,60","","-0,67%"
"03.05.2021","4.192,70","4.192,00","4.209,40","4.188,00","","0,28%"
"30.04.2021","4.181,20","4.198,10","4.198,10","4.174,90","","-0,72%"
"29.04.2021","4.211,50","4.206,10","4.218,80","4.176,80","","0,68%"
"28.04.2021","4.183,20","4.185,10","4.201,50","4.181,80","","-0,08%"
"27.04.2021","4.186,70","4.188,20","4.193,40","4.176,20","","-0,02%"
"26.04.2021","4.187,60","4.185,00","4.194,20","4.182,40","","0,18%"
"23.04.2021","4.180,20","4.138,80","4.194,20","4.138,80","","1,09%"
"22.04.2021","4.135,00","4.170,50","4.179,60","4.123,70","","-0,92%"
"21.04.2021","4.173,40","4.128,40","4.175,00","4.126,40","","0,93%"
"20.04.2021","4.134,90","4.159,20","4.159,20","4.118,40","","-0,68%"
"19.04.2021","4.163,30","4.179,80","4.180,80","4.150,50","","-0,53%"
"16.04.2021","4.185,50","4.174,10","4.191,30","4.170,80","","0,36%"
"15.04.2021","4.170,40","4.139,80","4.173,50","4.139,80","","1,11%"
"14.04.2021","4.124,70","4.141,60","4.151,70","4.120,90","","-0,41%"
"13.04.2021","4.141,60","4.130,10","4.148,00","4.124,40","","0,33%"
"12.04.2021","4.128,00","4.124,70","4.131,80","4.114,80","","-0,02%"
"09.04.2021","4.128,80","4.096,10","4.129,50","4.095,50","","0,77%"
"08.04.2021","4.097,20","4.089,90","4.098,20","4.082,50","","0,42%"
"07.04.2021","4.079,90","4.074,30","4.083,10","4.068,30","","0,15%"
"06.04.2021","4.073,90","4.075,60","4.086,20","4.068,10","","-0,10%"
"05.04.2021","4.077,90","4.034,40","4.083,40","4.034,40","","1,44%"
"01.04.2021","4.019,90","3.992,80","4.020,60","3.992,80","","1,18%"
"31.03.2021","3.972,90","3.967,20","3.994,40","3.967,00","","0,36%"
"30.03.2021","3.958,60","3.963,30","3.968,00","3.944,30","","-0,31%"
"29.03.2021","3.971,10","3.969,30","3.981,80","3.943,20","","-0,09%"
"26.03.2021","3.974,50","3.917,10","3.978,20","3.917,10","","1,66%"
"25.03.2021","3.909,50","3.879,30","3.919,50","3.853,50","","0,52%"
"24.03.2021","3.889,10","3.919,90","3.942,10","3.889,10","","-0,55%"
"23.03.2021","3.910,50","3.937,60","3.949,10","3.901,60","","-0,76%"
"22.03.2021","3.940,60","3.916,50","3.955,30","3.914,20","","0,70%"
"19.03.2021","3.913,10","3.913,10","3.930,10","3.886,80","","-0,06%"
"18.03.2021","3.915,50","3.953,50","3.969,60","3.910,90","","-1,47%"
"17.03.2021","3.974,10","3.949,60","3.983,90","3.935,70","","0,29%"
"16.03.2021","3.962,70","3.973,60","3.981,00","3.953,40","","-0,16%"
"15.03.2021","3.968,90","3.943,00","3.970,10","3.923,50","","0,65%"
"12.03.2021","3.943,30","3.924,50","3.945,00","3.915,20","","0,10%"
"11.03.2021","3.939,30","3.915,50","3.960,30","3.915,50","","1,04%"
"10.03.2021","3.898,80","3.892,00","3.917,30","3.885,70","","0,60%"
"09.03.2021","3.875,40","3.851,90","3.903,80","3.851,90","","1,42%"
"08.03.2021","3.821,30","3.844,40","3.881,10","3.819,20","","-0,54%"
"05.03.2021","3.841,90","3.793,60","3.851,70","3.730,20","","1,95%"
"04.03.2021","3.768,50","3.818,50","3.843,70","3.723,30","","-1,34%"
"03.03.2021","3.819,70","3.864,00","3.874,50","3.818,90","","-1,31%"
"02.03.2021","3.870,30","3.903,60","3.906,40","3.868,60","","-0,81%"
"01.03.2021","3.901,80","3.842,50","3.914,50","3.842,50","","2,38%"
"26.02.2021","3.811,20","3.839,70","3.861,10","3.789,50","","-0,47%"
"25.02.2021","3.829,30","3.915,80","3.925,00","3.814,00","","-2,45%"
"24.02.2021","3.925,40","3.873,70","3.928,70","3.859,60","","1,13%"
"23.02.2021","3.881,40","3.857,10","3.896,00","3.805,60","","0,13%"
"22.02.2021","3.876,50","3.885,60","3.902,90","3.874,70","","-0,77%"
"19.02.2021","3.906,70","3.921,20","3.930,40","3.903,10","","-0,19%"
"18.02.2021","3.914,00","3.915,90","3.922,00","3.885,00","","-0,44%"
"17.02.2021","3.931,30","3.918,50","3.933,60","3.900,40","","-0,03%"
"16.02.2021","3.932,60","3.939,60","3.950,40","3.923,80","","-0,06%"
"12.02.2021","3.934,80","3.911,70","3.937,20","3.905,80","","0,47%"
"11.02.2021","3.916,40","3.916,40","3.926,00","3.890,40","","0,17%"
"10.02.2021","3.909,90","3.920,80","3.931,50","3.884,90","","-0,03%"
"09.02.2021","3.911,20","3.910,50","3.918,30","3.902,60","","-0,11%"
"08.02.2021","3.915,60","3.892,60","3.915,80","3.892,60","","0,74%"
"05.02.2021","3.886,80","3.878,30","3.894,60","3.874,90","","0,39%"
"04.02.2021","3.871,70","3.836,70","3.872,40","3.836,70","","1,08%"
"03.02.2021","3.830,20","3.840,30","3.847,50","3.816,70","","0,10%"
"02.02.2021","3.826,30","3.791,80","3.843,10","3.791,80","","1,39%"
"01.02.2021","3.773,90","3.731,20","3.784,30","3.725,60","","1,61%"
"29.01.2021","3.714,20","3.778,10","3.778,10","3.694,10","","-1,93%"
"28.01.2021","3.787,40","3.755,80","3.830,50","3.755,80","","0,98%"
"27.01.2021","3.750,80","3.836,80","3.836,80","3.732,50","","-2,57%"
"26.01.2021","3.849,60","3.863,00","3.870,90","3.847,80","","-0,15%"
"25.01.2021","3.855,40","3.851,70","3.859,20","3.797,20","","0,36%"
"22.01.2021","3.841,50","3.844,20","3.852,30","3.830,40","","-0,30%"
"21.01.2021","3.853,10","3.857,50","3.861,40","3.845,10","","0,03%"
"20.01.2021","3.851,80","3.816,20","3.859,80","3.816,20","","1,39%"
"19.01.2021","3.798,90","3.781,90","3.804,50","3.780,40","","0,81%"
"15.01.2021","3.768,20","3.788,70","3.788,70","3.749,60","","-0,72%"
"14.01.2021","3.795,50","3.815,00","3.823,60","3.792,90","","-0,38%"
"13.01.2021","3.809,80","3.802,20","3.821,00","3.791,50","","0,23%"
"12.01.2021","3.801,20","3.801,60","3.810,80","3.776,50","","0,04%"
"11.01.2021","3.799,60","3.803,10","3.817,90","3.789,00","","-0,66%"
"08.01.2021","3.824,70","3.815,10","3.826,70","3.783,60","","0,55%"
"07.01.2021","3.803,80","3.764,70","3.811,60","3.764,70","","1,49%"
"06.01.2021","3.748,10","3.712,20","3.783,00","3.705,30","","0,57%"
"05.01.2021","3.726,90","3.698,00","3.737,80","3.695,10","","0,71%"
"04.01.2021","3.700,70","3.764,60","3.770,00","3.662,70","","-1,47%"
"31.12.2020","3.756,10","3.733,30","3.760,20","3.726,90","","0,65%"
"30.12.2020","3.732,00","3.736,20","3.744,60","3.730,20","","0,13%"
"29.12.2020","3.727,00","3.750,00","3.756,10","3.723,30","","-0,22%"
"28.12.2020","3.735,40","3.723,00","3.740,50","3.723,00","","0,87%"
"24.12.2020","3.703,10","3.694,00","3.703,80","3.689,30","","0,36%"
"23.12.2020","3.690,00","3.693,40","3.711,20","3.689,30","","0,07%"
"22.12.2020","3.687,30","3.698,10","3.698,30","3.676,20","","-0,21%"
"21.12.2020","3.694,90","3.684,30","3.702,90","3.636,50","","-0,39%"
"18.12.2020","3.709,40","3.722,40","3.726,70","3.685,80","","-0,35%"
"17.12.2020","3.722,50","3.713,70","3.725,10","3.710,90","","0,58%"
"16.12.2020","3.701,20","3.696,20","3.711,30","3.688,60","","0,18%"
"15.12.2020","3.694,60","3.666,40","3.695,30","3.659,60","","1,29%"
"14.12.2020","3.647,50","3.675,30","3.697,60","3.645,80","","-0,44%"
"11.12.2020","3.663,50","3.656,10","3.665,90","3.633,40","","-0,13%"
"10.12.2020","3.668,10","3.659,10","3.678,50","3.645,20","","-0,13%"
"09.12.2020","3.672,80","3.706,00","3.712,40","3.660,50","","-0,79%"
"08.12.2020","3.702,20","3.683,10","3.708,40","3.678,80","","0,28%"
"07.12.2020","3.692,00","3.694,70","3.697,40","3.678,90","","-0,19%"
"04.12.2020","3.699,10","3.670,90","3.699,20","3.670,90","","0,88%"
"03.12.2020","3.666,70","3.668,30","3.682,70","3.657,20","","-0,06%"
"02.12.2020","3.669,00","3.653,80","3.671,00","3.644,80","","0,18%"
"01.12.2020","3.662,40","3.645,90","3.678,40","3.645,90","","1,13%"
"30.11.2020","3.621,60","3.634,20","3.634,20","3.594,40","","-0,46%"
"27.11.2020","3.638,30","3.638,60","3.644,30","3.629,30","","0,24%"
"25.11.2020","3.629,70","3.635,50","3.635,50","3.617,80","","-0,16%"
"24.11.2020","3.635,40","3.594,50","3.642,30","3.594,50","","1,62%"
"23.11.2020","3.577,60","3.566,80","3.589,80","3.552,80","","0,57%"
"20.11.2020","3.557,50","3.579,30","3.581,20","3.556,80","","-0,68%"
"19.11.2020","3.581,90","3.559,40","3.585,20","3.543,80","","0,40%"
"18.11.2020","3.567,80","3.612,10","3.619,10","3.567,30","","-1,16%"
"17.11.2020","3.609,50","3.610,30","3.623,10","3.588,70","","-0,48%"
"16.11.2020","3.626,90","3.600,20","3.628,50","3.600,20","","1,16%"
"13.11.2020","3.585,20","3.552,60","3.593,70","3.552,60","","1,36%"
"12.11.2020","3.537,00","3.562,70","3.569,00","3.518,60","","-1,00%"
"11.11.2020","3.572,70","3.563,20","3.581,20","3.557,00","","0,77%"
"10.11.2020","3.545,50","3.543,30","3.557,20","3.511,90","","-0,14%"
"09.11.2020","3.550,50","3.583,00","3.646,00","3.547,50","","1,17%"
"06.11.2020","3.509,40","3.508,30","3.521,60","3.484,30","","-0,03%"
"05.11.2020","3.510,40","3.485,70","3.529,10","3.485,70","","1,95%"
"04.11.2020","3.443,40","3.406,50","3.486,20","3.405,20","","2,20%"
"03.11.2020","3.369,20","3.336,20","3.389,50","3.336,20","","1,78%"
"02.11.2020","3.310,20","3.296,20","3.330,10","3.279,70","","1,23%"
"30.10.2020","3.270,00","3.293,60","3.304,90","3.233,90","","-1,21%"
"29.10.2020","3.310,10","3.277,20","3.341,10","3.259,80","","1,20%"
"28.10.2020","3.271,00","3.342,50","3.342,50","3.268,90","","-3,53%"
"27.10.2020","3.390,70","3.403,20","3.409,50","3.388,70","","-0,30%"
"26.10.2020","3.401,00","3.441,40","3.441,40","3.364,90","","-1,86%"
"23.10.2020","3.465,40","3.464,90","3.466,50","3.440,40","","0,34%"
"22.10.2020","3.453,50","3.438,50","3.460,50","3.415,30","","0,52%"
"21.10.2020","3.435,60","3.439,90","3.464,90","3.433,10","","-0,22%"
"20.10.2020","3.443,10","3.439,40","3.476,90","3.435,70","","0,47%"
"19.10.2020","3.426,90","3.493,70","3.502,40","3.419,90","","-1,63%"
"16.10.2020","3.483,80","3.493,50","3.515,80","3.480,40","","0,01%"
"15.10.2020","3.483,30","3.453,70","3.489,10","3.440,90","","-0,15%"
"14.10.2020","3.488,70","3.515,50","3.527,90","3.480,60","","-0,66%"
"13.10.2020","3.511,90","3.534,00","3.534,00","3.500,90","","-0,63%"
"12.10.2020","3.534,20","3.500,00","3.549,80","3.499,60","","1,64%"
"09.10.2020","3.477,10","3.459,70","3.482,30","3.458,10","","0,88%"
"08.10.2020","3.446,80","3.434,30","3.447,30","3.428,20","","0,80%"
"07.10.2020","3.419,40","3.384,60","3.426,30","3.384,60","","1,74%"
"06.10.2020","3.360,90","3.408,70","3.431,60","3.354,50","","-1,40%"
"05.10.2020","3.408,60","3.367,30","3.409,60","3.367,30","","1,80%"
"02.10.2020","3.348,40","3.338,90","3.369,10","3.323,70","","-0,96%"
"01.10.2020","3.380,80","3.385,90","3.397,20","3.361,40","","0,53%"
"30.09.2020","3.363,00","3.341,20","3.393,60","3.340,50","","0,82%"
"29.09.2020","3.335,50","3.350,90","3.357,90","3.327,50","","-0,48%"
"28.09.2020","3.351,60","3.333,90","3.360,70","3.332,90","","1,61%"
"25.09.2020","3.298,50","3.236,70","3.306,90","3.228,40","","1,60%"
"24.09.2020","3.246,60","3.226,10","3.278,70","3.209,40","","0,30%"
"23.09.2020","3.236,90","3.320,10","3.323,30","3.232,60","","-2,37%"
"22.09.2020","3.315,60","3.295,80","3.320,30","3.270,90","","1,05%"
"21.09.2020","3.281,10","3.285,60","3.285,60","3.229,10","","-1,16%"
"18.09.2020","3.319,50","3.357,40","3.362,30","3.292,40","","-1,12%"
"17.09.2020","3.357,00","3.346,90","3.375,20","3.328,80","","-0,84%"
"16.09.2020","3.385,50","3.411,20","3.428,90","3.384,40","","-0,46%"
"15.09.2020","3.401,20","3.407,70","3.419,50","3.389,20","","0,52%"
"14.09.2020","3.383,50","3.363,60","3.402,90","3.363,60","","1,27%"
"11.09.2020","3.341,00","3.352,70","3.368,90","3.310,50","","0,05%"
"10.09.2020","3.339,20","3.412,60","3.425,60","3.329,20","","-1,76%"
"09.09.2020","3.399,00","3.369,80","3.424,80","3.366,80","","2,02%"
"08.09.2020","3.331,80","3.371,90","3.380,00","3.329,30","","-2,78%"
"04.09.2020","3.427,00","3.453,60","3.479,20","3.349,60","","-0,81%"
"03.09.2020","3.455,10","3.564,70","3.564,80","3.427,40","","-3,51%"
"02.09.2020","3.580,80","3.543,80","3.588,10","3.535,20","","1,53%"
"01.09.2020","3.526,70","3.507,40","3.528,00","3.494,60","","0,75%"
"31.08.2020","3.500,30","3.509,70","3.514,80","3.493,20","","-0,22%"
"28.08.2020","3.508,00","3.494,70","3.509,20","3.484,30","","0,67%"
"27.08.2020","3.484,60","3.485,10","3.501,40","3.468,30","","0,17%"
"26.08.2020","3.478,70","3.450,00","3.481,10","3.444,20","","1,02%"
"25.08.2020","3.443,60","3.435,90","3.444,20","3.425,80","","0,36%"
"24.08.2020","3.431,30","3.418,10","3.432,10","3.413,10","","1,00%"
"21.08.2020","3.397,20","3.386,00","3.400,00","3.379,30","","0,35%"
"20.08.2020","3.385,50","3.360,50","3.390,80","3.354,70","","0,32%"
"19.08.2020","3.374,80","3.392,50","3.399,50","3.369,70","","-0,44%"
"18.08.2020","3.389,80","3.387,00","3.395,10","3.370,20","","0,23%"
"17.08.2020","3.382,00","3.380,90","3.387,60","3.379,20","","0,27%"
"14.08.2020","3.372,80","3.368,70","3.378,50","3.361,60","","-0,02%"
"13.08.2020","3.373,40","3.372,90","3.387,20","3.363,30","","-0,20%"
"12.08.2020","3.380,30","3.355,50","3.387,90","3.355,50","","1,40%"
"11.08.2020","3.333,70","3.370,30","3.381,00","3.326,40","","-0,80%"
"10.08.2020","3.360,50","3.356,00","3.363,30","3.335,40","","0,27%"
"07.08.2020","3.351,30","3.340,10","3.352,50","3.328,70","","0,06%"
"06.08.2020","3.349,20","3.323,20","3.351,00","3.318,10","","0,64%"
"05.08.2020","3.327,80","3.317,40","3.330,80","3.317,40","","0,64%"
"04.08.2020","3.306,50","3.289,90","3.306,80","3.286,40","","0,36%"
"03.08.2020","3.294,60","3.288,30","3.302,70","3.284,50","","0,72%"
"31.07.2020","3.271,10","3.270,40","3.272,20","3.220,30","","0,77%"
"30.07.2020","3.246,20","3.231,80","3.250,90","3.204,10","","-0,37%"
"29.07.2020","3.258,40","3.227,20","3.264,70","3.227,20","","1,24%"
"28.07.2020","3.218,40","3.234,30","3.243,70","3.216,20","","-0,65%"
"27.07.2020","3.239,40","3.219,80","3.241,40","3.214,20","","0,74%"
"24.07.2020","3.215,60","3.218,60","3.227,30","3.200,10","","-0,62%"
"23.07.2020","3.235,70","3.271,60","3.280,00","3.222,70","","-1,23%"
"22.07.2020","3.276,00","3.254,90","3.279,30","3.253,10","","0,57%"
"21.07.2020","3.257,30","3.268,50","3.277,30","3.247,80","","0,17%"
"20.07.2020","3.251,80","3.224,30","3.258,60","3.215,20","","0,84%"
"17.07.2020","3.224,70","3.224,20","3.233,50","3.205,70","","0,28%"
"16.07.2020","3.215,60","3.208,40","3.220,40","3.198,60","","-0,34%"
"15.07.2020","3.226,60","3.226,00","3.238,30","3.200,80","","0,91%"
"14.07.2020","3.197,50","3.141,10","3.200,90","3.127,70","","1,34%"
"13.07.2020","3.155,20","3.205,10","3.235,30","3.149,40","","-0,94%"
"10.07.2020","3.185,00","3.152,50","3.186,80","3.136,20","","1,04%"
"09.07.2020","3.152,10","3.176,20","3.179,80","3.115,70","","-0,56%"
"08.07.2020","3.169,90","3.153,10","3.171,80","3.136,50","","0,78%"
"07.07.2020","3.145,30","3.166,40","3.184,20","3.142,90","","-1,08%"
"06.07.2020","3.179,70","3.155,30","3.182,60","3.155,30","","1,59%"
"02.07.2020","3.130,00","3.143,60","3.165,80","3.124,50","","0,45%"
"01.07.2020","3.115,90","3.105,90","3.128,40","3.101,20","","0,50%"
"30.06.2020","3.100,30","3.050,20","3.111,50","3.047,80","","1,54%"
"29.06.2020","3.053,20","3.018,60","3.053,90","2.999,70","","1,47%"
"26.06.2020","3.009,10","3.073,20","3.073,70","3.004,60","","-2,42%"
"25.06.2020","3.083,80","3.046,60","3.086,20","3.024,00","","1,10%"
"24.06.2020","3.050,30","3.114,40","3.115,00","3.032,10","","-2,59%"
"23.06.2020","3.131,30","3.138,70","3.154,90","3.127,10","","0,43%"
"22.06.2020","3.117,90","3.094,40","3.120,90","3.079,40","","0,65%"
"19.06.2020","3.097,70","3.140,30","3.155,50","3.083,10","","-0,56%"
"18.06.2020","3.115,30","3.101,60","3.120,00","3.093,50","","0,06%"
"17.06.2020","3.113,50","3.136,10","3.141,20","3.108,00","","-0,36%"
"16.06.2020","3.124,70","3.131,00","3.153,40","3.076,10","","1,89%"
"15.06.2020","3.066,60","2.993,80","3.079,80","2.965,70","","0,83%"
"12.06.2020","3.041,30","3.071,00","3.088,40","2.984,50","","1,31%"
"11.06.2020","3.002,10","3.123,50","3.123,50","2.999,50","","-5,89%"
"10.06.2020","3.190,10","3.213,40","3.223,30","3.181,50","","-0,53%"
"09.06.2020","3.207,20","3.213,30","3.222,70","3.193,10","","-0,78%"
"08.06.2020","3.232,40","3.199,90","3.233,10","3.196,00","","1,21%"
"05.06.2020","3.193,90","3.163,80","3.211,70","3.163,80","","2,62%"
"04.06.2020","3.112,30","3.111,60","3.128,90","3.090,40","","-0,34%"
"03.06.2020","3.122,90","3.098,90","3.130,90","3.098,90","","1,37%"
"02.06.2020","3.080,80","3.064,80","3.081,10","3.051,60","","0,82%"
"01.06.2020","3.055,70","3.038,80","3.062,20","3.031,50","","0,37%"
"29.05.2020","3.044,30","3.025,20","3.049,20","2.998,60","","0,48%"
"28.05.2020","3.029,70","3.046,60","3.068,70","3.023,40","","-0,21%"
"27.05.2020","3.036,10","3.015,70","3.036,20","2.969,80","","1,48%"
"26.05.2020","2.991,80","3.004,10","3.021,70","2.988,20","","1,23%"
"22.05.2020","2.955,40","2.948,10","2.956,80","2.933,60","","0,23%"
"21.05.2020","2.948,50","2.969,90","2.978,50","2.938,60","","-0,78%"
"20.05.2020","2.971,60","2.953,60","2.980,30","2.953,60","","1,67%"
"19.05.2020","2.922,90","2.948,60","2.964,20","2.922,30","","-1,05%"
"18.05.2020","2.953,90","2.913,90","2.968,10","2.913,90","","3,15%"
"15.05.2020","2.863,70","2.829,90","2.865,00","2.816,80","","0,39%"
"14.05.2020","2.852,50","2.794,50","2.852,80","2.766,60","","1,15%"
"13.05.2020","2.820,00","2.865,90","2.874,10","2.793,20","","-1,75%"
"12.05.2020","2.870,10","2.939,50","2.945,80","2.869,60","","-2,05%"
"11.05.2020","2.930,30","2.915,50","2.944,20","2.903,40","","0,02%"
"08.05.2020","2.929,80","2.908,80","2.932,20","2.902,90","","1,69%"
"07.05.2020","2.881,20","2.878,30","2.901,90","2.876,50","","1,15%"
"06.05.2020","2.848,40","2.883,10","2.891,10","2.847,70","","-0,70%"
"05.05.2020","2.868,40","2.868,90","2.898,20","2.863,60","","0,90%"
"04.05.2020","2.842,70","2.815,00","2.844,20","2.797,80","","0,42%"
"01.05.2020","2.830,70","2.869,10","2.869,10","2.821,60","","-2,81%"
"30.04.2020","2.912,40","2.930,90","2.930,90","2.892,50","","-0,92%"
"29.04.2020","2.939,50","2.918,50","2.954,90","2.912,20","","2,66%"
"28.04.2020","2.863,40","2.910,00","2.921,20","2.860,70","","-0,52%"
"27.04.2020","2.878,50","2.854,70","2.887,70","2.852,90","","1,47%"
"24.04.2020","2.836,70","2.812,60","2.842,70","2.791,80","","1,39%"
"23.04.2020","2.797,80","2.810,40","2.844,90","2.794,30","","-0,05%"
"22.04.2020","2.799,30","2.787,90","2.815,10","2.775,90","","2,29%"
"21.04.2020","2.736,60","2.784,80","2.785,50","2.727,10","","-3,07%"
"20.04.2020","2.823,20","2.845,60","2.869,00","2.820,40","","-1,79%"
"17.04.2020","2.874,60","2.842,40","2.879,20","2.830,90","","2,68%"
"16.04.2020","2.799,60","2.799,30","2.806,50","2.764,30","","0,58%"
"15.04.2020","2.783,40","2.795,60","2.801,90","2.761,50","","-2,20%"
"14.04.2020","2.846,10","2.805,10","2.851,80","2.805,10","","3,06%"
"13.04.2020","2.761,60","2.782,50","2.782,50","2.721,20","","-1,01%"
"09.04.2020","2.789,80","2.777,00","2.818,60","2.762,40","","1,45%"
"08.04.2020","2.750,00","2.685,00","2.760,80","2.663,30","","3,41%"
"07.04.2020","2.659,40","2.738,70","2.756,90","2.657,70","","-0,16%"
"06.04.2020","2.663,70","2.578,30","2.676,80","2.574,60","","7,03%"
"03.04.2020","2.488,70","2.514,90","2.538,20","2.460,00","","-1,51%"
"02.04.2020","2.526,90","2.458,50","2.533,20","2.455,80","","2,28%"
"01.04.2020","2.470,50","2.498,10","2.522,80","2.447,50","","-4,41%"
"31.03.2020","2.584,60","2.614,70","2.641,40","2.571,20","","-1,60%"
"30.03.2020","2.626,70","2.559,00","2.631,80","2.545,30","","3,35%"
"27.03.2020","2.541,50","2.555,90","2.615,90","2.520,00","","-3,37%"
"26.03.2020","2.630,10","2.501,30","2.637,00","2.500,70","","6,24%"
"25.03.2020","2.475,60","2.457,80","2.571,40","2.407,50","","1,16%"
"24.03.2020","2.447,30","2.344,40","2.449,70","2.344,40","","9,38%"
"23.03.2020","2.237,40","2.290,70","2.300,70","2.191,90","","-2,93%"
"20.03.2020","2.304,90","2.431,90","2.453,00","2.295,60","","-4,34%"
"19.03.2020","2.409,40","2.393,50","2.467,00","2.319,80","","0,47%"
"18.03.2020","2.398,10","2.436,50","2.453,60","2.280,50","","-5,18%"
"17.03.2020","2.529,20","2.425,70","2.553,90","2.367,00","","6,00%"
"16.03.2020","2.386,10","2.508,60","2.563,00","2.380,90","","-11,98%"
"13.03.2020","2.711,00","2.570,00","2.711,30","2.492,40","","9,29%"
"12.03.2020","2.480,60","2.630,90","2.660,90","2.478,90","","-9,51%"
"11.03.2020","2.741,40","2.825,60","2.825,60","2.707,20","","-4,89%"
"10.03.2020","2.882,20","2.813,50","2.882,60","2.734,00","","4,94%"
"09.03.2020","2.746,60","2.863,90","2.863,90","2.734,40","","-7,60%"
"06.03.2020","2.972,40","2.954,20","2.985,90","2.901,50","","-1,70%"
"05.03.2020","3.023,90","3.075,70","3.083,00","2.999,80","","-3,39%"
"04.03.2020","3.130,10","3.045,80","3.131,00","3.034,40","","4,22%"
"03.03.2020","3.003,40","3.096,50","3.136,70","2.976,60","","-2,81%"
"02.03.2020","3.090,20","2.974,30","3.091,00","2.945,20","","4,60%"
"28.02.2020","2.954,20","2.916,90","2.959,70","2.855,80","","-0,83%"
"27.02.2020","2.978,80","3.062,50","3.097,10","2.977,40","","-4,42%"
"26.02.2020","3.116,40","3.139,90","3.182,50","3.109,00","","-0,38%"
"25.02.2020","3.128,20","3.238,90","3.247,00","3.118,80","","-3,03%"
"24.02.2020","3.225,90","3.257,60","3.259,80","3.214,70","","-3,35%"
"21.02.2020","3.337,80","3.360,50","3.360,80","3.328,40","","-1,05%"
"20.02.2020","3.373,20","3.380,40","3.389,20","3.341,00","","-0,38%"
"19.02.2020","3.386,20","3.380,40","3.393,50","3.378,80","","0,47%"
"18.02.2020","3.370,30","3.369,00","3.375,00","3.355,60","","-0,29%"
"14.02.2020","3.380,20","3.378,10","3.380,70","3.366,20","","0,19%"
"13.02.2020","3.373,90","3.365,90","3.385,10","3.360,50","","-0,16%"
"12.02.2020","3.379,40","3.370,50","3.381,50","3.369,70","","0,64%"
"11.02.2020","3.357,80","3.365,90","3.375,60","3.352,70","","0,17%"
"10.02.2020","3.352,10","3.318,30","3.352,30","3.317,80","","0,73%"
"07.02.2020","3.327,70","3.335,50","3.341,40","3.322,10","","-0,54%"
"06.02.2020","3.345,80","3.344,90","3.348,00","3.334,40","","0,33%"
"05.02.2020","3.334,70","3.324,90","3.337,60","3.313,80","","1,13%"
"04.02.2020","3.297,60","3.280,60","3.306,90","3.280,60","","1,50%"
"03.02.2020","3.248,90","3.235,70","3.268,40","3.235,70","","0,73%"
"31.01.2020","3.225,50","3.282,30","3.282,30","3.214,70","","-1,77%"
"30.01.2020","3.283,70","3.256,40","3.285,90","3.242,80","","0,31%"
"29.01.2020","3.273,40","3.289,50","3.293,50","3.271,90","","-0,09%"
"28.01.2020","3.276,20","3.255,30","3.285,80","3.253,20","","1,01%"
"27.01.2020","3.243,60","3.247,20","3.258,80","3.234,50","","-1,57%"
"24.01.2020","3.295,50","3.333,10","3.333,20","3.281,50","","-0,90%"
"23.01.2020","3.325,50","3.315,80","3.326,90","3.301,90","","0,11%"
"22.01.2020","3.321,80","3.330,00","3.337,80","3.320,00","","0,03%"
"21.01.2020","3.320,80","3.321,00","3.329,80","3.316,60","","-0,26%"
"17.01.2020","3.329,60","3.323,70","3.329,90","3.318,90","","0,39%"
"16.01.2020","3.316,80","3.303,00","3.317,10","3.302,80","","0,84%"
"15.01.2020","3.289,30","3.282,30","3.298,70","3.280,70","","0,19%"
"14.01.2020","3.283,20","3.285,30","3.294,20","3.277,20","","-0,15%"
"13.01.2020","3.288,10","3.271,10","3.288,10","3.268,40","","0,70%"
"10.01.2020","3.265,30","3.281,80","3.283,00","3.260,90","","-0,29%"
"09.01.2020","3.274,70","3.266,00","3.275,60","3.263,70","","0,66%"
"08.01.2020","3.253,10","3.238,60","3.267,10","3.236,70","","0,49%"
"07.01.2020","3.237,20","3.241,90","3.244,90","3.232,40","","-0,28%"
"06.01.2020","3.246,30","3.217,60","3.246,80","3.214,60","","0,36%"
"03.01.2020","3.234,80","3.226,40","3.246,20","3.222,30","","-0,71%"
"02.01.2020","3.257,80","3.244,70","3.258,10","3.235,50","","0,84%"
"31.12.2019","3.230,80","3.215,20","3.231,70","3.212,00","","0,29%"
"30.12.2019","3.221,30","3.240,10","3.240,90","3.216,60","","-0,58%"
"27.12.2019","3.240,00","3.247,20","3.247,90","3.234,40","","0,00%"
"26.12.2019","3.239,90","3.227,20","3.240,10","3.227,20","","0,51%"
"24.12.2019","3.223,40","3.225,40","3.226,40","3.220,50","","-0,02%"
"23.12.2019","3.224,00","3.226,10","3.227,80","3.222,30","","0,09%"
"20.12.2019","3.221,20","3.223,30","3.225,70","3.216,00","","0,49%"
"19.12.2019","3.205,40","3.192,30","3.205,50","3.192,30","","0,45%"
"18.12.2019","3.191,10","3.195,20","3.198,50","3.191,10","","-0,04%"
"17.12.2019","3.192,50","3.195,40","3.198,20","3.191,00","","0,03%"
"16.12.2019","3.191,40","3.183,60","3.197,70","3.183,60","","0,71%"
"13.12.2019","3.168,80","3.166,70","3.182,70","3.156,50","","0,01%"
"12.12.2019","3.168,60","3.141,20","3.176,30","3.138,50","","0,86%"
"11.12.2019","3.141,60","3.135,80","3.144,00","3.133,20","","0,29%"
"10.12.2019","3.132,50","3.135,40","3.142,10","3.126,10","","-0,11%"
"09.12.2019","3.136,00","3.141,90","3.148,90","3.135,50","","-0,31%"
"06.12.2019","3.145,90","3.134,60","3.150,60","3.134,60","","0,91%"
"05.12.2019","3.117,40","3.119,20","3.119,40","3.103,80","","0,15%"
"04.12.2019","3.112,80","3.103,50","3.119,40","3.102,50","","0,63%"
"03.12.2019","3.093,20","3.087,40","3.095,00","3.070,30","","-0,66%"
"02.12.2019","3.113,90","3.143,80","3.144,30","3.110,80","","-0,86%"
"29.11.2019","3.141,00","3.147,20","3.150,30","3.139,30","","-0,40%"
"27.11.2019","3.153,60","3.145,50","3.154,30","3.143,40","","0,42%"
"26.11.2019","3.140,50","3.134,80","3.142,70","3.131,00","","0,22%"
"25.11.2019","3.133,60","3.117,40","3.133,80","3.117,40","","0,75%"
"22.11.2019","3.110,30","3.111,40","3.112,90","3.099,30","","0,22%"
"21.11.2019","3.103,50","3.108,50","3.110,10","3.094,60","","-0,16%"
"20.11.2019","3.108,50","3.114,70","3.119,00","3.091,40","","-0,37%"
"19.11.2019","3.120,20","3.127,40","3.127,60","3.113,50","","-0,06%"
"18.11.2019","3.122,00","3.117,90","3.124,20","3.112,10","","0,05%"
"15.11.2019","3.120,50","3.107,90","3.120,50","3.104,60","","0,77%"
"14.11.2019","3.096,60","3.090,80","3.098,20","3.083,30","","0,08%"
"13.11.2019","3.094,00","3.084,20","3.098,10","3.078,80","","0,07%"
"12.11.2019","3.091,80","3.089,30","3.102,60","3.084,70","","0,16%"
"11.11.2019","3.087,00","3.080,30","3.088,30","3.075,80","","-0,20%"
"08.11.2019","3.093,10","3.081,20","3.093,10","3.073,60","","0,26%"
"07.11.2019","3.085,20","3.087,00","3.097,80","3.080,20","","0,27%"
"06.11.2019","3.076,80","3.075,10","3.078,30","3.065,90","","0,07%"
"05.11.2019","3.074,60","3.080,80","3.083,90","3.072,20","","-0,12%"
"04.11.2019","3.078,30","3.079,00","3.085,20","3.074,90","","0,37%"
"01.11.2019","3.066,90","3.050,70","3.066,90","3.050,70","","0,96%"
"31.10.2019","3.037,60","3.046,90","3.046,90","3.023,20","","-0,30%"
"30.10.2019","3.046,80","3.039,70","3.050,10","3.026,00","","0,33%"
"29.10.2019","3.036,90","3.035,40","3.047,90","3.034,80","","-0,08%"
"28.10.2019","3.039,40","3.032,10","3.044,10","3.032,10","","0,56%"
"25.10.2019","3.022,60","3.003,30","3.027,40","3.001,90","","0,41%"
"24.10.2019","3.010,30","3.014,80","3.016,10","3.000,40","","0,19%"
"23.10.2019","3.004,50","2.994,00","3.004,80","2.991,20","","0,28%"
"22.10.2019","2.996,00","3.010,70","3.014,60","2.995,00","","-0,36%"
"21.10.2019","3.006,70","2.996,50","3.007,30","2.995,30","","0,69%"
"18.10.2019","2.986,20","2.996,80","3.000,00","2.976,30","","-0,39%"
"17.10.2019","2.997,90","3.000,80","3.008,30","2.991,80","","0,27%"
"16.10.2019","2.989,70","2.989,70","2.997,50","2.985,20","","-0,20%"
"15.10.2019","2.995,70","2.973,60","3.003,30","2.973,60","","0,99%"
"14.10.2019","2.966,20","2.965,80","2.972,80","2.962,90","","-0,14%"
"11.10.2019","2.970,30","2.963,10","2.993,30","2.963,10","","1,10%"
"10.10.2019","2.938,10","2.918,60","2.948,50","2.917,10","","0,64%"
"09.10.2019","2.919,40","2.911,10","2.929,30","2.907,40","","0,91%"
"08.10.2019","2.893,10","2.920,40","2.925,50","2.892,70","","-1,56%"
"07.10.2019","2.938,80","2.944,20","2.959,80","2.935,70","","-0,45%"
"04.10.2019","2.952,00","2.918,60","2.953,70","2.918,60","","1,42%"
"03.10.2019","2.910,60","2.885,40","2.911,10","2.855,90","","0,80%"
"02.10.2019","2.887,60","2.924,80","2.924,80","2.874,90","","-1,79%"
"01.10.2019","2.940,20","2.983,70","2.992,50","2.938,70","","-1,23%"
"30.09.2019","2.976,70","2.967,10","2.983,80","2.967,10","","0,50%"
"27.09.2019","2.961,80","2.985,50","2.987,30","2.945,50","","-0,53%"
"26.09.2019","2.977,60","2.985,70","2.987,30","2.963,70","","-0,24%"
"25.09.2019","2.984,90","2.968,30","2.989,80","2.952,90","","0,62%"
"24.09.2019","2.966,60","3.002,40","3.008,00","2.957,70","","-0,84%"
"23.09.2019","2.991,80","2.983,50","2.999,20","2.982,20","","-0,01%"
"20.09.2019","2.992,10","3.008,40","3.016,40","2.984,70","","-0,49%"
"19.09.2019","3.006,80","3.010,40","3.022,00","3.003,20","","0,00%"
"18.09.2019","3.006,70","3.001,50","3.007,80","2.978,60","","0,03%"
"17.09.2019","3.005,70","2.995,70","3.006,20","2.993,70","","0,26%"
"16.09.2019","2.998,00","2.996,40","3.002,20","2.990,70","","-0,31%"
"13.09.2019","3.007,40","3.012,20","3.017,30","3.002,90","","-0,07%"
"12.09.2019","3.009,60","3.009,10","3.020,70","3.000,90","","0,29%"
"11.09.2019","3.000,90","2.981,40","3.000,90","2.975,30","","0,72%"
"10.09.2019","2.979,40","2.971,00","2.979,40","2.957,00","","0,03%"
"09.09.2019","2.978,40","2.988,40","2.989,40","2.969,40","","-0,01%"
"06.09.2019","2.978,70","2.980,30","2.985,00","2.972,50","","0,09%"
"05.09.2019","2.976,00","2.960,60","2.985,90","2.960,60","","1,30%"
"04.09.2019","2.937,80","2.924,70","2.938,80","2.921,90","","1,08%"
"03.09.2019","2.906,30","2.909,00","2.914,40","2.891,80","","-0,69%"
"30.08.2019","2.926,50","2.937,10","2.940,40","2.913,30","","0,06%"
"29.08.2019","2.924,60","2.910,40","2.930,50","2.905,70","","1,27%"
"28.08.2019","2.887,90","2.861,30","2.890,00","2.853,10","","0,65%"
"27.08.2019","2.869,20","2.893,10","2.898,80","2.860,60","","-0,32%"
"26.08.2019","2.878,40","2.866,70","2.879,30","2.856,00","","1,10%"
"23.08.2019","2.847,10","2.911,10","2.927,00","2.835,00","","-2,59%"
"22.08.2019","2.922,90","2.930,90","2.939,10","2.904,50","","-0,05%"
"21.08.2019","2.924,40","2.922,00","2.928,70","2.917,90","","0,82%"
"20.08.2019","2.900,50","2.919,00","2.923,60","2.899,60","","-0,79%"
"19.08.2019","2.923,70","2.913,50","2.931,00","2.913,50","","1,21%"
"16.08.2019","2.888,70","2.864,70","2.893,60","2.864,70","","1,44%"
"15.08.2019","2.847,60","2.846,20","2.856,70","2.825,50","","0,25%"
"14.08.2019","2.840,60","2.894,20","2.894,20","2.839,60","","-2,93%"
"13.08.2019","2.926,30","2.880,70","2.943,30","2.877,10","","1,47%"
"12.08.2019","2.883,80","2.907,10","2.907,60","2.873,10","","-1,20%"
"09.08.2019","2.918,70","2.930,50","2.935,80","2.900,20","","-0,66%"
"08.08.2019","2.938,10","2.896,20","2.938,70","2.894,50","","1,88%"
"07.08.2019","2.884,00","2.858,70","2.892,20","2.825,70","","0,08%"
"06.08.2019","2.881,80","2.861,20","2.884,40","2.847,40","","1,30%"
"05.08.2019","2.844,70","2.898,10","2.898,10","2.822,10","","-2,98%"
"02.08.2019","2.932,10","2.943,90","2.945,50","2.914,10","","-0,73%"
"01.08.2019","2.953,60","2.980,30","3.013,60","2.945,20","","-0,90%"
"31.07.2019","2.980,40","3.016,20","3.017,40","2.958,10","","-1,09%"
"30.07.2019","3.013,20","3.007,70","3.017,20","3.000,90","","-0,26%"
"29.07.2019","3.021,00","3.024,50","3.025,60","3.014,30","","-0,16%"
"26.07.2019","3.025,90","3.013,20","3.028,00","3.012,60","","0,74%"
"25.07.2019","3.003,70","3.016,30","3.016,30","2.997,20","","-0,53%"
"24.07.2019","3.019,60","2.998,80","3.019,60","2.996,80","","0,47%"
"23.07.2019","3.005,50","2.994,70","3.005,90","2.988,60","","0,69%"
"22.07.2019","2.985,00","2.981,90","2.990,70","2.976,70","","0,28%"
"19.07.2019","2.976,60","3.004,30","3.006,00","2.975,90","","-0,62%"
"18.07.2019","2.995,10","2.978,90","2.998,30","2.973,10","","0,36%"
"17.07.2019","2.984,40","3.005,10","3.005,30","2.984,20","","-0,65%"
"16.07.2019","3.004,00","3.012,10","3.015,00","3.001,20","","-0,34%"
"15.07.2019","3.014,30","3.017,80","3.017,80","3.008,80","","0,02%"
"12.07.2019","3.013,80","3.003,40","3.013,90","3.001,90","","0,46%"
"11.07.2019","2.999,90","2.999,60","3.002,30","2.988,80","","0,23%"
"10.07.2019","2.993,10","2.989,30","3.003,00","2.984,60","","0,45%"
"09.07.2019","2.979,60","2.965,50","2.981,90","2.963,40","","0,12%"
"08.07.2019","2.975,90","2.979,80","2.980,80","2.970,10","","-0,48%"
"05.07.2019","2.990,40","2.984,20","2.994,00","2.968,00","","-0,18%"
"03.07.2019","2.995,80","2.978,10","2.995,80","2.978,00","","0,77%"
"02.07.2019","2.973,00","2.964,70","2.973,20","2.955,90","","0,29%"
"01.07.2019","2.964,30","2.971,40","2.977,90","2.952,20","","0,76%"
"28.06.2019","2.941,80","2.932,90","2.944,00","2.929,10","","0,58%"
"27.06.2019","2.924,90","2.919,70","2.929,30","2.918,60","","0,38%"
"26.06.2019","2.913,80","2.926,10","2.932,60","2.913,00","","-0,12%"
"25.06.2019","2.917,40","2.945,80","2.946,50","2.916,00","","-0,95%"
"24.06.2019","2.945,30","2.951,40","2.954,90","2.944,10","","-0,18%"
"21.06.2019","2.950,50","2.952,70","2.964,20","2.946,90","","-0,13%"
"20.06.2019","2.954,20","2.949,60","2.958,10","2.931,50","","0,95%"
"19.06.2019","2.926,50","2.920,60","2.931,70","2.911,40","","0,30%"
"18.06.2019","2.917,80","2.906,70","2.930,80","2.905,40","","0,97%"
"17.06.2019","2.889,70","2.889,80","2.897,30","2.887,30","","0,09%"
"14.06.2019","2.887,00","2.886,80","2.894,40","2.879,60","","-0,16%"
"13.06.2019","2.891,60","2.886,20","2.895,20","2.882,00","","0,41%"
"12.06.2019","2.879,80","2.882,70","2.888,60","2.874,70","","-0,20%"
"11.06.2019","2.885,70","2.903,30","2.910,60","2.878,50","","-0,03%"
"10.06.2019","2.886,70","2.885,80","2.904,80","2.885,50","","0,47%"
"07.06.2019","2.873,30","2.852,90","2.885,00","2.852,90","","1,05%"
"06.06.2019","2.843,50","2.828,50","2.852,10","2.822,40","","0,61%"
"05.06.2019","2.826,20","2.818,10","2.827,30","2.800,90","","0,82%"
"04.06.2019","2.803,30","2.762,60","2.804,50","2.762,60","","2,15%"
"03.06.2019","2.744,40","2.751,50","2.763,10","2.728,80","","-0,28%"
"31.05.2019","2.752,10","2.766,20","2.769,00","2.750,50","","-1,32%"
"30.05.2019","2.788,90","2.786,90","2.799,00","2.776,70","","0,21%"
"29.05.2019","2.783,00","2.790,20","2.792,00","2.766,10","","-0,69%"
"28.05.2019","2.802,40","2.830,00","2.840,50","2.801,60","","-0,84%"
"24.05.2019","2.826,10","2.832,40","2.841,40","2.820,20","","0,14%"
"23.05.2019","2.822,20","2.836,70","2.836,70","2.805,50","","-1,19%"
"22.05.2019","2.856,30","2.856,10","2.865,50","2.851,10","","-0,28%"
"21.05.2019","2.864,40","2.854,00","2.868,90","2.854,00","","0,85%"
"20.05.2019","2.840,20","2.841,90","2.853,90","2.831,30","","-0,67%"
"17.05.2019","2.859,50","2.858,60","2.885,50","2.854,20","","-0,58%"
"16.05.2019","2.876,30","2.855,80","2.892,20","2.855,80","","0,89%"
"15.05.2019","2.851,00","2.820,40","2.858,70","2.815,10","","0,59%"
"14.05.2019","2.834,40","2.820,10","2.852,50","2.820,10","","0,80%"
"13.05.2019","2.811,90","2.840,20","2.840,20","2.801,40","","-2,41%"
"10.05.2019","2.881,40","2.863,10","2.891,30","2.825,40","","0,37%"
"09.05.2019","2.870,70","2.859,80","2.876,00","2.836,40","","-0,30%"
"08.05.2019","2.879,40","2.879,60","2.898,00","2.873,30","","-0,16%"
"07.05.2019","2.884,10","2.913,00","2.913,00","2.862,60","","-1,65%"
"06.05.2019","2.932,50","2.908,90","2.937,30","2.898,20","","-0,44%"
"03.05.2019","2.945,60","2.929,20","2.947,80","2.929,20","","0,96%"
"02.05.2019","2.917,50","2.922,20","2.931,70","2.900,50","","-0,21%"
"01.05.2019","2.923,70","2.952,30","2.954,10","2.923,40","","-0,75%"
"30.04.2019","2.945,80","2.937,10","2.948,20","2.924,10","","0,10%"
"29.04.2019","2.943,00","2.940,60","2.949,50","2.939,30","","0,11%"
"26.04.2019","2.939,90","2.925,80","2.939,90","2.917,60","","0,47%"
"25.04.2019","2.926,20","2.929,00","2.933,10","2.912,80","","-0,03%"
"24.04.2019","2.927,20","2.934,00","2.936,80","2.926,10","","-0,22%"
"23.04.2019","2.933,70","2.910,00","2.936,30","2.908,50","","0,88%"
"22.04.2019","2.908,00","2.898,80","2.909,50","2.896,30","","0,10%"
"18.04.2019","2.905,00","2.904,80","2.908,40","2.891,90","","0,16%"
"17.04.2019","2.900,40","2.916,00","2.918,00","2.895,40","","-0,23%"
"16.04.2019","2.907,10","2.912,30","2.916,10","2.900,70","","0,05%"
"15.04.2019","2.905,60","2.908,30","2.909,60","2.896,50","","-0,06%"
"12.04.2019","2.907,40","2.900,90","2.910,50","2.898,40","","0,66%"
"11.04.2019","2.888,30","2.891,90","2.893,40","2.882,00","","0,00%"
"10.04.2019","2.888,20","2.881,40","2.889,70","2.879,10","","0,35%"
"09.04.2019","2.878,20","2.886,60","2.886,90","2.873,30","","-0,61%"
"08.04.2019","2.895,80","2.888,50","2.895,90","2.880,80","","0,11%"
"05.04.2019","2.892,70","2.884,20","2.893,20","2.883,00","","0,46%"
"04.04.2019","2.879,40","2.874,00","2.881,30","2.867,10","","0,21%"
"03.04.2019","2.873,40","2.876,10","2.885,20","2.865,20","","0,22%"
"02.04.2019","2.867,20","2.868,20","2.872,90","2.858,80","","0,00%"
"01.04.2019","2.867,20","2.848,60","2.869,40","2.848,60","","1,16%"
"29.03.2019","2.834,40","2.828,30","2.836,00","2.819,20","","0,67%"
"28.03.2019","2.815,40","2.809,40","2.819,70","2.798,80","","0,36%"
"27.03.2019","2.805,40","2.819,70","2.825,60","2.787,70","","-0,46%"
"26.03.2019","2.818,50","2.812,70","2.829,90","2.804,00","","0,72%"
"25.03.2019","2.798,40","2.796,00","2.809,80","2.785,00","","-0,08%"
"22.03.2019","2.800,70","2.844,50","2.846,20","2.800,50","","-1,90%"
"21.03.2019","2.854,90","2.819,70","2.860,30","2.817,40","","1,09%"
"20.03.2019","2.824,20","2.831,30","2.843,50","2.812,40","","-0,30%"
"19.03.2019","2.832,60","2.840,80","2.852,40","2.823,30","","-0,01%"
"18.03.2019","2.832,90","2.822,60","2.835,40","2.822,00","","0,37%"
"15.03.2019","2.822,50","2.810,80","2.830,70","2.810,80","","0,50%"
"14.03.2019","2.808,50","2.810,40","2.815,00","2.803,50","","-0,09%"
"13.03.2019","2.810,90","2.799,80","2.821,20","2.799,80","","0,69%"
"12.03.2019","2.791,50","2.787,30","2.798,30","2.786,70","","0,29%"
"11.03.2019","2.783,30","2.747,60","2.784,00","2.747,60","","1,47%"
"08.03.2019","2.743,10","2.730,80","2.744,10","2.722,30","","-0,21%"
"07.03.2019","2.748,90","2.766,50","2.767,20","2.739,10","","-0,81%"
"06.03.2019","2.771,40","2.790,30","2.790,30","2.768,70","","-0,66%"
"05.03.2019","2.789,70","2.794,40","2.796,40","2.783,00","","-0,11%"
"04.03.2019","2.792,80","2.814,40","2.816,90","2.767,70","","-0,39%"
"01.03.2019","2.803,70","2.798,20","2.808,00","2.787,40","","0,69%"
"28.02.2019","2.784,50","2.788,10","2.793,70","2.782,50","","-0,28%"
"27.02.2019","2.792,40","2.787,50","2.795,80","2.775,10","","-0,05%"
"26.02.2019","2.793,90","2.792,40","2.803,10","2.789,50","","-0,08%"
"25.02.2019","2.796,10","2.804,30","2.813,50","2.795,00","","0,12%"
"22.02.2019","2.792,70","2.780,70","2.794,20","2.779,10","","0,64%"
"21.02.2019","2.774,90","2.780,20","2.781,60","2.764,60","","-0,35%"
"20.02.2019","2.784,70","2.779,10","2.789,90","2.774,10","","0,18%"
"19.02.2019","2.779,80","2.769,30","2.787,30","2.767,30","","0,15%"
"15.02.2019","2.775,60","2.760,20","2.775,70","2.760,20","","1,09%"
"14.02.2019","2.745,70","2.743,50","2.757,90","2.731,20","","-0,27%"
"13.02.2019","2.753,00","2.750,30","2.761,80","2.748,60","","0,30%"
"12.02.2019","2.744,70","2.722,60","2.748,20","2.722,60","","1,29%"
"11.02.2019","2.709,80","2.712,40","2.718,10","2.703,80","","0,07%"
"08.02.2019","2.707,90","2.692,40","2.708,10","2.681,80","","0,07%"
"07.02.2019","2.706,10","2.717,50","2.719,30","2.687,30","","-0,93%"
"06.02.2019","2.731,60","2.735,10","2.738,10","2.724,20","","-0,22%"
"05.02.2019","2.737,70","2.728,30","2.739,00","2.724,00","","0,47%"
"04.02.2019","2.724,90","2.706,50","2.725,00","2.698,80","","0,68%"
"01.02.2019","2.706,50","2.702,30","2.716,70","2.696,90","","0,09%"
"31.01.2019","2.704,10","2.685,50","2.708,90","2.678,70","","0,86%"
"30.01.2019","2.681,10","2.653,60","2.690,40","2.648,30","","1,56%"
"29.01.2019","2.640,00","2.644,90","2.650,90","2.631,10","","-0,14%"
"28.01.2019","2.643,80","2.645,00","2.645,00","2.624,10","","-0,79%"
"25.01.2019","2.664,80","2.657,40","2.672,40","2.657,30","","0,85%"
"24.01.2019","2.642,30","2.638,80","2.647,20","2.627,00","","0,14%"
"23.01.2019","2.638,70","2.643,50","2.653,20","2.612,90","","0,22%"
"22.01.2019","2.632,90","2.657,90","2.657,90","2.617,30","","-1,42%"
"18.01.2019","2.670,70","2.651,30","2.675,50","2.647,60","","1,32%"
"17.01.2019","2.636,00","2.609,30","2.645,10","2.606,40","","0,76%"
"16.01.2019","2.616,10","2.614,80","2.625,80","2.612,70","","0,22%"
"15.01.2019","2.610,30","2.585,10","2.613,10","2.585,10","","1,07%"
"14.01.2019","2.582,60","2.580,30","2.589,30","2.570,40","","-0,53%"
"11.01.2019","2.596,30","2.588,10","2.596,30","2.577,40","","-0,01%"
"10.01.2019","2.596,60","2.573,50","2.597,80","2.562,00","","0,45%"
"09.01.2019","2.585,00","2.580,00","2.595,30","2.568,90","","0,41%"
"08.01.2019","2.574,40","2.568,10","2.579,80","2.547,60","","0,97%"
"07.01.2019","2.549,70","2.535,60","2.566,20","2.524,60","","0,70%"
"04.01.2019","2.531,90","2.474,30","2.538,10","2.474,30","","3,43%"
"03.01.2019","2.447,90","2.491,90","2.493,10","2.444,00","","-2,47%"
"02.01.2019","2.510,00","2.477,00","2.519,50","2.467,50","","0,13%"
"31.12.2018","2.506,80","2.498,90","2.509,20","2.482,80","","0,85%"
"28.12.2018","2.485,70","2.498,80","2.520,30","2.472,90","","-0,12%"
"27.12.2018","2.488,80","2.442,50","2.489,10","2.397,90","","0,86%"
"26.12.2018","2.467,70","2.363,10","2.467,80","2.346,60","","4,96%"
"24.12.2018","2.351,10","2.400,60","2.410,30","2.351,10","","-2,71%"
"21.12.2018","2.416,60","2.465,40","2.504,40","2.408,60","","-2,06%"
"20.12.2018","2.467,40","2.496,80","2.509,60","2.441,20","","-1,58%"
"19.12.2018","2.507,00","2.547,10","2.585,30","2.489,00","","-1,54%"
"18.12.2018","2.546,20","2.559,90","2.574,00","2.528,70","","0,01%"
"17.12.2018","2.545,90","2.590,80","2.601,10","2.530,50","","-2,08%"
"14.12.2018","2.599,90","2.629,70","2.635,10","2.593,80","","-1,91%"
"13.12.2018","2.650,50","2.658,70","2.670,20","2.637,30","","-0,02%"
"12.12.2018","2.651,10","2.658,20","2.685,40","2.650,30","","0,54%"
"11.12.2018","2.636,80","2.664,40","2.674,30","2.621,30","","-0,03%"
"10.12.2018","2.637,70","2.630,90","2.647,50","2.583,20","","0,17%"
"07.12.2018","2.633,10","2.691,30","2.708,50","2.623,10","","-2,33%"
"06.12.2018","2.695,90","2.663,50","2.696,20","2.621,50","","-0,16%"
"04.12.2018","2.700,10","2.782,40","2.785,90","2.697,20","","-3,24%"
"03.12.2018","2.790,40","2.790,50","2.800,20","2.773,40","","1,09%"
"30.11.2018","2.760,20","2.737,80","2.760,90","2.732,80","","0,82%"
"29.11.2018","2.737,80","2.737,00","2.753,80","2.722,90","","-0,22%"
"28.11.2018","2.743,80","2.691,40","2.744,00","2.684,40","","2,30%"
"27.11.2018","2.682,20","2.663,80","2.682,50","2.655,90","","0,33%"
"26.11.2018","2.673,40","2.650,00","2.674,30","2.650,00","","1,55%"
"23.11.2018","2.632,60","2.633,40","2.647,60","2.631,10","","-0,65%"
"21.11.2018","2.649,90","2.657,70","2.670,70","2.649,80","","0,30%"
"20.11.2018","2.641,90","2.654,60","2.669,40","2.631,50","","-1,81%"
"19.11.2018","2.690,70","2.730,70","2.733,20","2.681,10","","-1,67%"
"16.11.2018","2.736,30","2.718,50","2.746,80","2.712,20","","0,22%"
"15.11.2018","2.730,20","2.693,50","2.735,40","2.670,80","","1,06%"
"14.11.2018","2.701,60","2.737,90","2.746,80","2.685,80","","-0,76%"
"13.11.2018","2.722,20","2.730,10","2.754,60","2.715,00","","-0,15%"
"12.11.2018","2.726,20","2.773,90","2.776,00","2.722,00","","-1,97%"
"09.11.2018","2.781,00","2.794,10","2.794,10","2.764,20","","-0,92%"
"08.11.2018","2.806,80","2.806,40","2.814,80","2.795,00","","-0,25%"
"07.11.2018","2.813,90","2.774,10","2.815,20","2.774,10","","2,12%"
"06.11.2018","2.755,40","2.738,40","2.756,80","2.737,10","","0,62%"
"05.11.2018","2.738,30","2.726,40","2.744,30","2.717,90","","0,56%"
"02.11.2018","2.723,10","2.745,40","2.756,60","2.700,40","","-0,63%"
"01.11.2018","2.740,40","2.717,60","2.741,70","2.708,80","","1,06%"
"31.10.2018","2.711,70","2.705,60","2.736,70","2.705,60","","1,08%"
"30.10.2018","2.682,60","2.640,70","2.685,40","2.635,30","","1,57%"
"29.10.2018","2.641,20","2.682,70","2.706,80","2.603,50","","-0,66%"
"26.10.2018","2.658,70","2.667,90","2.692,40","2.628,20","","-1,73%"
"25.10.2018","2.705,60","2.674,90","2.722,70","2.667,80","","1,86%"
"24.10.2018","2.656,10","2.737,90","2.742,60","2.651,90","","-3,09%"
"23.10.2018","2.740,70","2.721,00","2.753,60","2.691,40","","-0,55%"
"22.10.2018","2.755,90","2.773,90","2.778,90","2.749,20","","-0,43%"
"19.10.2018","2.767,80","2.775,70","2.797,80","2.760,30","","-0,04%"
"18.10.2018","2.768,80","2.802,00","2.806,00","2.755,20","","-1,44%"
"17.10.2018","2.809,20","2.811,70","2.816,90","2.781,80","","-0,02%"
"16.10.2018","2.809,90","2.767,10","2.813,50","2.766,90","","2,15%"
"15.10.2018","2.750,80","2.763,80","2.776,00","2.749,00","","-0,59%"
"12.10.2018","2.767,10","2.770,50","2.775,80","2.729,40","","1,42%"
"11.10.2018","2.728,40","2.776,90","2.795,10","2.710,50","","-2,06%"
"10.10.2018","2.785,70","2.873,90","2.874,00","2.784,90","","-3,28%"
"09.10.2018","2.880,30","2.882,50","2.894,80","2.874,30","","-0,14%"
"08.10.2018","2.884,40","2.877,50","2.889,40","2.862,10","","-0,04%"
"05.10.2018","2.885,60","2.902,50","2.909,60","2.869,30","","-0,55%"
"04.10.2018","2.901,60","2.919,30","2.919,80","2.883,90","","-0,82%"
"03.10.2018","2.925,50","2.931,70","2.939,90","2.921,40","","0,07%"
"02.10.2018","2.923,40","2.923,80","2.931,40","2.919,40","","-0,04%"
"01.10.2018","2.924,60","2.926,30","2.937,10","2.917,90","","0,36%"
"28.09.2018","2.914,00","2.910,00","2.920,50","2.907,50","","0,00%"
"27.09.2018","2.914,00","2.911,70","2.927,20","2.909,30","","0,28%"
"26.09.2018","2.906,00","2.917,00","2.931,20","2.903,30","","-0,33%"
"25.09.2018","2.915,60","2.921,80","2.923,90","2.913,70","","-0,13%"
"24.09.2018","2.919,40","2.921,80","2.923,80","2.912,60","","-0,35%"
"21.09.2018","2.929,70","2.936,80","2.940,90","2.927,10","","-0,04%"
"20.09.2018","2.930,80","2.919,70","2.934,80","2.919,70","","0,79%"
"19.09.2018","2.907,90","2.906,60","2.912,40","2.903,80","","0,12%"
"18.09.2018","2.904,30","2.890,70","2.911,20","2.890,40","","0,54%"
"17.09.2018","2.888,80","2.903,80","2.904,70","2.886,20","","-0,56%"
"14.09.2018","2.905,00","2.906,40","2.908,30","2.895,80","","0,03%"
"13.09.2018","2.904,20","2.896,80","2.906,80","2.896,40","","0,53%"
"12.09.2018","2.888,90","2.888,30","2.894,70","2.879,20","","0,03%"
"11.09.2018","2.887,90","2.871,60","2.892,50","2.866,80","","0,38%"
"10.09.2018","2.877,10","2.881,40","2.886,90","2.875,90","","0,19%"
"07.09.2018","2.871,70","2.868,30","2.883,80","2.864,10","","-0,22%"
"06.09.2018","2.878,10","2.888,60","2.892,10","2.867,30","","-0,36%"
"05.09.2018","2.888,60","2.891,60","2.894,20","2.876,90","","-0,28%"
"04.09.2018","2.896,70","2.897,00","2.900,20","2.885,10","","-0,17%"
"31.08.2018","2.901,50","2.898,40","2.906,30","2.891,70","","0,01%"
"30.08.2018","2.901,10","2.908,90","2.912,50","2.895,20","","-0,44%"
"29.08.2018","2.914,00","2.900,60","2.916,50","2.898,40","","0,57%"
"28.08.2018","2.897,50","2.901,40","2.903,80","2.893,50","","0,03%"
"27.08.2018","2.896,70","2.884,70","2.898,20","2.884,70","","0,77%"
"24.08.2018","2.874,70","2.862,30","2.876,20","2.862,30","","0,62%"
"23.08.2018","2.857,00","2.860,30","2.868,80","2.854,00","","-0,17%"
"22.08.2018","2.861,80","2.861,00","2.867,50","2.856,10","","-0,04%"
"21.08.2018","2.863,00","2.861,50","2.873,20","2.861,30","","0,21%"
"20.08.2018","2.857,10","2.853,90","2.859,80","2.850,60","","0,25%"
"17.08.2018","2.850,10","2.838,30","2.855,60","2.833,70","","0,33%"
"16.08.2018","2.840,70","2.831,40","2.850,50","2.831,40","","0,79%"
"15.08.2018","2.818,40","2.827,90","2.827,90","2.802,50","","-0,76%"
"14.08.2018","2.840,00","2.827,90","2.843,10","2.826,60","","0,64%"
"13.08.2018","2.821,90","2.835,50","2.843,40","2.819,90","","-0,40%"
"10.08.2018","2.833,30","2.839,60","2.842,20","2.825,80","","-0,71%"
"09.08.2018","2.853,60","2.857,20","2.862,50","2.852,00","","-0,14%"
"08.08.2018","2.857,70","2.856,80","2.862,40","2.853,10","","-0,02%"
"07.08.2018","2.858,40","2.855,90","2.863,40","2.855,90","","0,28%"
"06.08.2018","2.850,40","2.840,30","2.853,30","2.836,00","","0,36%"
"03.08.2018","2.840,30","2.829,60","2.840,40","2.827,40","","0,46%"
"02.08.2018","2.827,20","2.800,50","2.829,90","2.796,30","","0,49%"
"01.08.2018","2.813,40","2.821,20","2.825,80","2.805,80","","-0,10%"
"31.07.2018","2.816,30","2.809,70","2.824,50","2.808,10","","0,49%"
"30.07.2018","2.802,60","2.819,00","2.821,70","2.798,10","","-0,57%"
"27.07.2018","2.818,80","2.842,30","2.843,20","2.808,30","","-0,66%"
"26.07.2018","2.837,40","2.835,50","2.845,60","2.835,30","","-0,31%"
"25.07.2018","2.846,10","2.817,70","2.848,00","2.817,70","","0,91%"
"24.07.2018","2.820,40","2.820,70","2.830,00","2.811,10","","0,48%"
"23.07.2018","2.807,00","2.799,20","2.808,60","2.795,10","","0,19%"
"20.07.2018","2.801,80","2.804,60","2.809,70","2.800,00","","-0,10%"
"19.07.2018","2.804,50","2.809,40","2.812,10","2.799,80","","-0,39%"
"18.07.2018","2.815,60","2.811,30","2.816,80","2.805,90","","0,21%"
"17.07.2018","2.809,60","2.789,30","2.814,20","2.789,20","","0,40%"
"16.07.2018","2.798,40","2.801,40","2.803,70","2.793,40","","-0,10%"
"13.07.2018","2.801,30","2.796,90","2.804,50","2.791,70","","0,11%"
"12.07.2018","2.798,30","2.783,10","2.799,20","2.781,50","","0,88%"
"11.07.2018","2.774,00","2.779,80","2.785,90","2.770,80","","-0,71%"
"10.07.2018","2.793,80","2.788,60","2.795,60","2.786,20","","0,34%"
"09.07.2018","2.784,20","2.768,50","2.784,70","2.768,50","","0,88%"
"06.07.2018","2.759,80","2.737,70","2.764,40","2.733,50","","0,85%"
"05.07.2018","2.736,60","2.724,20","2.737,80","2.716,00","","0,86%"
"03.07.2018","2.713,20","2.733,30","2.736,60","2.711,20","","-0,50%"
"02.07.2018","2.726,70","2.704,90","2.727,30","2.698,90","","0,31%"
"29.06.2018","2.718,40","2.727,10","2.743,30","2.718,00","","0,08%"
"28.06.2018","2.716,30","2.698,70","2.724,30","2.692,00","","0,62%"
"27.06.2018","2.699,60","2.728,40","2.746,10","2.699,40","","-0,86%"
"26.06.2018","2.723,10","2.722,10","2.732,90","2.715,60","","0,22%"
"25.06.2018","2.717,10","2.742,90","2.742,90","2.698,70","","-1,37%"
"22.06.2018","2.754,90","2.760,80","2.764,20","2.752,70","","0,19%"
"21.06.2018","2.749,80","2.769,30","2.769,30","2.744,40","","-0,63%"
"20.06.2018","2.767,30","2.769,70","2.774,90","2.763,90","","0,17%"
"19.06.2018","2.762,60","2.752,00","2.765,10","2.743,20","","-0,40%"
"18.06.2018","2.773,80","2.765,80","2.775,00","2.757,10","","-0,21%"
"15.06.2018","2.779,70","2.777,80","2.782,80","2.761,70","","-0,10%"
"14.06.2018","2.782,50","2.783,20","2.789,10","2.776,50","","0,25%"
"13.06.2018","2.775,60","2.787,90","2.791,50","2.774,70","","-0,40%"
"12.06.2018","2.786,80","2.785,60","2.789,80","2.778,80","","0,17%"
"11.06.2018","2.782,00","2.780,20","2.790,20","2.780,20","","0,11%"
"08.06.2018","2.779,00","2.765,80","2.779,40","2.763,60","","0,31%"
"07.06.2018","2.770,40","2.774,80","2.779,90","2.760,20","","-0,07%"
"06.06.2018","2.772,30","2.753,20","2.772,40","2.748,50","","0,85%"
"05.06.2018","2.748,80","2.748,50","2.752,60","2.739,50","","0,07%"
"04.06.2018","2.746,90","2.741,70","2.749,20","2.740,50","","0,45%"
"01.06.2018","2.734,60","2.718,70","2.736,90","2.718,70","","1,08%"
"31.05.2018","2.705,30","2.721,00","2.722,50","2.700,70","","-0,69%"
"30.05.2018","2.724,00","2.702,40","2.729,30","2.702,40","","1,27%"
"29.05.2018","2.689,90","2.705,10","2.710,70","2.676,80","","-1,15%"
"25.05.2018","2.721,30","2.723,60","2.727,40","2.715,00","","-0,24%"
"24.05.2018","2.727,80","2.730,90","2.732,00","2.707,40","","-0,20%"
"23.05.2018","2.733,30","2.714,00","2.733,30","2.709,50","","0,33%"
"22.05.2018","2.724,40","2.738,30","2.742,20","2.721,90","","-0,31%"
"21.05.2018","2.733,00","2.725,90","2.739,20","2.725,70","","0,74%"
"18.05.2018","2.713,00","2.717,30","2.719,50","2.709,20","","-0,26%"
"17.05.2018","2.720,10","2.719,70","2.732,00","2.711,40","","-0,09%"
"16.05.2018","2.722,50","2.712,60","2.727,80","2.712,20","","0,41%"
"15.05.2018","2.711,40","2.718,60","2.718,60","2.701,90","","-0,68%"
"14.05.2018","2.730,10","2.733,40","2.742,10","2.725,50","","0,09%"
"11.05.2018","2.727,70","2.722,70","2.732,90","2.717,40","","0,17%"
"10.05.2018","2.723,10","2.705,00","2.726,10","2.704,50","","0,94%"
"09.05.2018","2.697,80","2.678,10","2.701,30","2.674,10","","0,97%"
"08.05.2018","2.671,90","2.670,30","2.676,30","2.655,20","","-0,03%"
"07.05.2018","2.672,60","2.669,40","2.683,30","2.664,70","","0,35%"
"04.05.2018","2.663,40","2.621,40","2.670,90","2.615,30","","1,28%"
"03.05.2018","2.629,70","2.628,10","2.637,10","2.594,60","","-0,23%"
"02.05.2018","2.635,70","2.654,20","2.660,90","2.631,70","","-0,72%"
"01.05.2018","2.654,80","2.643,60","2.655,30","2.625,40","","0,25%"
"30.04.2018","2.648,10","2.675,10","2.682,90","2.648,00","","-0,82%"
"27.04.2018","2.669,90","2.675,50","2.677,30","2.659,00","","0,11%"
"26.04.2018","2.666,90","2.651,70","2.676,50","2.647,20","","1,04%"
"25.04.2018","2.639,40","2.634,90","2.645,30","2.612,70","","0,18%"
"24.04.2018","2.634,60","2.680,80","2.683,60","2.617,30","","-1,34%"
"23.04.2018","2.670,30","2.675,40","2.682,90","2.658,00","","0,01%"
"20.04.2018","2.670,10","2.692,60","2.693,90","2.660,60","","-0,85%"
"19.04.2018","2.693,10","2.701,20","2.702,80","2.681,90","","-0,57%"
"18.04.2018","2.708,60","2.710,10","2.717,50","2.703,60","","0,08%"
"17.04.2018","2.706,40","2.692,70","2.713,30","2.692,10","","1,07%"
"16.04.2018","2.677,80","2.670,10","2.686,50","2.665,20","","0,81%"
"13.04.2018","2.656,30","2.676,90","2.680,30","2.645,10","","-0,29%"
"12.04.2018","2.664,00","2.653,80","2.674,70","2.653,80","","0,83%"
"11.04.2018","2.642,20","2.643,90","2.661,40","2.639,20","","-0,55%"
"10.04.2018","2.656,90","2.638,40","2.665,40","2.635,80","","1,67%"
"09.04.2018","2.613,20","2.617,20","2.653,60","2.610,80","","0,33%"
"06.04.2018","2.604,50","2.645,80","2.656,90","2.586,30","","-2,19%"
"05.04.2018","2.662,80","2.657,40","2.672,10","2.649,60","","0,68%"
"04.04.2018","2.644,70","2.584,00","2.649,90","2.573,60","","1,16%"
"03.04.2018","2.614,40","2.592,20","2.619,10","2.575,50","","1,26%"
"02.04.2018","2.581,90","2.633,40","2.638,30","2.553,80","","-2,23%"
"29.03.2018","2.640,90","2.614,40","2.659,10","2.609,70","","1,38%"
"28.03.2018","2.605,00","2.611,30","2.632,70","2.593,10","","-0,29%"
"27.03.2018","2.612,60","2.667,60","2.674,80","2.596,10","","-1,73%"
"26.03.2018","2.658,60","2.619,30","2.661,40","2.601,80","","2,72%"
"23.03.2018","2.588,30","2.646,70","2.657,70","2.585,90","","-2,10%"
"22.03.2018","2.643,70","2.691,40","2.695,70","2.641,60","","-2,51%"
"21.03.2018","2.711,90","2.715,00","2.739,10","2.709,80","","-0,18%"
"20.03.2018","2.716,90","2.715,10","2.724,20","2.710,10","","0,15%"
"19.03.2018","2.712,90","2.741,40","2.741,40","2.694,60","","-1,42%"
"16.03.2018","2.752,00","2.750,60","2.761,80","2.750,00","","0,17%"
"15.03.2018","2.747,30","2.754,30","2.763,00","2.741,50","","-0,08%"
"14.03.2018","2.749,50","2.774,10","2.777,10","2.744,40","","-0,57%"
"13.03.2018","2.765,30","2.792,30","2.801,90","2.758,70","","-0,64%"
"12.03.2018","2.783,00","2.790,50","2.797,00","2.779,30","","-0,13%"
"09.03.2018","2.786,60","2.752,90","2.786,60","2.751,50","","1,74%"
"08.03.2018","2.739,00","2.732,80","2.740,40","2.722,70","","0,45%"
"07.03.2018","2.726,80","2.710,20","2.730,60","2.701,70","","-0,05%"
"06.03.2018","2.728,10","2.730,20","2.732,10","2.711,30","","0,26%"
"05.03.2018","2.720,90","2.681,10","2.728,10","2.675,80","","1,10%"
"02.03.2018","2.691,20","2.658,90","2.696,20","2.647,30","","0,50%"
"01.03.2018","2.677,70","2.715,20","2.730,90","2.659,70","","-1,33%"
"28.02.2018","2.713,80","2.753,80","2.761,50","2.713,50","","-1,11%"
"27.02.2018","2.744,30","2.780,40","2.789,20","2.744,20","","-1,27%"
"26.02.2018","2.779,60","2.757,40","2.780,60","2.753,80","","1,18%"
"23.02.2018","2.747,30","2.715,80","2.747,80","2.713,70","","1,60%"
"22.02.2018","2.704,00","2.710,40","2.731,30","2.697,80","","0,10%"
"21.02.2018","2.701,30","2.720,50","2.747,80","2.701,30","","-0,55%"
"20.02.2018","2.716,30","2.723,00","2.737,60","2.706,80","","-0,58%"
"16.02.2018","2.732,20","2.727,10","2.754,40","2.725,10","","0,04%"
"15.02.2018","2.731,20","2.713,50","2.731,50","2.689,80","","1,21%"
"14.02.2018","2.698,60","2.651,20","2.702,10","2.648,90","","1,34%"
"13.02.2018","2.662,90","2.646,30","2.668,80","2.637,10","","0,26%"
"12.02.2018","2.656,00","2.636,80","2.672,60","2.622,40","","1,39%"
"09.02.2018","2.619,60","2.601,80","2.638,70","2.532,70","","1,50%"
"08.02.2018","2.581,00","2.685,00","2.685,30","2.580,60","","-3,76%"
"07.02.2018","2.681,70","2.690,90","2.727,70","2.681,30","","-0,50%"
"06.02.2018","2.695,10","2.614,80","2.701,00","2.593,10","","1,74%"
"05.02.2018","2.648,90","2.741,10","2.763,40","2.638,20","","-4,10%"
"02.02.2018","2.762,10","2.808,90","2.808,90","2.760,00","","-2,12%"
"01.02.2018","2.822,00","2.816,40","2.836,00","2.812,70","","-0,06%"
"31.01.2018","2.823,80","2.832,40","2.839,30","2.813,00","","0,05%"
"30.01.2018","2.822,40","2.832,70","2.837,80","2.818,30","","-1,09%"
"29.01.2018","2.853,50","2.867,20","2.870,60","2.851,50","","-0,68%"
"26.01.2018","2.872,90","2.847,50","2.872,90","2.846,20","","1,19%"
"25.01.2018","2.839,20","2.846,20","2.848,60","2.830,90","","0,06%"
"24.01.2018","2.837,50","2.845,40","2.853,00","2.824,80","","-0,06%"
"23.01.2018","2.839,10","2.835,10","2.842,20","2.830,60","","0,22%"
"22.01.2018","2.833,00","2.809,20","2.833,00","2.808,10","","0,81%"
"19.01.2018","2.810,30","2.802,60","2.810,30","2.798,10","","0,44%"
"18.01.2018","2.798,00","2.802,40","2.805,80","2.792,60","","-0,16%"
"17.01.2018","2.802,60","2.785,00","2.807,00","2.778,40","","0,94%"
"16.01.2018","2.776,40","2.799,00","2.807,50","2.768,60","","-0,35%"
"12.01.2018","2.786,20","2.770,20","2.787,80","2.769,60","","0,67%"
"11.01.2018","2.767,60","2.753,00","2.767,60","2.752,80","","0,71%"
"10.01.2018","2.748,20","2.745,60","2.750,80","2.736,10","","-0,11%"
"09.01.2018","2.751,30","2.751,20","2.759,10","2.747,90","","0,13%"
"08.01.2018","2.747,70","2.742,70","2.748,50","2.737,60","","0,16%"
"05.01.2018","2.743,20","2.731,30","2.743,40","2.727,90","","0,70%"
"04.01.2018","2.724,00","2.719,30","2.729,30","2.719,10","","0,40%"
"03.01.2018","2.713,10","2.697,80","2.714,40","2.697,80","","0,64%"
"02.01.2018","2.695,80","2.683,70","2.695,90","2.682,40","","0,83%"
"29.12.2017","2.673,60","2.689,20","2.692,10","2.673,60","","-0,52%"
"28.12.2017","2.687,50","2.686,10","2.687,70","2.682,70","","0,18%"
"27.12.2017","2.682,60","2.682,10","2.685,60","2.678,90","","0,08%"
"26.12.2017","2.680,50","2.679,10","2.682,70","2.678,00","","-0,10%"
"22.12.2017","2.683,30","2.684,20","2.685,30","2.678,10","","-0,05%"
"21.12.2017","2.684,60","2.683,00","2.692,60","2.682,40","","0,20%"
"20.12.2017","2.679,20","2.688,20","2.691,00","2.676,10","","-0,09%"
"19.12.2017","2.681,50","2.692,70","2.694,40","2.680,70","","-0,32%"
"18.12.2017","2.690,20","2.685,90","2.695,00","2.685,90","","0,54%"
"15.12.2017","2.675,80","2.660,60","2.679,60","2.659,10","","0,90%"
"14.12.2017","2.652,00","2.665,90","2.668,10","2.652,00","","-0,41%"
"13.12.2017","2.662,80","2.667,60","2.671,90","2.662,80","","-0,05%"
"12.12.2017","2.664,10","2.661,70","2.669,70","2.659,80","","0,15%"
"11.12.2017","2.660,00","2.652,20","2.660,30","2.651,50","","0,32%"
"08.12.2017","2.651,50","2.646,20","2.651,70","2.644,10","","0,55%"
"07.12.2017","2.637,00","2.628,40","2.641,00","2.626,50","","0,29%"
"06.12.2017","2.629,30","2.626,20","2.634,40","2.624,80","","-0,01%"
"05.12.2017","2.629,60","2.639,80","2.648,70","2.627,70","","-0,37%"
"04.12.2017","2.639,40","2.657,20","2.665,20","2.639,00","","-0,11%"
"01.12.2017","2.642,20","2.645,10","2.650,60","2.605,50","","-0,20%"
"30.11.2017","2.647,60","2.633,90","2.657,70","2.633,90","","0,82%"
"29.11.2017","2.626,10","2.627,80","2.634,90","2.620,30","","-0,03%"
"28.11.2017","2.627,00","2.605,90","2.627,70","2.605,40","","0,98%"
"27.11.2017","2.601,40","2.602,70","2.606,40","2.598,90","","-0,04%"
"24.11.2017","2.602,40","2.600,40","2.604,20","2.600,40","","0,20%"
"22.11.2017","2.597,10","2.600,30","2.600,90","2.595,20","","-0,07%"
"21.11.2017","2.599,00","2.589,20","2.601,20","2.589,20","","0,65%"
"20.11.2017","2.582,10","2.579,50","2.584,60","2.578,20","","0,13%"
"17.11.2017","2.578,80","2.582,90","2.584,00","2.577,60","","-0,26%"
"16.11.2017","2.585,60","2.572,90","2.590,10","2.572,90","","0,82%"
"15.11.2017","2.564,60","2.569,40","2.572,80","2.557,40","","-0,55%"
"14.11.2017","2.578,90","2.577,80","2.579,70","2.566,60","","-0,23%"
"13.11.2017","2.584,80","2.576,50","2.587,70","2.574,50","","0,10%"
"10.11.2017","2.582,30","2.580,20","2.583,80","2.575,60","","-0,09%"
"09.11.2017","2.584,60","2.584,00","2.586,50","2.566,30","","-0,38%"
"08.11.2017","2.594,40","2.588,70","2.595,50","2.585,00","","0,15%"
"07.11.2017","2.590,60","2.592,10","2.597,00","2.584,30","","-0,02%"
"06.11.2017","2.591,10","2.587,50","2.593,40","2.585,70","","0,13%"
"03.11.2017","2.587,80","2.581,90","2.588,40","2.576,80","","0,31%"
"02.11.2017","2.579,80","2.579,50","2.581,10","2.566,20","","0,02%"
"01.11.2017","2.579,40","2.583,20","2.588,40","2.574,90","","0,16%"
"31.10.2017","2.575,30","2.576,00","2.578,30","2.572,20","","0,10%"
"30.10.2017","2.572,80","2.577,80","2.580,00","2.568,20","","-0,32%"
"27.10.2017","2.581,10","2.570,30","2.583,00","2.565,90","","0,81%"
"26.10.2017","2.560,40","2.560,10","2.567,10","2.559,80","","0,13%"
"25.10.2017","2.557,20","2.566,50","2.567,40","2.544,00","","-0,46%"
"24.10.2017","2.569,10","2.568,70","2.572,20","2.565,60","","0,16%"
"23.10.2017","2.565,00","2.578,10","2.578,30","2.564,30","","-0,40%"
"20.10.2017","2.575,20","2.567,60","2.575,40","2.567,60","","0,51%"
"19.10.2017","2.562,10","2.553,40","2.562,40","2.547,90","","0,03%"
"18.10.2017","2.561,30","2.562,90","2.564,10","2.559,70","","0,07%"
"17.10.2017","2.559,40","2.557,20","2.559,70","2.554,70","","0,07%"
"16.10.2017","2.557,60","2.555,60","2.559,50","2.552,60","","0,17%"
"13.10.2017","2.553,20","2.555,70","2.557,70","2.552,10","","0,09%"
"12.10.2017","2.550,90","2.552,90","2.555,30","2.548,30","","-0,17%"
"11.10.2017","2.555,20","2.550,60","2.555,20","2.547,90","","0,18%"
"10.10.2017","2.550,60","2.550,00","2.555,20","2.544,90","","0,23%"
"09.10.2017","2.544,70","2.551,40","2.551,80","2.541,60","","-0,18%"
"06.10.2017","2.549,30","2.547,40","2.549,40","2.543,80","","-0,11%"
"05.10.2017","2.552,10","2.540,90","2.552,50","2.540,00","","0,57%"
"04.10.2017","2.537,70","2.533,50","2.540,50","2.531,80","","0,12%"
"03.10.2017","2.534,60","2.530,30","2.535,10","2.528,80","","0,22%"
"02.10.2017","2.529,10","2.521,20","2.529,20","2.520,40","","0,39%"
"29.09.2017","2.519,40","2.510,00","2.519,40","2.508,00","","0,37%"
"28.09.2017","2.510,10","2.503,40","2.510,80","2.502,90","","0,12%"
"27.09.2017","2.507,00","2.503,30","2.511,80","2.495,90","","0,41%"
"26.09.2017","2.496,80","2.501,00","2.503,50","2.495,10","","0,00%"
"25.09.2017","2.496,70","2.499,40","2.502,50","2.488,00","","-0,22%"
"22.09.2017","2.502,20","2.497,30","2.503,50","2.496,50","","0,06%"
"21.09.2017","2.500,60","2.507,20","2.507,20","2.499,00","","-0,30%"
"20.09.2017","2.508,20","2.506,80","2.508,80","2.496,70","","0,06%"
"19.09.2017","2.506,70","2.506,30","2.507,80","2.503,20","","0,11%"
"18.09.2017","2.503,90","2.502,50","2.508,30","2.499,90","","0,15%"
"15.09.2017","2.500,20","2.495,70","2.500,20","2.493,20","","0,18%"
"14.09.2017","2.495,60","2.494,60","2.498,40","2.491,30","","-0,11%"
"13.09.2017","2.498,40","2.493,90","2.498,40","2.492,10","","0,08%"
"12.09.2017","2.496,50","2.491,90","2.496,80","2.490,40","","0,34%"
"11.09.2017","2.488,10","2.474,50","2.488,90","2.474,50","","1,08%"
"08.09.2017","2.461,40","2.462,20","2.467,10","2.459,40","","-0,15%"
"07.09.2017","2.465,10","2.468,10","2.468,60","2.460,30","","-0,02%"
"06.09.2017","2.465,50","2.463,80","2.469,60","2.459,20","","0,31%"
"05.09.2017","2.457,80","2.470,30","2.472,00","2.446,60","","-0,76%"
"01.09.2017","2.476,60","2.474,40","2.480,40","2.473,80","","0,20%"
"31.08.2017","2.471,70","2.462,70","2.475,00","2.462,70","","0,57%"
"30.08.2017","2.457,60","2.446,10","2.460,30","2.443,80","","0,46%"
"29.08.2017","2.446,30","2.431,90","2.449,20","2.428,20","","0,09%"
"28.08.2017","2.444,20","2.447,30","2.449,10","2.439,00","","0,05%"
"25.08.2017","2.443,10","2.444,70","2.454,00","2.442,20","","0,17%"
"24.08.2017","2.439,00","2.447,90","2.450,40","2.436,20","","-0,20%"
"23.08.2017","2.444,00","2.444,90","2.448,90","2.441,40","","-0,35%"
"22.08.2017","2.452,50","2.433,80","2.454,80","2.433,70","","0,99%"
"21.08.2017","2.428,40","2.425,50","2.430,60","2.417,30","","0,12%"
"18.08.2017","2.425,60","2.427,60","2.440,30","2.420,70","","-0,18%"
"17.08.2017","2.430,00","2.462,90","2.465,00","2.430,00","","-1,54%"
"16.08.2017","2.468,10","2.468,60","2.474,90","2.463,90","","0,14%"
"15.08.2017","2.464,60","2.468,70","2.468,90","2.461,60","","-0,05%"
"14.08.2017","2.465,80","2.455,00","2.468,20","2.455,00","","1,00%"
"11.08.2017","2.441,30","2.441,00","2.448,10","2.437,80","","0,13%"
"10.08.2017","2.438,20","2.465,40","2.465,40","2.437,80","","-1,45%"
"09.08.2017","2.474,00","2.465,30","2.474,40","2.462,10","","-0,04%"
"08.08.2017","2.474,90","2.478,30","2.490,90","2.470,30","","-0,24%"
"07.08.2017","2.480,90","2.477,10","2.480,90","2.475,90","","0,17%"
"04.08.2017","2.476,80","2.476,90","2.480,00","2.472,10","","0,19%"
"03.08.2017","2.472,20","2.476,00","2.476,00","2.468,80","","-0,22%"
"02.08.2017","2.477,60","2.480,40","2.480,40","2.466,50","","0,05%"
"01.08.2017","2.476,30","2.477,10","2.478,50","2.471,10","","0,24%"
"31.07.2017","2.470,30","2.475,90","2.478,00","2.468,50","","-0,07%"
"28.07.2017","2.472,10","2.469,10","2.473,50","2.464,70","","-0,13%"
"27.07.2017","2.475,40","2.482,80","2.484,00","2.459,90","","-0,10%"
"26.07.2017","2.477,80","2.480,00","2.481,70","2.474,90","","0,03%"
"25.07.2017","2.477,10","2.477,90","2.481,20","2.474,90","","0,29%"
"24.07.2017","2.469,90","2.472,00","2.473,10","2.466,30","","-0,11%"
"21.07.2017","2.472,50","2.467,40","2.472,50","2.465,10","","-0,04%"
"20.07.2017","2.473,40","2.475,60","2.477,60","2.468,40","","-0,02%"
"19.07.2017","2.473,80","2.463,80","2.473,80","2.463,80","","0,54%"
"18.07.2017","2.460,60","2.455,90","2.460,90","2.450,30","","0,06%"
"17.07.2017","2.459,10","2.459,50","2.462,80","2.457,20","","-0,01%"
"14.07.2017","2.459,30","2.449,20","2.463,50","2.446,70","","0,47%"
"13.07.2017","2.447,80","2.445,00","2.449,30","2.441,70","","0,19%"
"12.07.2017","2.443,20","2.435,80","2.445,80","2.435,80","","0,73%"
"11.07.2017","2.425,50","2.427,30","2.429,30","2.412,80","","-0,08%"
"10.07.2017","2.427,40","2.424,50","2.432,00","2.422,30","","0,09%"
"07.07.2017","2.425,20","2.413,50","2.426,90","2.413,50","","0,64%"
"06.07.2017","2.409,80","2.423,40","2.424,30","2.407,70","","-0,93%"
"05.07.2017","2.432,50","2.430,80","2.434,90","2.422,10","","0,14%"
"03.07.2017","2.429,00","2.431,40","2.439,20","2.428,70","","0,23%"
"30.06.2017","2.423,40","2.429,20","2.432,70","2.421,70","","0,15%"
"29.06.2017","2.419,70","2.442,40","2.442,70","2.405,70","","-0,86%"
"28.06.2017","2.440,70","2.428,70","2.443,00","2.428,00","","0,88%"
"27.06.2017","2.419,40","2.436,30","2.440,20","2.419,40","","-0,81%"
"26.06.2017","2.439,10","2.443,30","2.450,40","2.437,00","","0,03%"
"23.06.2017","2.438,30","2.434,70","2.441,40","2.431,10","","0,16%"
"22.06.2017","2.434,50","2.437,40","2.441,60","2.433,30","","-0,05%"
"21.06.2017","2.435,60","2.439,30","2.442,20","2.430,70","","-0,06%"
"20.06.2017","2.437,00","2.450,70","2.450,70","2.436,60","","-0,67%"
"19.06.2017","2.453,50","2.442,60","2.453,80","2.441,80","","0,83%"
"16.06.2017","2.433,20","2.431,20","2.433,20","2.422,90","","0,03%"
"15.06.2017","2.432,50","2.424,10","2.433,90","2.418,50","","-0,22%"
"14.06.2017","2.437,90","2.443,80","2.443,80","2.428,30","","-0,10%"
"13.06.2017","2.440,30","2.434,20","2.441,50","2.431,30","","0,45%"
"12.06.2017","2.429,40","2.425,90","2.430,40","2.420,00","","-0,10%"
"09.06.2017","2.431,80","2.436,40","2.446,20","2.415,70","","-0,08%"
"08.06.2017","2.433,80","2.434,30","2.439,30","2.427,90","","0,03%"
"07.06.2017","2.433,10","2.432,00","2.435,30","2.424,80","","0,16%"
"06.06.2017","2.429,30","2.431,90","2.436,20","2.428,10","","-0,28%"
"05.06.2017","2.436,10","2.437,80","2.439,60","2.434,30","","-0,12%"
"02.06.2017","2.439,10","2.431,30","2.440,20","2.427,70","","0,37%"
"01.06.2017","2.430,10","2.415,70","2.430,10","2.413,50","","0,76%"
"31.05.2017","2.411,80","2.415,60","2.416,00","2.403,60","","-0,05%"
"30.05.2017","2.412,90","2.411,70","2.415,30","2.409,40","","-0,12%"
"26.05.2017","2.415,80","2.414,50","2.416,70","2.412,20","","0,03%"
"25.05.2017","2.415,10","2.409,50","2.418,70","2.408,00","","0,45%"
"24.05.2017","2.404,40","2.401,40","2.405,60","2.398,00","","0,25%"
"23.05.2017","2.398,40","2.397,00","2.400,80","2.393,90","","0,18%"
"22.05.2017","2.394,00","2.387,20","2.395,50","2.386,90","","0,52%"
"19.05.2017","2.381,70","2.371,40","2.389,10","2.370,40","","0,68%"
"18.05.2017","2.365,70","2.354,70","2.375,70","2.352,70","","0,37%"
"17.05.2017","2.357,00","2.382,90","2.384,90","2.356,20","","-1,82%"
"16.05.2017","2.400,70","2.404,60","2.405,80","2.396,10","","-0,07%"
"15.05.2017","2.402,30","2.394,00","2.404,10","2.393,90","","0,48%"
"12.05.2017","2.390,90","2.392,40","2.392,40","2.387,20","","-0,15%"
"11.05.2017","2.394,40","2.394,80","2.395,70","2.381,70","","-0,22%"
"10.05.2017","2.399,60","2.396,80","2.399,70","2.392,80","","0,11%"
"09.05.2017","2.396,90","2.401,60","2.403,90","2.392,40","","-0,10%"
"08.05.2017","2.399,40","2.399,90","2.401,40","2.393,90","","0,00%"
"05.05.2017","2.399,30","2.392,40","2.399,30","2.389,40","","0,41%"
"04.05.2017","2.389,50","2.389,80","2.391,40","2.380,30","","0,06%"
"03.05.2017","2.388,10","2.386,50","2.389,80","2.379,80","","-0,13%"
"02.05.2017","2.391,20","2.391,10","2.392,90","2.385,80","","0,12%"
"01.05.2017","2.388,30","2.388,50","2.394,50","2.384,80","","0,17%"
"28.04.2017","2.384,20","2.393,70","2.393,70","2.382,40","","-0,19%"
"27.04.2017","2.388,80","2.389,70","2.392,10","2.382,70","","0,06%"
"26.04.2017","2.387,40","2.389,00","2.398,20","2.386,80","","-0,05%"
"25.04.2017","2.388,60","2.381,50","2.392,50","2.381,20","","0,61%"
"24.04.2017","2.374,20","2.370,30","2.377,00","2.369,20","","1,09%"
"21.04.2017","2.348,70","2.354,70","2.356,20","2.344,50","","-0,30%"
"20.04.2017","2.355,80","2.342,70","2.361,40","2.340,90","","0,75%"
"19.04.2017","2.338,20","2.346,80","2.352,60","2.335,10","","-0,17%"
"18.04.2017","2.342,20","2.342,50","2.348,30","2.334,50","","-0,29%"
"17.04.2017","2.349,00","2.332,60","2.349,10","2.332,50","","0,86%"
"13.04.2017","2.328,90","2.342,00","2.348,30","2.328,90","","-0,68%"
"12.04.2017","2.344,90","2.352,20","2.352,70","2.341,20","","-0,38%"
"11.04.2017","2.353,80","2.353,90","2.355,20","2.337,20","","-0,14%"
"10.04.2017","2.357,20","2.357,20","2.366,40","2.351,50","","0,07%"
"07.04.2017","2.355,50","2.356,60","2.363,80","2.350,70","","-0,08%"
"06.04.2017","2.357,50","2.353,80","2.364,20","2.348,90","","0,20%"
"05.04.2017","2.352,90","2.366,60","2.378,40","2.350,50","","-0,31%"
"04.04.2017","2.360,20","2.354,80","2.360,50","2.350,70","","0,06%"
"03.04.2017","2.358,80","2.362,30","2.365,90","2.344,70","","-0,17%"
"31.03.2017","2.362,70","2.364,80","2.370,30","2.362,60","","-0,23%"
"30.03.2017","2.368,10","2.361,30","2.370,40","2.358,60","","0,30%"
"29.03.2017","2.361,10","2.356,50","2.363,40","2.352,90","","0,11%"
"28.03.2017","2.358,60","2.339,80","2.363,80","2.337,60","","0,73%"
"27.03.2017","2.341,60","2.329,10","2.344,90","2.322,20","","-0,10%"
"24.03.2017","2.344,00","2.350,40","2.356,20","2.335,70","","-0,09%"
"23.03.2017","2.346,00","2.346,00","2.358,90","2.342,10","","-0,10%"
"22.03.2017","2.348,40","2.343,00","2.351,80","2.336,40","","0,19%"
"21.03.2017","2.344,00","2.379,30","2.381,90","2.341,90","","-1,24%"
"20.03.2017","2.373,50","2.378,20","2.379,60","2.369,70","","-0,20%"
"17.03.2017","2.378,20","2.383,70","2.385,70","2.377,60","","-0,13%"
"16.03.2017","2.381,40","2.387,70","2.388,10","2.377,20","","-0,16%"
"15.03.2017","2.385,30","2.370,30","2.390,00","2.368,90","","0,84%"
"14.03.2017","2.365,40","2.368,60","2.368,60","2.358,20","","-0,34%"
"13.03.2017","2.373,50","2.371,60","2.374,40","2.368,50","","0,04%"
"10.03.2017","2.372,60","2.372,50","2.376,90","2.363,00","","0,33%"
"09.03.2017","2.364,90","2.363,50","2.369,10","2.354,50","","0,08%"
"08.03.2017","2.363,00","2.369,80","2.373,10","2.361,00","","-0,23%"
"07.03.2017","2.368,40","2.370,70","2.375,10","2.365,50","","-0,29%"
"06.03.2017","2.375,30","2.375,20","2.378,80","2.368,00","","-0,33%"
"03.03.2017","2.383,10","2.380,90","2.383,90","2.375,40","","0,05%"
"02.03.2017","2.381,90","2.394,80","2.394,80","2.380,20","","-0,59%"
"01.03.2017","2.396,00","2.380,10","2.401,00","2.380,10","","1,37%"
"28.02.2017","2.363,60","2.366,10","2.367,80","2.359,00","","-0,26%"
"27.02.2017","2.369,80","2.365,20","2.371,50","2.361,90","","0,11%"
"24.02.2017","2.367,30","2.355,70","2.367,30","2.352,90","","0,15%"
"23.02.2017","2.363,80","2.367,50","2.368,30","2.355,10","","0,04%"
"22.02.2017","2.362,80","2.361,10","2.365,10","2.358,30","","-0,11%"
"21.02.2017","2.365,40","2.354,90","2.366,70","2.354,90","","0,60%"
"17.02.2017","2.351,20","2.343,00","2.351,20","2.339,60","","0,17%"
"16.02.2017","2.347,20","2.349,60","2.351,30","2.338,90","","-0,09%"
"15.02.2017","2.349,20","2.335,60","2.351,30","2.334,80","","0,50%"
"14.02.2017","2.337,60","2.326,10","2.337,60","2.322,20","","0,40%"
"13.02.2017","2.328,20","2.321,70","2.331,60","2.321,40","","0,52%"
"10.02.2017","2.316,10","2.312,30","2.319,20","2.311,10","","0,36%"
"09.02.2017","2.307,90","2.296,70","2.311,10","2.296,60","","0,58%"
"08.02.2017","2.294,70","2.289,60","2.295,90","2.285,40","","0,07%"
"07.02.2017","2.293,10","2.295,90","2.299,40","2.290,20","","0,02%"
"06.02.2017","2.292,60","2.294,30","2.296,20","2.288,60","","-0,21%"
"03.02.2017","2.297,40","2.288,50","2.298,30","2.287,90","","0,73%"
"02.02.2017","2.280,80","2.276,70","2.284,00","2.271,70","","0,05%"
"01.02.2017","2.279,60","2.285,60","2.289,10","2.272,40","","0,03%"
"31.01.2017","2.278,90","2.274,00","2.279,10","2.267,20","","-0,09%"
"30.01.2017","2.280,90","2.286,00","2.286,00","2.268,00","","-0,60%"
"27.01.2017","2.294,70","2.299,00","2.299,00","2.291,60","","-0,09%"
"26.01.2017","2.296,70","2.298,60","2.301,00","2.294,10","","-0,07%"
"25.01.2017","2.298,40","2.288,90","2.299,60","2.288,90","","0,80%"
"24.01.2017","2.280,10","2.267,90","2.284,60","2.266,70","","0,66%"
"23.01.2017","2.265,20","2.267,80","2.271,80","2.257,00","","-0,27%"
"20.01.2017","2.271,30","2.270,00","2.277,00","2.265,00","","0,34%"
"19.01.2017","2.263,70","2.271,90","2.274,30","2.258,40","","-0,36%"
"18.01.2017","2.271,90","2.269,10","2.272,00","2.263,30","","0,18%"
"17.01.2017","2.267,90","2.269,10","2.272,10","2.262,80","","-0,29%"
"13.01.2017","2.274,60","2.272,70","2.278,70","2.271,50","","0,18%"
"12.01.2017","2.270,40","2.271,10","2.271,80","2.254,20","","-0,22%"
"11.01.2017","2.275,30","2.268,60","2.275,30","2.260,80","","0,28%"
"10.01.2017","2.268,90","2.269,70","2.279,30","2.265,30","","0,00%"
"09.01.2017","2.268,90","2.273,60","2.275,50","2.268,90","","-0,36%"
"06.01.2017","2.277,00","2.271,10","2.282,10","2.264,10","","0,35%"
"05.01.2017","2.269,00","2.268,20","2.271,50","2.260,40","","-0,08%"
"04.01.2017","2.270,80","2.261,60","2.272,80","2.261,60","","0,58%"
"03.01.2017","2.257,80","2.251,60","2.263,90","2.245,10","","0,85%"
"30.12.2016","2.238,80","2.251,60","2.253,60","2.233,60","","-0,47%"
"29.12.2016","2.249,30","2.249,50","2.254,50","2.244,60","","-0,03%"
"28.12.2016","2.249,90","2.270,20","2.271,30","2.249,10","","-0,84%"
"27.12.2016","2.268,90","2.266,20","2.273,80","2.266,20","","0,23%"
"23.12.2016","2.263,80","2.260,20","2.263,80","2.258,80","","0,12%"
"22.12.2016","2.261,00","2.262,90","2.263,20","2.256,10","","-0,19%"
"21.12.2016","2.265,20","2.270,50","2.271,20","2.265,20","","-0,25%"
"20.12.2016","2.270,80","2.266,50","2.272,60","2.266,10","","0,37%"
"19.12.2016","2.262,50","2.259,20","2.267,50","2.258,20","","0,19%"
"16.12.2016","2.258,10","2.266,80","2.268,10","2.254,20","","-0,17%"
"15.12.2016","2.262,00","2.253,80","2.272,10","2.253,80","","0,39%"
"14.12.2016","2.253,30","2.268,30","2.276,20","2.248,40","","-0,81%"
"13.12.2016","2.271,70","2.263,30","2.277,50","2.263,30","","0,65%"
"12.12.2016","2.257,00","2.258,80","2.264,00","2.252,40","","-0,11%"
"09.12.2016","2.259,50","2.249,70","2.259,80","2.249,20","","0,59%"
"08.12.2016","2.246,20","2.241,10","2.251,70","2.237,60","","0,22%"
"07.12.2016","2.241,30","2.210,70","2.241,60","2.208,90","","1,32%"
"06.12.2016","2.212,20","2.207,30","2.212,80","2.202,20","","0,34%"
"05.12.2016","2.204,70","2.200,70","2.209,40","2.200,00","","0,58%"
"02.12.2016","2.191,90","2.191,10","2.197,90","2.188,40","","0,04%"
"01.12.2016","2.191,10","2.200,20","2.202,60","2.187,40","","-0,35%"
"30.11.2016","2.198,80","2.205,00","2.214,10","2.198,80","","-0,27%"
"29.11.2016","2.204,70","2.200,80","2.210,50","2.198,20","","0,14%"
"28.11.2016","2.201,70","2.210,20","2.211,10","2.200,40","","-0,52%"
"25.11.2016","2.213,30","2.206,30","2.213,30","2.206,30","","0,39%"
"23.11.2016","2.204,70","2.198,60","2.204,70","2.194,50","","0,08%"
"22.11.2016","2.202,90","2.201,60","2.204,80","2.194,50","","0,21%"
"21.11.2016","2.198,20","2.186,40","2.198,70","2.186,40","","0,75%"
"18.11.2016","2.181,90","2.186,80","2.189,90","2.180,40","","-0,24%"
"17.11.2016","2.187,10","2.178,60","2.188,10","2.176,70","","0,47%"
"16.11.2016","2.176,90","2.177,50","2.179,20","2.172,20","","-0,16%"
"15.11.2016","2.180,40","2.168,30","2.180,80","2.166,40","","0,75%"
"14.11.2016","2.164,20","2.165,60","2.171,40","2.156,10","","-0,01%"
"11.11.2016","2.164,40","2.162,70","2.165,90","2.152,50","","-0,14%"
"10.11.2016","2.167,50","2.167,50","2.182,30","2.151,20","","0,19%"
"09.11.2016","2.163,30","2.131,60","2.170,10","2.125,30","","1,11%"
"08.11.2016","2.139,60","2.129,90","2.146,90","2.123,60","","0,38%"
"07.11.2016","2.131,50","2.100,60","2.132,00","2.100,60","","2,22%"
"04.11.2016","2.085,20","2.083,80","2.099,10","2.083,80","","-0,17%"
"03.11.2016","2.088,70","2.098,80","2.102,60","2.085,20","","-0,44%"
"02.11.2016","2.097,90","2.109,40","2.111,80","2.094,00","","-0,65%"
"01.11.2016","2.111,70","2.128,70","2.131,40","2.097,80","","-0,68%"
"31.10.2016","2.126,20","2.129,80","2.133,20","2.125,50","","-0,01%"
"28.10.2016","2.126,40","2.132,20","2.140,70","2.119,40","","-0,31%"
"27.10.2016","2.133,00","2.144,10","2.147,10","2.132,50","","-0,30%"
"26.10.2016","2.139,40","2.137,00","2.145,70","2.131,60","","-0,18%"
"25.10.2016","2.143,20","2.149,70","2.151,40","2.141,90","","-0,38%"
"24.10.2016","2.151,30","2.148,50","2.154,80","2.146,90","","0,47%"
"21.10.2016","2.141,20","2.139,40","2.142,60","2.130,10","","0,00%"
"20.10.2016","2.141,30","2.142,50","2.147,20","2.133,40","","-0,14%"
"19.10.2016","2.144,30","2.140,80","2.148,40","2.138,20","","0,22%"
"18.10.2016","2.139,60","2.138,30","2.144,40","2.135,50","","0,62%"
"17.10.2016","2.126,50","2.132,90","2.135,60","2.124,40","","-0,30%"
"14.10.2016","2.133,00","2.139,70","2.149,20","2.133,00","","0,02%"
"13.10.2016","2.132,60","2.130,30","2.138,20","2.114,70","","-0,31%"
"12.10.2016","2.139,20","2.137,70","2.145,40","2.132,80","","0,12%"
"11.10.2016","2.136,70","2.161,30","2.161,60","2.128,80","","-1,25%"
"10.10.2016","2.163,70","2.160,40","2.169,60","2.160,40","","0,46%"
"07.10.2016","2.153,70","2.164,20","2.165,90","2.144,80","","-0,33%"
"06.10.2016","2.160,80","2.158,20","2.162,90","2.150,30","","0,05%"
"05.10.2016","2.159,70","2.155,20","2.163,90","2.155,20","","0,43%"
"04.10.2016","2.150,50","2.163,40","2.165,50","2.144,00","","-0,50%"
"03.10.2016","2.161,20","2.164,30","2.164,40","2.154,80","","-0,33%"
"30.09.2016","2.168,30","2.156,50","2.175,30","2.156,50","","0,80%"
"29.09.2016","2.151,10","2.168,90","2.172,70","2.145,20","","-0,93%"
"28.09.2016","2.171,40","2.161,80","2.172,40","2.151,80","","0,53%"
"27.09.2016","2.159,90","2.146,00","2.161,10","2.141,60","","0,64%"
"26.09.2016","2.146,10","2.158,50","2.158,50","2.145,00","","-0,86%"
"23.09.2016","2.164,70","2.173,30","2.173,80","2.164,00","","-0,57%"
"22.09.2016","2.177,20","2.170,90","2.180,00","2.170,90","","0,65%"
"21.09.2016","2.163,10","2.144,60","2.165,10","2.139,60","","1,09%"
"20.09.2016","2.139,80","2.145,90","2.150,80","2.139,20","","0,03%"
"19.09.2016","2.139,10","2.144,00","2.153,60","2.135,90","","0,00%"
"16.09.2016","2.139,20","2.146,50","2.146,50","2.131,20","","-0,38%"
"15.09.2016","2.147,30","2.125,40","2.151,30","2.122,40","","1,01%"
"14.09.2016","2.125,80","2.127,90","2.141,30","2.119,90","","-0,06%"
"13.09.2016","2.127,00","2.150,50","2.150,50","2.120,30","","-1,48%"
"12.09.2016","2.159,00","2.120,90","2.163,30","2.119,10","","1,47%"
"09.09.2016","2.127,80","2.169,10","2.169,10","2.127,80","","-2,45%"
"08.09.2016","2.181,30","2.182,80","2.184,90","2.177,50","","-0,22%"
"07.09.2016","2.186,20","2.185,20","2.187,90","2.179,10","","-0,01%"
"06.09.2016","2.186,50","2.181,60","2.186,60","2.175,10","","0,30%"
"02.09.2016","2.180,00","2.177,50","2.184,90","2.173,60","","0,42%"
"01.09.2016","2.170,90","2.171,30","2.173,60","2.157,10","","0,00%"
"31.08.2016","2.170,90","2.173,60","2.173,80","2.161,30","","-0,24%"
"30.08.2016","2.176,10","2.179,40","2.182,30","2.170,40","","-0,20%"
"29.08.2016","2.180,40","2.170,20","2.183,50","2.170,20","","0,53%"
"26.08.2016","2.169,00","2.175,10","2.187,90","2.160,40","","-0,16%"
"25.08.2016","2.172,50","2.173,30","2.179,00","2.169,70","","-0,13%"
"24.08.2016","2.175,40","2.185,10","2.186,70","2.171,20","","-0,53%"
"23.08.2016","2.186,90","2.187,80","2.193,40","2.186,80","","0,20%"
"22.08.2016","2.182,60","2.181,60","2.185,20","2.176,00","","-0,06%"
"19.08.2016","2.183,90","2.184,20","2.185,00","2.175,10","","-0,14%"
"18.08.2016","2.187,00","2.181,90","2.187,00","2.180,50","","0,22%"
"17.08.2016","2.182,20","2.177,80","2.183,10","2.168,50","","0,18%"
"16.08.2016","2.178,20","2.186,20","2.186,20","2.178,10","","-0,55%"
"15.08.2016","2.190,20","2.186,10","2.193,80","2.186,10","","0,28%"
"12.08.2016","2.184,10","2.183,70","2.186,30","2.179,40","","-0,08%"
"11.08.2016","2.185,80","2.178,00","2.188,40","2.178,00","","0,47%"
"10.08.2016","2.175,50","2.182,80","2.183,40","2.172,00","","-0,28%"
"09.08.2016","2.181,70","2.182,20","2.187,70","2.178,60","","0,04%"
"08.08.2016","2.180,90","2.183,80","2.185,40","2.177,80","","-0,09%"
"05.08.2016","2.182,90","2.168,80","2.182,90","2.168,80","","0,86%"
"04.08.2016","2.164,20","2.163,50","2.168,20","2.159,10","","0,02%"
"03.08.2016","2.163,80","2.156,80","2.163,80","2.152,60","","0,32%"
"02.08.2016","2.157,00","2.169,90","2.170,20","2.147,60","","-0,64%"
"01.08.2016","2.170,80","2.173,20","2.178,30","2.166,20","","-0,13%"
"29.07.2016","2.173,60","2.168,80","2.177,10","2.163,50","","0,16%"
"28.07.2016","2.170,10","2.166,10","2.172,80","2.159,70","","0,16%"
"27.07.2016","2.166,60","2.169,80","2.175,00","2.159,10","","-0,12%"
"26.07.2016","2.169,20","2.169,00","2.173,50","2.160,20","","0,03%"
"25.07.2016","2.168,50","2.173,70","2.173,70","2.161,90","","-0,30%"
"22.07.2016","2.175,00","2.166,50","2.175,10","2.163,20","","0,45%"
"21.07.2016","2.165,20","2.172,90","2.174,60","2.159,80","","-0,36%"
"20.07.2016","2.173,00","2.166,10","2.175,60","2.164,90","","0,43%"
"19.07.2016","2.163,80","2.163,80","2.164,60","2.159,00","","-0,14%"
"18.07.2016","2.166,90","2.162,00","2.168,30","2.159,60","","0,24%"
"15.07.2016","2.161,70","2.165,10","2.169,10","2.155,80","","-0,10%"
"14.07.2016","2.163,80","2.157,90","2.169,00","2.157,90","","0,53%"
"13.07.2016","2.152,40","2.153,80","2.156,40","2.146,20","","0,01%"
"12.07.2016","2.152,10","2.139,50","2.155,40","2.139,50","","0,70%"
"11.07.2016","2.137,20","2.131,70","2.143,20","2.131,70","","0,34%"
"08.07.2016","2.129,90","2.107,00","2.131,70","2.107,00","","1,53%"
"07.07.2016","2.097,90","2.100,40","2.109,10","2.089,40","","-0,09%"
"06.07.2016","2.099,70","2.084,40","2.100,70","2.074,00","","0,53%"
"05.07.2016","2.088,60","2.095,10","2.095,10","2.080,90","","-0,68%"
"01.07.2016","2.102,90","2.099,30","2.108,70","2.097,90","","0,19%"
"30.06.2016","2.098,90","2.073,20","2.098,90","2.070,00","","1,36%"
"29.06.2016","2.070,80","2.042,70","2.073,10","2.042,70","","1,70%"
"28.06.2016","2.036,10","2.006,70","2.036,10","2.006,70","","1,78%"
"27.06.2016","2.000,50","2.031,50","2.031,50","1.991,70","","-1,81%"
"24.06.2016","2.037,40","2.103,80","2.103,80","2.032,60","","-3,59%"
"23.06.2016","2.113,30","2.092,80","2.113,30","2.092,80","","1,34%"
"22.06.2016","2.085,40","2.089,80","2.099,70","2.084,40","","-0,17%"
"21.06.2016","2.088,90","2.085,20","2.093,70","2.083,00","","0,27%"
"20.06.2016","2.083,20","2.075,60","2.100,70","2.075,60","","0,58%"
"17.06.2016","2.071,20","2.078,20","2.078,20","2.062,80","","-0,33%"
"16.06.2016","2.078,00","2.066,40","2.079,60","2.050,40","","0,31%"
"15.06.2016","2.071,50","2.077,60","2.085,70","2.069,80","","-0,18%"
"14.06.2016","2.075,30","2.076,70","2.081,30","2.064,10","","-0,18%"
"13.06.2016","2.079,10","2.091,80","2.098,10","2.078,50","","-0,81%"
"10.06.2016","2.096,10","2.109,60","2.109,60","2.090,00","","-0,92%"
"09.06.2016","2.115,50","2.115,70","2.117,60","2.107,70","","-0,17%"
"08.06.2016","2.119,10","2.112,70","2.120,60","2.112,70","","0,33%"
"07.06.2016","2.112,10","2.110,20","2.119,20","2.110,20","","0,13%"
"06.06.2016","2.109,40","2.100,80","2.113,40","2.100,80","","0,49%"
"03.06.2016","2.099,10","2.104,10","2.104,10","2.085,40","","-0,29%"
"02.06.2016","2.105,30","2.097,70","2.105,30","2.088,60","","0,29%"
"01.06.2016","2.099,30","2.093,90","2.101,00","2.085,10","","0,11%"
"31.05.2016","2.097,00","2.100,10","2.103,50","2.088,70","","-0,10%"
"27.05.2016","2.099,10","2.090,10","2.099,10","2.090,10","","0,43%"
"26.05.2016","2.090,10","2.091,40","2.094,30","2.087,10","","-0,02%"
"25.05.2016","2.090,50","2.078,90","2.094,70","2.078,90","","0,69%"
"24.05.2016","2.076,10","2.052,70","2.079,70","2.052,70","","1,37%"
"23.05.2016","2.048,00","2.052,20","2.055,60","2.047,30","","-0,21%"
"20.05.2016","2.052,30","2.041,90","2.058,30","2.041,90","","0,60%"
"19.05.2016","2.040,00","2.044,20","2.044,20","2.025,90","","-0,37%"
"18.05.2016","2.047,60","2.044,40","2.060,60","2.034,50","","0,02%"
"17.05.2016","2.047,20","2.065,00","2.065,70","2.040,80","","-0,94%"
"16.05.2016","2.066,70","2.046,50","2.071,90","2.046,50","","0,98%"
"13.05.2016","2.046,60","2.062,50","2.066,80","2.043,10","","-0,85%"
"12.05.2016","2.064,10","2.067,20","2.074,00","2.053,10","","-0,02%"
"11.05.2016","2.064,50","2.083,30","2.083,30","2.064,50","","-0,95%"
"10.05.2016","2.084,40","2.062,60","2.084,90","2.062,60","","1,25%"
"09.05.2016","2.058,70","2.057,60","2.064,20","2.054,30","","0,08%"
"06.05.2016","2.057,10","2.047,80","2.057,70","2.039,50","","0,32%"
"05.05.2016","2.050,60","2.052,90","2.060,20","2.045,80","","-0,02%"
"04.05.2016","2.051,10","2.060,30","2.060,30","2.045,50","","-0,60%"
"03.05.2016","2.063,40","2.077,20","2.077,20","2.054,90","","-0,86%"
"02.05.2016","2.081,40","2.067,20","2.083,40","2.066,10","","0,78%"
"29.04.2016","2.065,30","2.071,80","2.073,80","2.052,30","","-0,51%"
"28.04.2016","2.075,80","2.090,90","2.099,30","2.071,60","","-0,93%"
"27.04.2016","2.095,20","2.092,30","2.099,90","2.082,30","","0,17%"
"26.04.2016","2.091,70","2.089,80","2.096,90","2.085,80","","0,19%"
"25.04.2016","2.087,80","2.089,40","2.089,40","2.077,50","","-0,18%"
"22.04.2016","2.091,60","2.091,50","2.094,30","2.081,20","","0,00%"
"21.04.2016","2.091,50","2.102,10","2.103,80","2.088,50","","-0,52%"
"20.04.2016","2.102,40","2.101,50","2.111,10","2.096,30","","0,08%"
"19.04.2016","2.100,80","2.096,10","2.104,10","2.091,70","","0,31%"
"18.04.2016","2.094,30","2.078,80","2.094,70","2.073,70","","0,65%"
"15.04.2016","2.080,70","2.083,10","2.083,20","2.076,30","","-0,10%"
"14.04.2016","2.082,80","2.082,90","2.087,80","2.078,10","","0,02%"
"13.04.2016","2.082,40","2.065,90","2.083,20","2.065,90","","1,00%"
"12.04.2016","2.061,70","2.043,70","2.065,10","2.039,70","","0,96%"
"11.04.2016","2.042,00","2.050,20","2.062,90","2.041,90","","-0,27%"
"08.04.2016","2.047,60","2.045,50","2.060,60","2.041,70","","0,28%"
"07.04.2016","2.041,90","2.063,00","2.063,00","2.033,80","","-1,20%"
"06.04.2016","2.066,70","2.045,60","2.067,30","2.043,10","","1,05%"
"05.04.2016","2.045,20","2.062,50","2.062,50","2.042,60","","-1,01%"
"04.04.2016","2.066,10","2.073,20","2.074,00","2.062,60","","-0,32%"
"01.04.2016","2.072,80","2.056,60","2.075,10","2.044,00","","0,64%"
"31.03.2016","2.059,70","2.063,80","2.067,90","2.057,50","","-0,20%"
"30.03.2016","2.063,90","2.058,30","2.072,20","2.058,30","","0,43%"
"29.03.2016","2.055,00","2.035,80","2.055,90","2.028,30","","0,88%"
"28.03.2016","2.037,00","2.037,90","2.042,70","2.032,00","","0,05%"
"24.03.2016","2.035,90","2.032,50","2.036,00","2.022,50","","-0,04%"
"23.03.2016","2.036,70","2.048,60","2.048,60","2.034,90","","-0,64%"
"22.03.2016","2.049,80","2.048,60","2.056,60","2.040,60","","-0,09%"
"21.03.2016","2.051,60","2.047,90","2.053,90","2.043,10","","0,10%"
"18.03.2016","2.049,60","2.041,20","2.052,40","2.041,20","","0,44%"
"17.03.2016","2.040,60","2.026,90","2.046,20","2.022,20","","0,66%"
"16.03.2016","2.027,20","2.014,20","2.032,00","2.010,00","","0,56%"
"15.03.2016","2.015,90","2.015,30","2.015,90","2.005,20","","-0,18%"
"14.03.2016","2.019,60","2.019,30","2.024,60","2.012,00","","-0,13%"
"11.03.2016","2.022,20","1.994,70","2.022,40","1.994,70","","1,64%"
"10.03.2016","1.989,60","1.991,00","2.005,10","1.969,20","","0,02%"
"09.03.2016","1.989,30","1.981,40","1.992,70","1.979,80","","0,51%"
"08.03.2016","1.979,30","1.996,90","1.996,90","1.977,40","","-1,12%"
"07.03.2016","2.001,80","1.996,10","2.006,10","1.989,40","","0,09%"
"04.03.2016","2.000,00","1.994,00","2.009,10","1.986,80","","0,33%"
"03.03.2016","1.993,40","1.985,60","1.993,70","1.977,40","","0,35%"
"02.03.2016","1.986,50","1.976,60","1.986,50","1.968,80","","0,41%"
"01.03.2016","1.978,30","1.937,10","1.978,30","1.937,10","","2,39%"
"29.02.2016","1.932,20","1.947,10","1.958,30","1.931,80","","-0,81%"
"26.02.2016","1.948,00","1.955,00","1.963,00","1.945,80","","-0,19%"
"25.02.2016","1.951,70","1.931,90","1.951,80","1.925,40","","1,13%"
"24.02.2016","1.929,80","1.917,60","1.932,10","1.891,00","","0,44%"
"23.02.2016","1.921,30","1.942,40","1.942,40","1.919,40","","-1,24%"
"22.02.2016","1.945,50","1.924,40","1.946,70","1.924,40","","1,44%"
"19.02.2016","1.917,80","1.916,70","1.918,80","1.902,20","","0,00%"
"18.02.2016","1.917,80","1.927,60","1.930,00","1.915,10","","-0,47%"
"17.02.2016","1.926,80","1.898,80","1.930,70","1.898,80","","1,65%"
"16.02.2016","1.895,60","1.871,40","1.895,80","1.871,40","","1,65%"
"12.02.2016","1.864,80","1.833,40","1.864,80","1.833,40","","1,95%"
"11.02.2016","1.829,10","1.847,00","1.847,00","1.810,10","","-1,23%"
"10.02.2016","1.851,90","1.857,10","1.881,60","1.850,30","","-0,02%"
"09.02.2016","1.852,20","1.848,50","1.868,20","1.834,90","","-0,06%"
"08.02.2016","1.853,40","1.873,20","1.873,20","1.828,50","","-1,41%"
"05.02.2016","1.880,00","1.913,10","1.913,10","1.872,70","","-1,85%"
"04.02.2016","1.915,50","1.911,70","1.927,30","1.900,50","","0,16%"
"03.02.2016","1.912,50","1.907,10","1.918,00","1.872,20","","0,50%"
"02.02.2016","1.903,00","1.935,30","1.935,30","1.897,30","","-1,88%"
"01.02.2016","1.939,40","1.936,90","1.947,20","1.920,30","","-0,04%"
"29.01.2016","1.940,20","1.894,00","1.940,20","1.894,00","","2,47%"
"28.01.2016","1.893,40","1.885,20","1.903,00","1.873,70","","0,55%"
"27.01.2016","1.883,00","1.902,50","1.917,00","1.872,70","","-1,08%"
"26.01.2016","1.903,60","1.878,80","1.906,70","1.878,80","","1,41%"
"25.01.2016","1.877,10","1.906,30","1.906,30","1.876,00","","-1,56%"
"22.01.2016","1.906,90","1.877,40","1.908,80","1.877,40","","2,03%"
"21.01.2016","1.869,00","1.861,50","1.889,80","1.849,00","","0,52%"
"20.01.2016","1.859,30","1.876,20","1.876,20","1.812,30","","-1,17%"
"19.01.2016","1.881,30","1.888,70","1.901,40","1.864,60","","0,05%"
"15.01.2016","1.880,30","1.916,70","1.916,70","1.857,80","","-2,16%"
"14.01.2016","1.921,80","1.891,70","1.934,50","1.878,90","","1,67%"
"13.01.2016","1.890,30","1.940,30","1.950,30","1.886,40","","-2,50%"
"12.01.2016","1.938,70","1.927,80","1.947,40","1.914,30","","0,78%"
"11.01.2016","1.923,70","1.926,10","1.935,70","1.901,10","","0,09%"
"08.01.2016","1.922,00","1.946,00","1.960,40","1.918,50","","-1,09%"
"07.01.2016","1.943,10","1.985,30","1.985,30","1.938,80","","-2,37%"
"06.01.2016","1.990,30","2.011,70","2.011,70","1.979,00","","-1,31%"
"05.01.2016","2.016,70","2.013,80","2.021,90","2.004,20","","0,20%"
"04.01.2016","2.012,70","2.038,20","2.038,20","1.989,70","","-1,53%"
"31.12.2015","2.043,90","2.060,60","2.062,50","2.043,60","","-0,95%"
"30.12.2015","2.063,40","2.077,30","2.077,30","2.062,00","","-0,72%"
"29.12.2015","2.078,40","2.060,50","2.081,60","2.060,50","","1,06%"
"28.12.2015","2.056,50","2.057,80","2.057,80","2.044,20","","-0,22%"
"24.12.2015","2.061,00","2.063,50","2.067,40","2.058,70","","-0,16%"
"23.12.2015","2.064,30","2.042,20","2.064,70","2.042,20","","1,24%"
"22.12.2015","2.039,00","2.023,20","2.042,70","2.020,50","","0,88%"
"21.12.2015","2.021,20","2.010,30","2.022,90","2.005,90","","0,78%"
"18.12.2015","2.005,50","2.040,80","2.040,80","2.005,30","","-1,78%"
"17.12.2015","2.041,90","2.073,80","2.076,40","2.041,70","","-1,50%"
"16.12.2015","2.073,10","2.046,50","2.076,70","2.042,40","","1,45%"
"15.12.2015","2.043,40","2.025,50","2.053,90","2.025,50","","1,06%"
"14.12.2015","2.021,90","2.013,40","2.022,90","1.993,30","","0,47%"
"11.12.2015","2.012,40","2.047,30","2.047,30","2.008,80","","-1,94%"
"10.12.2015","2.052,20","2.047,90","2.067,70","2.045,70","","0,22%"
"09.12.2015","2.047,60","2.061,20","2.080,30","2.036,50","","-0,78%"
"08.12.2015","2.063,60","2.073,40","2.073,80","2.052,30","","-0,65%"
"07.12.2015","2.077,10","2.090,40","2.090,40","2.066,80","","-0,70%"
"04.12.2015","2.091,70","2.051,20","2.093,80","2.051,20","","2,05%"
"03.12.2015","2.049,60","2.080,70","2.085,00","2.042,30","","-1,44%"
"02.12.2015","2.079,50","2.101,70","2.104,30","2.077,10","","-1,10%"
"01.12.2015","2.102,60","2.082,90","2.103,40","2.082,90","","1,07%"
"30.11.2015","2.080,40","2.090,90","2.093,80","2.080,40","","-0,46%"
"27.11.2015","2.090,10","2.088,80","2.093,30","2.084,10","","0,06%"
"25.11.2015","2.088,90","2.089,30","2.093,00","2.086,30","","-0,01%"
"24.11.2015","2.089,10","2.084,40","2.094,10","2.070,30","","0,12%"
"23.11.2015","2.086,60","2.089,40","2.095,60","2.081,40","","-0,12%"
"20.11.2015","2.089,20","2.082,80","2.097,10","2.082,80","","0,38%"
"19.11.2015","2.081,20","2.083,70","2.086,70","2.078,80","","-0,12%"
"18.11.2015","2.083,60","2.052,00","2.085,30","2.052,00","","1,62%"
"17.11.2015","2.050,40","2.053,70","2.066,70","2.045,90","","-0,14%"
"16.11.2015","2.053,20","2.022,10","2.053,20","2.019,40","","1,49%"
"13.11.2015","2.023,00","2.044,60","2.044,60","2.022,00","","-1,12%"
"12.11.2015","2.046,00","2.072,30","2.072,30","2.045,70","","-1,40%"
"11.11.2015","2.075,00","2.083,40","2.086,90","2.074,80","","-0,32%"
"10.11.2015","2.081,70","2.077,20","2.083,70","2.069,90","","0,15%"
"09.11.2015","2.078,60","2.096,60","2.096,60","2.068,20","","-0,98%"
"06.11.2015","2.099,20","2.098,60","2.101,90","2.083,70","","-0,03%"
"05.11.2015","2.099,90","2.101,70","2.108,80","2.090,40","","-0,11%"
"04.11.2015","2.102,30","2.110,60","2.114,60","2.097,00","","-0,36%"
"03.11.2015","2.109,80","2.102,60","2.116,50","2.097,50","","0,27%"
"02.11.2015","2.104,10","2.080,80","2.106,20","2.080,80","","1,19%"
"30.10.2015","2.079,40","2.090,00","2.094,30","2.079,30","","-0,48%"
"29.10.2015","2.089,40","2.088,30","2.092,50","2.082,60","","-0,04%"
"28.10.2015","2.090,30","2.066,50","2.090,30","2.063,10","","1,18%"
"27.10.2015","2.065,90","2.068,80","2.070,40","2.058,80","","-0,26%"
"26.10.2015","2.071,20","2.075,10","2.075,10","2.066,50","","-0,19%"
"23.10.2015","2.075,20","2.058,20","2.079,70","2.058,20","","1,11%"
"22.10.2015","2.052,50","2.021,90","2.055,20","2.021,90","","1,66%"
"21.10.2015","2.018,90","2.033,50","2.038,00","2.017,20","","-0,59%"
"20.10.2015","2.030,80","2.033,10","2.039,10","2.026,60","","-0,14%"
"19.10.2015","2.033,70","2.031,70","2.034,50","2.022,30","","0,03%"
"16.10.2015","2.033,10","2.024,40","2.033,50","2.020,50","","0,45%"
"15.10.2015","2.023,90","1.996,50","2.024,20","1.996,50","","1,49%"
"14.10.2015","1.994,20","2.003,70","2.009,60","1.990,70","","-0,47%"
"13.10.2015","2.003,70","2.015,00","2.022,30","2.001,80","","-0,68%"
"12.10.2015","2.017,50","2.015,70","2.018,70","2.010,50","","0,13%"
"09.10.2015","2.014,90","2.013,70","2.020,10","2.007,60","","0,07%"
"08.10.2015","2.013,40","1.994,00","2.016,50","1.987,50","","0,88%"
"07.10.2015","1.995,80","1.982,30","1.999,30","1.976,40","","0,80%"
"06.10.2015","1.979,90","1.986,60","1.991,60","1.972,00","","-0,36%"
"05.10.2015","1.987,00","1.954,30","1.989,20","1.954,30","","1,82%"
"02.10.2015","1.951,40","1.921,80","1.951,40","1.893,70","","1,43%"
"01.10.2015","1.923,80","1.919,70","1.927,20","1.900,70","","0,20%"
"30.09.2015","1.920,00","1.887,10","1.920,50","1.887,10","","1,91%"
"29.09.2015","1.884,10","1.881,90","1.899,50","1.871,90","","0,12%"
"28.09.2015","1.881,80","1.929,20","1.929,20","1.879,20","","-2,56%"
"25.09.2015","1.931,30","1.935,90","1.952,90","1.921,50","","-0,05%"
"24.09.2015","1.932,20","1.934,80","1.937,20","1.908,90","","-0,34%"
"23.09.2015","1.938,80","1.943,20","1.949,50","1.932,60","","-0,20%"
"22.09.2015","1.942,70","1.961,40","1.961,40","1.929,20","","-1,24%"
"21.09.2015","1.967,00","1.960,80","1.979,60","1.955,80","","0,46%"
"18.09.2015","1.958,00","1.989,70","1.989,70","1.953,50","","-1,62%"
"17.09.2015","1.990,20","1.995,30","2.020,90","1.986,70","","-0,26%"
"16.09.2015","1.995,30","1.978,00","1.997,30","1.977,90","","0,87%"
"15.09.2015","1.978,10","1.955,10","1.983,20","1.954,30","","1,29%"
"14.09.2015","1.953,00","1.963,10","1.963,10","1.948,30","","-0,41%"
"11.09.2015","1.961,00","1.951,50","1.961,00","1.939,20","","0,45%"
"10.09.2015","1.952,30","1.941,60","1.965,30","1.937,20","","0,53%"
"09.09.2015","1.942,00","1.971,50","1.988,60","1.937,90","","-1,39%"
"08.09.2015","1.969,40","1.927,30","1.970,40","1.927,30","","2,51%"
"04.09.2015","1.921,20","1.947,80","1.947,80","1.911,20","","-1,53%"
"03.09.2015","1.951,10","1.950,80","1.975,00","1.944,70","","0,11%"
"02.09.2015","1.948,90","1.916,50","1.948,90","1.916,50","","1,83%"
"01.09.2015","1.913,80","1.970,10","1.970,10","1.903,10","","-2,96%"
"31.08.2015","1.972,20","1.986,70","1.986,70","1.966,00","","-0,84%"
"28.08.2015","1.988,90","1.986,10","1.993,50","1.975,20","","0,06%"
"27.08.2015","1.987,70","1.942,80","1.989,60","1.942,80","","2,43%"
"26.08.2015","1.940,50","1.872,80","1.943,10","1.872,80","","3,90%"
"25.08.2015","1.867,60","1.898,10","1.948,00","1.867,10","","-1,35%"
"24.08.2015","1.893,20","1.965,20","1.965,20","1.867,00","","-3,94%"
"21.08.2015","1.970,90","2.034,10","2.034,10","1.970,90","","-3,18%"
"20.08.2015","2.035,70","2.076,60","2.076,60","2.035,70","","-2,11%"
"19.08.2015","2.079,60","2.095,70","2.096,20","2.070,50","","-0,83%"
"18.08.2015","2.096,90","2.102,00","2.103,50","2.094,10","","-0,26%"
"17.08.2015","2.102,40","2.089,70","2.102,90","2.079,30","","0,52%"
"14.08.2015","2.091,50","2.083,20","2.092,40","2.080,60","","0,39%"
"13.08.2015","2.083,40","2.086,20","2.092,90","2.078,30","","-0,13%"
"12.08.2015","2.086,10","2.081,10","2.089,10","2.052,10","","0,10%"
"11.08.2015","2.084,10","2.102,70","2.102,70","2.076,50","","-0,96%"
"10.08.2015","2.104,20","2.081,00","2.105,30","2.081,00","","1,28%"
"07.08.2015","2.077,60","2.082,60","2.082,60","2.067,90","","-0,29%"
"06.08.2015","2.083,60","2.100,80","2.103,30","2.075,50","","-0,77%"
"05.08.2015","2.099,80","2.095,30","2.112,70","2.095,30","","0,31%"
"04.08.2015","2.093,30","2.097,70","2.102,50","2.088,60","","-0,22%"
"03.08.2015","2.098,00","2.104,50","2.105,70","2.087,30","","-0,28%"
"31.07.2015","2.103,80","2.111,60","2.114,20","2.102,10","","-0,23%"
"30.07.2015","2.108,60","2.106,80","2.110,50","2.095,00","","0,00%"
"29.07.2015","2.108,60","2.094,70","2.110,60","2.094,10","","0,74%"
"28.07.2015","2.093,20","2.070,80","2.095,60","2.069,10","","1,24%"
"27.07.2015","2.067,60","2.078,20","2.078,20","2.063,50","","-0,58%"
"24.07.2015","2.079,70","2.102,20","2.106,00","2.077,10","","-1,07%"
"23.07.2015","2.102,20","2.114,20","2.116,90","2.098,60","","-0,57%"
"22.07.2015","2.114,20","2.118,20","2.118,50","2.110,00","","-0,24%"
"21.07.2015","2.119,20","2.127,60","2.128,50","2.115,40","","-0,43%"
"20.07.2015","2.128,30","2.126,80","2.132,80","2.123,70","","0,08%"
"17.07.2015","2.126,60","2.126,80","2.128,90","2.119,90","","0,11%"
"16.07.2015","2.124,30","2.110,60","2.124,40","2.110,60","","0,80%"
"15.07.2015","2.107,40","2.109,00","2.114,10","2.102,50","","-0,07%"
"14.07.2015","2.108,90","2.099,70","2.112,00","2.098,20","","0,44%"
"13.07.2015","2.099,60","2.080,00","2.100,70","2.080,00","","1,11%"
"10.07.2015","2.076,60","2.052,70","2.081,30","2.052,70","","1,23%"
"09.07.2015","2.051,30","2.049,70","2.074,30","2.049,70","","0,22%"
"08.07.2015","2.046,70","2.077,70","2.077,70","2.044,70","","-1,66%"
"07.07.2015","2.081,30","2.069,50","2.083,70","2.044,00","","0,60%"
"06.07.2015","2.068,80","2.073,90","2.078,60","2.058,40","","-0,39%"
"02.07.2015","2.076,80","2.078,00","2.085,10","2.071,00","","-0,03%"
"01.07.2015","2.077,40","2.067,00","2.082,80","2.067,00","","0,69%"
"30.06.2015","2.063,10","2.061,20","2.074,30","2.056,30","","0,27%"
"29.06.2015","2.057,60","2.098,60","2.098,60","2.056,60","","-2,09%"
"26.06.2015","2.101,50","2.102,60","2.108,90","2.095,40","","-0,04%"
"25.06.2015","2.102,30","2.110,00","2.116,00","2.101,80","","-0,30%"
"24.06.2015","2.108,60","2.123,70","2.125,10","2.108,60","","-0,73%"
"23.06.2015","2.124,20","2.123,20","2.128,00","2.119,90","","0,07%"
"22.06.2015","2.122,80","2.112,50","2.129,90","2.112,50","","0,61%"
"19.06.2015","2.110,00","2.121,10","2.121,60","2.109,40","","-0,53%"
"18.06.2015","2.121,20","2.101,60","2.126,70","2.101,60","","0,99%"
"17.06.2015","2.100,40","2.097,40","2.106,80","2.088,90","","0,20%"
"16.06.2015","2.096,30","2.084,30","2.097,40","2.082,10","","0,57%"
"15.06.2015","2.084,40","2.091,30","2.091,30","2.072,50","","-0,46%"
"12.06.2015","2.094,10","2.107,40","2.107,40","2.091,30","","-0,70%"
"11.06.2015","2.108,90","2.106,20","2.115,00","2.106,20","","0,18%"
"10.06.2015","2.105,20","2.081,10","2.108,50","2.081,10","","1,20%"
"09.06.2015","2.080,20","2.079,10","2.085,60","2.072,10","","0,04%"
"08.06.2015","2.079,30","2.092,30","2.093,00","2.079,10","","-0,65%"
"05.06.2015","2.092,80","2.095,10","2.101,00","2.085,70","","-0,14%"
"04.06.2015","2.095,80","2.112,30","2.112,90","2.093,20","","-0,87%"
"03.06.2015","2.114,10","2.110,60","2.121,90","2.109,60","","0,21%"
"02.06.2015","2.109,60","2.110,40","2.117,60","2.099,10","","-0,10%"
"01.06.2015","2.111,70","2.108,60","2.119,20","2.102,50","","0,20%"
"29.05.2015","2.107,40","2.120,70","2.120,70","2.104,90","","-0,63%"
"28.05.2015","2.120,80","2.122,30","2.122,30","2.112,90","","-0,13%"
"27.05.2015","2.123,50","2.105,10","2.126,20","2.105,10","","0,92%"
"26.05.2015","2.104,20","2.125,30","2.125,30","2.099,20","","-1,03%"
"22.05.2015","2.126,10","2.130,40","2.132,20","2.126,10","","-0,22%"
"21.05.2015","2.130,80","2.125,60","2.134,30","2.122,90","","0,24%"
"20.05.2015","2.125,80","2.127,80","2.134,70","2.122,60","","-0,09%"
"19.05.2015","2.127,80","2.129,40","2.133,00","2.124,50","","-0,07%"
"18.05.2015","2.129,20","2.121,30","2.131,80","2.120,00","","0,31%"
"15.05.2015","2.122,70","2.122,10","2.123,90","2.116,80","","0,08%"
"14.05.2015","2.121,10","2.100,40","2.121,40","2.100,40","","1,08%"
"13.05.2015","2.098,50","2.099,60","2.110,20","2.096,00","","-0,03%"
"12.05.2015","2.099,10","2.102,90","2.105,10","2.085,60","","-0,29%"
"11.05.2015","2.105,30","2.115,60","2.117,70","2.104,60","","-0,51%"
"08.05.2015","2.116,10","2.092,10","2.117,70","2.092,10","","1,35%"
"07.05.2015","2.088,00","2.080,00","2.092,90","2.075,00","","0,37%"
"06.05.2015","2.080,20","2.091,30","2.098,40","2.067,90","","-0,45%"
"05.05.2015","2.089,50","2.112,60","2.115,20","2.088,50","","-1,18%"
"04.05.2015","2.114,50","2.110,20","2.120,90","2.110,20","","0,29%"
"01.05.2015","2.108,30","2.087,40","2.108,40","2.087,40","","1,09%"
"30.04.2015","2.085,50","2.105,50","2.105,50","2.077,60","","-1,01%"
"29.04.2015","2.106,80","2.112,50","2.113,70","2.097,40","","-0,38%"
"28.04.2015","2.114,80","2.108,30","2.116,10","2.094,90","","0,28%"
"27.04.2015","2.108,90","2.119,30","2.125,90","2.107,00","","-0,42%"
"24.04.2015","2.117,70","2.112,80","2.120,90","2.112,80","","0,23%"
"23.04.2015","2.112,90","2.107,20","2.120,50","2.103,20","","0,23%"
"22.04.2015","2.108,00","2.098,30","2.110,00","2.091,10","","0,51%"
"21.04.2015","2.097,30","2.102,80","2.109,60","2.094,40","","-0,15%"
"20.04.2015","2.100,40","2.084,10","2.103,90","2.084,10","","0,92%"
"17.04.2015","2.081,20","2.102,60","2.102,60","2.072,40","","-1,13%"
"16.04.2015","2.105,00","2.106,00","2.111,30","2.100,00","","-0,08%"
"15.04.2015","2.106,60","2.097,80","2.111,90","2.097,80","","0,52%"
"14.04.2015","2.095,80","2.092,30","2.098,60","2.083,20","","0,16%"
"13.04.2015","2.092,40","2.102,00","2.107,70","2.092,30","","-0,46%"
"10.04.2015","2.102,10","2.091,50","2.102,60","2.091,50","","0,52%"
"09.04.2015","2.091,20","2.081,30","2.093,30","2.074,30","","0,45%"
"08.04.2015","2.081,90","2.076,90","2.086,70","2.073,30","","0,27%"
"07.04.2015","2.076,30","2.080,80","2.089,80","2.076,10","","-0,21%"
"06.04.2015","2.080,60","2.064,90","2.087,00","2.056,50","","0,66%"
"02.04.2015","2.067,00","2.060,00","2.072,20","2.057,30","","0,35%"
"01.04.2015","2.059,70","2.067,60","2.067,60","2.048,40","","-0,40%"
"31.03.2015","2.067,90","2.084,10","2.084,10","2.067,00","","-0,88%"
"30.03.2015","2.086,20","2.064,10","2.089,00","2.064,10","","1,22%"
"27.03.2015","2.061,00","2.055,80","2.062,80","2.053,00","","0,23%"
"26.03.2015","2.056,20","2.059,90","2.067,20","2.045,50","","-0,24%"
"25.03.2015","2.061,10","2.093,10","2.097,40","2.061,10","","-1,45%"
"24.03.2015","2.091,50","2.103,90","2.107,60","2.091,50","","-0,61%"
"23.03.2015","2.104,40","2.108,00","2.114,90","2.104,40","","-0,18%"
"20.03.2015","2.108,10","2.090,30","2.113,90","2.090,30","","0,90%"
"19.03.2015","2.089,30","2.098,70","2.098,70","2.085,60","","-0,49%"
"18.03.2015","2.099,50","2.072,80","2.106,80","2.061,20","","1,21%"
"17.03.2015","2.074,30","2.080,60","2.080,60","2.065,10","","-0,33%"
"16.03.2015","2.081,20","2.055,30","2.081,40","2.055,30","","1,35%"
"13.03.2015","2.053,40","2.064,60","2.064,60","2.041,20","","-0,61%"
"12.03.2015","2.065,90","2.041,10","2.066,40","2.041,10","","1,26%"
"11.03.2015","2.040,20","2.044,70","2.050,10","2.039,70","","-0,20%"
"10.03.2015","2.044,20","2.076,10","2.076,10","2.044,20","","-1,69%"
"09.03.2015","2.079,40","2.072,20","2.083,50","2.072,20","","0,39%"
"06.03.2015","2.071,30","2.100,90","2.100,90","2.067,30","","-1,41%"
"05.03.2015","2.101,00","2.098,50","2.104,20","2.095,20","","0,12%"
"04.03.2015","2.098,50","2.107,70","2.107,70","2.087,60","","-0,44%"
"03.03.2015","2.107,80","2.115,80","2.115,80","2.098,30","","-0,45%"
"02.03.2015","2.117,40","2.105,20","2.117,50","2.104,50","","0,61%"
"27.02.2015","2.104,50","2.110,90","2.112,70","2.103,80","","-0,29%"
"26.02.2015","2.110,70","2.113,90","2.113,90","2.103,80","","-0,15%"
"25.02.2015","2.113,90","2.115,30","2.119,60","2.109,90","","-0,08%"
"24.02.2015","2.115,50","2.109,10","2.117,90","2.105,90","","0,27%"
"23.02.2015","2.109,70","2.109,80","2.110,10","2.103,00","","-0,03%"
"20.02.2015","2.110,30","2.097,70","2.110,60","2.085,40","","0,62%"
"19.02.2015","2.097,40","2.099,20","2.102,10","2.090,80","","-0,11%"
"18.02.2015","2.099,70","2.099,20","2.100,20","2.092,20","","-0,03%"
"17.02.2015","2.100,30","2.096,50","2.101,30","2.089,80","","0,16%"
"13.02.2015","2.097,00","2.088,80","2.097,00","2.086,70","","0,41%"
"12.02.2015","2.088,50","2.070,00","2.088,50","2.070,00","","0,97%"
"11.02.2015","2.068,50","2.068,60","2.073,50","2.058,00","","0,00%"
"10.02.2015","2.068,60","2.049,40","2.070,90","2.048,60","","1,07%"
"09.02.2015","2.046,70","2.053,50","2.056,20","2.041,90","","-0,43%"
"06.02.2015","2.055,50","2.062,30","2.072,40","2.050,00","","-0,34%"
"05.02.2015","2.062,50","2.043,50","2.063,60","2.043,50","","1,03%"
"04.02.2015","2.041,50","2.048,90","2.054,70","2.036,70","","-0,41%"
"03.02.2015","2.050,00","2.022,70","2.050,30","2.022,70","","1,44%"
"02.02.2015","2.020,80","1.996,70","2.021,70","1.980,90","","1,29%"
"30.01.2015","1.995,00","2.019,30","2.023,30","1.993,40","","-1,30%"
"29.01.2015","2.021,20","2.002,50","2.024,60","1.989,20","","0,95%"
"28.01.2015","2.002,20","2.032,30","2.042,50","2.001,50","","-1,35%"
"27.01.2015","2.029,50","2.047,90","2.047,90","2.019,90","","-1,34%"
"26.01.2015","2.057,10","2.050,40","2.057,60","2.041,00","","0,26%"
"23.01.2015","2.051,80","2.063,00","2.063,00","2.050,50","","-0,55%"
"22.01.2015","2.063,20","2.034,30","2.064,60","2.026,40","","1,53%"
"21.01.2015","2.032,10","2.020,20","2.038,30","2.012,00","","0,47%"
"20.01.2015","2.022,50","2.020,80","2.028,90","2.004,50","","0,15%"
"16.01.2015","2.019,40","1.992,20","2.020,50","1.988,10","","1,34%"
"15.01.2015","1.992,70","2.013,80","2.021,30","1.991,50","","-0,92%"
"14.01.2015","2.011,30","2.018,40","2.018,40","1.988,40","","-0,58%"
"13.01.2015","2.023,00","2.031,60","2.056,90","2.008,20","","-0,26%"
"12.01.2015","2.028,30","2.046,10","2.049,30","2.022,60","","-0,81%"
"09.01.2015","2.044,80","2.063,40","2.064,40","2.038,30","","-0,84%"
"08.01.2015","2.062,10","2.030,60","2.064,10","2.030,60","","1,79%"
"07.01.2015","2.025,90","2.005,50","2.029,60","2.005,50","","1,16%"
"06.01.2015","2.002,60","2.022,20","2.030,20","1.992,40","","-0,89%"
"05.01.2015","2.020,60","2.054,40","2.054,40","2.017,30","","-1,83%"
"02.01.2015","2.058,20","2.058,90","2.072,40","2.046,00","","-0,03%"
"31.12.2014","2.058,90","2.082,10","2.085,60","2.057,90","","-1,03%"
"30.12.2014","2.080,30","2.088,50","2.088,50","2.079,50","","-0,49%"
"29.12.2014","2.090,60","2.087,60","2.093,60","2.085,80","","0,09%"
"26.12.2014","2.088,80","2.084,30","2.092,70","2.084,30","","0,33%"
"24.12.2014","2.081,90","2.083,20","2.087,60","2.081,90","","-0,01%"
"23.12.2014","2.082,20","2.081,50","2.086,70","2.079,80","","0,18%"
"22.12.2014","2.078,50","2.069,30","2.078,80","2.069,30","","0,38%"
"19.12.2014","2.070,70","2.061,00","2.077,80","2.061,00","","0,46%"
"18.12.2014","2.061,20","2.019,00","2.061,20","2.019,00","","2,40%"
"17.12.2014","2.012,90","1.973,80","2.016,80","1.973,80","","2,04%"
"16.12.2014","1.972,70","1.986,70","2.016,90","1.972,60","","-0,85%"
"15.12.2014","1.989,60","2.005,00","2.018,70","1.982,30","","-0,63%"
"12.12.2014","2.002,30","2.030,40","2.032,20","2.002,30","","-1,62%"
"11.12.2014","2.035,30","2.027,90","2.055,50","2.027,90","","0,45%"
"10.12.2014","2.026,10","2.058,90","2.058,90","2.024,30","","-1,64%"
"09.12.2014","2.059,80","2.056,60","2.060,60","2.034,20","","-0,02%"
"08.12.2014","2.060,30","2.074,80","2.075,80","2.054,30","","-0,73%"
"05.12.2014","2.075,40","2.072,80","2.079,50","2.070,80","","0,17%"
"04.12.2014","2.071,90","2.073,60","2.077,30","2.062,30","","-0,12%"
"03.12.2014","2.074,30","2.067,40","2.076,30","2.066,70","","0,37%"
"02.12.2014","2.066,60","2.053,80","2.068,80","2.053,80","","0,64%"
"01.12.2014","2.053,40","2.065,80","2.065,80","2.049,60","","-0,69%"
"28.11.2014","2.067,60","2.074,80","2.075,80","2.065,10","","-0,25%"
"26.11.2014","2.072,80","2.067,40","2.073,30","2.066,60","","0,28%"
"25.11.2014","2.067,00","2.070,20","2.074,20","2.064,80","","-0,12%"
"24.11.2014","2.069,40","2.065,10","2.070,20","2.065,10","","0,29%"
"21.11.2014","2.063,50","2.057,50","2.071,50","2.056,80","","0,52%"
"20.11.2014","2.052,80","2.045,90","2.053,80","2.040,50","","0,20%"
"19.11.2014","2.048,70","2.051,20","2.052,10","2.040,40","","-0,15%"
"18.11.2014","2.051,80","2.041,50","2.056,10","2.041,50","","0,51%"
"17.11.2014","2.041,30","2.038,30","2.043,10","2.034,50","","0,07%"
"14.11.2014","2.039,80","2.039,70","2.042,20","2.035,20","","0,02%"
"13.11.2014","2.039,30","2.039,20","2.046,20","2.030,40","","0,05%"
"12.11.2014","2.038,20","2.037,80","2.040,30","2.032,00","","-0,07%"
"11.11.2014","2.039,70","2.038,20","2.041,30","2.035,30","","0,07%"
"10.11.2014","2.038,30","2.032,00","2.038,70","2.030,20","","0,31%"
"07.11.2014","2.031,90","2.032,40","2.034,30","2.025,10","","0,03%"
"06.11.2014","2.031,20","2.023,30","2.031,60","2.015,90","","0,38%"
"05.11.2014","2.023,60","2.015,30","2.023,80","2.014,40","","0,57%"
"04.11.2014","2.012,10","2.015,80","2.016,00","2.001,00","","-0,28%"
"03.11.2014","2.017,80","2.018,20","2.024,50","2.013,70","","-0,01%"
"31.10.2014","2.018,00","2.001,20","2.018,20","2.001,20","","1,17%"
"30.10.2014","1.994,70","1.979,50","1.999,40","1.974,80","","0,63%"
"29.10.2014","1.982,30","1.983,30","1.991,40","1.969,00","","-0,14%"
"28.10.2014","1.985,00","1.964,10","1.985,00","1.964,10","","1,19%"
"27.10.2014","1.961,60","1.963,00","1.964,60","1.951,40","","-0,15%"
"24.10.2014","1.964,60","1.951,60","1.965,30","1.946,30","","0,71%"
"23.10.2014","1.950,80","1.931,00","1.962,00","1.931,00","","1,23%"
"22.10.2014","1.927,10","1.941,30","1.949,30","1.926,80","","-0,73%"
"21.10.2014","1.941,30","1.909,40","1.942,50","1.909,40","","1,96%"
"20.10.2014","1.904,00","1.885,60","1.905,00","1.882,30","","0,91%"
"17.10.2014","1.886,80","1.864,90","1.898,20","1.864,90","","1,29%"
"16.10.2014","1.862,80","1.856,00","1.876,00","1.835,00","","0,02%"
"15.10.2014","1.862,50","1.874,20","1.874,20","1.820,70","","-0,81%"
"14.10.2014","1.877,70","1.877,10","1.898,70","1.871,80","","0,16%"
"13.10.2014","1.874,70","1.905,70","1.912,10","1.874,10","","-1,65%"
"10.10.2014","1.906,10","1.925,60","1.937,00","1.906,00","","-1,15%"
"09.10.2014","1.928,20","1.967,70","1.967,70","1.927,60","","-2,07%"
"08.10.2014","1.968,90","1.935,50","1.970,40","1.925,20","","1,75%"
"07.10.2014","1.935,10","1.962,40","1.962,40","1.934,90","","-1,51%"
"06.10.2014","1.964,80","1.970,00","1.977,80","1.958,40","","-0,16%"
"03.10.2014","1.967,90","1.948,10","1.971,20","1.948,10","","1,11%"
"02.10.2014","1.946,20","1.945,80","1.952,30","1.926,00","","0,00%"
"01.10.2014","1.946,20","1.971,40","1.971,40","1.941,70","","-1,32%"
"30.09.2014","1.972,30","1.978,20","1.985,20","1.969,00","","-0,28%"
"29.09.2014","1.977,80","1.979,00","1.981,30","1.964,00","","-0,25%"
"26.09.2014","1.982,80","1.966,20","1.986,40","1.966,20","","0,85%"
"25.09.2014","1.966,00","1.997,30","1.997,30","1.966,00","","-1,62%"
"24.09.2014","1.998,30","1.983,30","1.999,80","1.978,60","","0,78%"
"23.09.2014","1.982,80","1.992,80","1.995,40","1.982,80","","-0,58%"
"22.09.2014","1.994,30","2.009,10","2.009,10","1.991,00","","-0,80%"
"19.09.2014","2.010,40","2.012,70","2.019,30","2.006,60","","-0,05%"
"18.09.2014","2.011,40","2.003,10","2.012,30","2.003,10","","0,49%"
"17.09.2014","2.001,60","1.999,30","2.010,70","1.993,30","","0,13%"
"16.09.2014","1.999,00","1.981,90","2.002,30","1.979,10","","0,75%"
"15.09.2014","1.984,10","1.986,00","1.987,20","1.978,50","","-0,07%"
"12.09.2014","1.985,50","1.996,70","1.996,70","1.980,30","","-0,60%"
"11.09.2014","1.997,50","1.992,80","1.997,70","1.985,90","","0,09%"
"10.09.2014","1.995,70","1.988,40","1.996,70","1.983,00","","0,37%"
"09.09.2014","1.988,40","2.000,70","2.001,00","1.984,60","","-0,65%"
"08.09.2014","2.001,50","2.007,20","2.007,20","1.995,60","","-0,31%"
"05.09.2014","2.007,70","1.998,00","2.007,70","1.990,10","","0,50%"
"04.09.2014","1.997,70","2.001,70","2.011,20","1.992,50","","-0,15%"
"03.09.2014","2.000,70","2.003,60","2.009,30","1.998,10","","-0,08%"
"02.09.2014","2.002,30","2.004,10","2.006,10","1.994,80","","-0,05%"
"29.08.2014","2.003,40","1.998,50","2.003,40","1.994,70","","0,34%"
"28.08.2014","1.996,70","1.997,40","1.998,50","1.990,50","","-0,17%"
"27.08.2014","2.000,10","2.000,50","2.002,10","1.996,20","","0,00%"
"26.08.2014","2.000,00","1.998,60","2.005,00","1.998,60","","0,11%"
"25.08.2014","1.997,90","1.991,70","2.002,00","1.991,70","","0,48%"
"22.08.2014","1.988,40","1.992,60","1.993,50","1.984,80","","-0,20%"
"21.08.2014","1.992,40","1.986,80","1.994,80","1.986,80","","0,30%"
"20.08.2014","1.986,50","1.980,50","1.988,60","1.977,70","","0,25%"
"19.08.2014","1.981,60","1.972,70","1.982,60","1.972,70","","0,50%"
"18.08.2014","1.971,70","1.958,40","1.972,00","1.958,40","","0,85%"
"15.08.2014","1.955,10","1.958,90","1.964,00","1.941,50","","-0,01%"
"14.08.2014","1.955,20","1.947,40","1.955,20","1.947,40","","0,44%"
"13.08.2014","1.946,70","1.935,60","1.948,40","1.935,60","","0,67%"
"12.08.2014","1.933,80","1.935,70","1.939,70","1.928,30","","-0,16%"
"11.08.2014","1.936,90","1.933,40","1.944,90","1.933,40","","0,27%"
"08.08.2014","1.931,60","1.910,30","1.932,40","1.909,00","","1,15%"
"07.08.2014","1.909,60","1.923,00","1.928,90","1.904,80","","-0,55%"
"06.08.2014","1.920,20","1.917,30","1.927,90","1.911,50","","0,00%"
"05.08.2014","1.920,20","1.936,30","1.936,30","1.913,80","","-0,97%"
"04.08.2014","1.939,00","1.926,60","1.942,90","1.921,20","","0,72%"
"01.08.2014","1.925,20","1.929,80","1.937,30","1.916,40","","-0,28%"
"31.07.2014","1.930,70","1.965,10","1.965,10","1.930,70","","-2,00%"
"30.07.2014","1.970,10","1.973,20","1.978,90","1.962,40","","0,01%"
"29.07.2014","1.970,00","1.980,00","1.984,80","1.970,00","","-0,45%"
"28.07.2014","1.978,90","1.978,20","1.981,50","1.967,30","","0,03%"
"25.07.2014","1.978,30","1.984,60","1.984,60","1.974,40","","-0,49%"
"24.07.2014","1.988,00","1.988,10","1.991,40","1.985,80","","0,05%"
"23.07.2014","1.987,00","1.985,30","1.989,20","1.982,40","","0,18%"
"22.07.2014","1.983,50","1.975,70","1.986,20","1.975,70","","0,50%"
"21.07.2014","1.973,60","1.976,90","1.976,90","1.965,80","","-0,23%"
"18.07.2014","1.978,20","1.961,50","1.979,90","1.960,80","","1,03%"
"17.07.2014","1.958,10","1.979,80","1.981,80","1.955,60","","-1,19%"
"16.07.2014","1.981,60","1.976,30","1.983,90","1.975,70","","0,42%"
"15.07.2014","1.973,30","1.977,40","1.982,50","1.965,30","","-0,19%"
"14.07.2014","1.977,10","1.969,90","1.979,80","1.969,90","","0,48%"
"11.07.2014","1.967,60","1.965,80","1.968,70","1.959,60","","0,15%"
"10.07.2014","1.964,70","1.966,70","1.969,80","1.952,90","","-0,41%"
"09.07.2014","1.972,80","1.965,10","1.974,20","1.965,10","","0,46%"
"08.07.2014","1.963,70","1.976,40","1.976,40","1.959,50","","-0,71%"
"07.07.2014","1.977,70","1.984,20","1.984,20","1.974,90","","-0,39%"
"03.07.2014","1.985,40","1.975,90","1.985,60","1.975,90","","0,55%"
"02.07.2014","1.974,60","1.973,10","1.976,70","1.972,60","","0,07%"
"01.07.2014","1.973,30","1.962,30","1.978,60","1.962,30","","0,67%"
"30.06.2014","1.960,20","1.960,80","1.964,20","1.958,20","","-0,04%"
"27.06.2014","1.961,00","1.956,60","1.961,50","1.952,20","","0,19%"
"26.06.2014","1.957,20","1.959,90","1.959,90","1.944,70","","-0,12%"
"25.06.2014","1.959,50","1.949,30","1.960,80","1.947,50","","0,49%"
"24.06.2014","1.950,00","1.962,00","1.968,20","1.948,30","","-0,64%"
"23.06.2014","1.962,60","1.962,90","1.963,70","1.958,90","","-0,02%"
"20.06.2014","1.962,90","1.960,50","1.963,90","1.959,20","","0,17%"
"19.06.2014","1.959,50","1.957,50","1.959,90","1.952,30","","0,13%"
"18.06.2014","1.957,00","1.942,70","1.957,70","1.939,30","","0,77%"
"17.06.2014","1.942,00","1.937,20","1.943,70","1.933,50","","0,22%"
"16.06.2014","1.937,80","1.934,80","1.941,20","1.930,90","","0,08%"
"13.06.2014","1.936,20","1.930,80","1.937,30","1.927,70","","0,32%"
"12.06.2014","1.930,10","1.943,30","1.943,30","1.925,80","","-0,71%"
"11.06.2014","1.943,90","1.949,40","1.949,40","1.940,10","","-0,35%"
"10.06.2014","1.950,80","1.950,30","1.950,90","1.944,60","","-0,03%"
"09.06.2014","1.951,30","1.949,00","1.955,50","1.947,20","","0,10%"
"06.06.2014","1.949,40","1.942,40","1.949,40","1.942,40","","0,46%"
"05.06.2014","1.940,50","1.928,50","1.941,70","1.922,90","","0,65%"
"04.06.2014","1.927,90","1.923,10","1.928,60","1.918,60","","0,19%"
"03.06.2014","1.924,20","1.923,10","1.925,10","1.918,80","","-0,04%"
"02.06.2014","1.925,00","1.923,90","1.925,90","1.916,00","","0,07%"
"30.05.2014","1.923,60","1.920,30","1.924,00","1.916,60","","0,19%"
"29.05.2014","1.920,00","1.910,60","1.920,00","1.909,80","","0,53%"
"28.05.2014","1.909,80","1.911,80","1.914,50","1.907,30","","-0,11%"
"27.05.2014","1.911,90","1.902,00","1.912,30","1.902,00","","0,60%"
"23.05.2014","1.900,50","1.893,30","1.901,30","1.893,30","","0,42%"
"22.05.2014","1.892,50","1.888,20","1.896,30","1.885,40","","0,24%"
"21.05.2014","1.888,00","1.873,30","1.888,80","1.873,30","","0,81%"
"20.05.2014","1.872,80","1.884,90","1.884,90","1.868,10","","-0,65%"
"19.05.2014","1.885,10","1.876,70","1.886,00","1.872,40","","0,38%"
"16.05.2014","1.877,90","1.871,20","1.878,30","1.864,80","","0,38%"
"15.05.2014","1.870,80","1.888,20","1.888,20","1.862,40","","-0,94%"
"14.05.2014","1.888,50","1.897,10","1.897,10","1.885,80","","-0,47%"
"13.05.2014","1.897,50","1.896,80","1.902,20","1.896,10","","0,04%"
"12.05.2014","1.896,70","1.880,00","1.897,10","1.880,00","","0,97%"
"09.05.2014","1.878,50","1.875,30","1.878,60","1.867,00","","0,15%"
"08.05.2014","1.875,60","1.877,40","1.889,10","1.870,00","","-0,14%"
"07.05.2014","1.878,20","1.868,50","1.878,80","1.859,80","","0,56%"
"06.05.2014","1.867,70","1.883,70","1.883,70","1.867,70","","-0,90%"
"05.05.2014","1.884,70","1.879,50","1.885,50","1.866,80","","0,19%"
"02.05.2014","1.881,10","1.885,30","1.891,30","1.878,50","","-0,14%"
"01.05.2014","1.883,70","1.884,40","1.888,60","1.878,00","","-0,02%"
"30.04.2014","1.884,00","1.877,10","1.885,20","1.872,70","","0,30%"
"29.04.2014","1.878,30","1.870,80","1.880,60","1.870,80","","0,48%"
"28.04.2014","1.869,40","1.865,00","1.877,00","1.850,60","","0,32%"
"25.04.2014","1.863,40","1.877,70","1.877,70","1.859,70","","-0,81%"
"24.04.2014","1.878,60","1.882,00","1.884,10","1.870,20","","0,17%"
"23.04.2014","1.875,40","1.879,30","1.879,80","1.873,90","","-0,22%"
"22.04.2014","1.879,50","1.872,60","1.884,90","1.872,60","","0,41%"
"21.04.2014","1.871,90","1.865,80","1.871,90","1.863,20","","0,38%"
"17.04.2014","1.864,80","1.861,70","1.869,60","1.856,70","","0,13%"
"16.04.2014","1.862,30","1.846,00","1.862,30","1.846,00","","1,05%"
"15.04.2014","1.843,00","1.831,50","1.844,00","1.816,30","","0,68%"
"14.04.2014","1.830,60","1.818,20","1.834,20","1.815,80","","0,82%"
"11.04.2014","1.815,70","1.830,70","1.835,10","1.814,40","","-0,95%"
"10.04.2014","1.833,10","1.872,30","1.872,50","1.830,90","","-2,09%"
"09.04.2014","1.872,20","1.852,60","1.872,40","1.852,40","","1,09%"
"08.04.2014","1.852,00","1.845,50","1.855,00","1.837,50","","0,38%"
"07.04.2014","1.845,00","1.863,90","1.864,00","1.841,50","","-1,08%"
"04.04.2014","1.865,10","1.890,20","1.897,30","1.863,30","","-1,25%"
"03.04.2014","1.888,80","1.891,40","1.893,80","1.882,70","","-0,11%"
"02.04.2014","1.890,90","1.886,60","1.893,20","1.883,80","","0,29%"
"01.04.2014","1.885,50","1.874,00","1.885,80","1.874,00","","0,71%"
"31.03.2014","1.872,30","1.859,20","1.875,20","1.859,20","","0,79%"
"28.03.2014","1.857,60","1.850,10","1.866,60","1.850,10","","0,47%"
"27.03.2014","1.849,00","1.852,10","1.855,50","1.842,10","","-0,19%"
"26.03.2014","1.852,60","1.867,10","1.875,90","1.852,60","","-0,70%"
"25.03.2014","1.865,60","1.859,50","1.871,90","1.856,00","","0,44%"
"24.03.2014","1.857,40","1.867,70","1.873,30","1.849,70","","-0,49%"
"21.03.2014","1.866,50","1.874,50","1.884,00","1.863,50","","-0,29%"
"20.03.2014","1.872,00","1.860,10","1.873,50","1.854,60","","0,60%"
"19.03.2014","1.860,80","1.872,20","1.874,10","1.850,30","","-0,61%"
"18.03.2014","1.872,20","1.858,90","1.873,80","1.858,90","","0,72%"
"17.03.2014","1.858,80","1.842,80","1.862,30","1.842,80","","0,96%"
"14.03.2014","1.841,10","1.845,10","1.852,40","1.839,60","","-0,28%"
"13.03.2014","1.846,30","1.869,10","1.874,40","1.841,90","","-1,17%"
"12.03.2014","1.868,20","1.866,20","1.868,40","1.854,40","","0,03%"
"11.03.2014","1.867,60","1.878,30","1.882,30","1.863,90","","-0,51%"
"10.03.2014","1.877,20","1.877,90","1.877,90","1.867,00","","-0,04%"
"07.03.2014","1.878,00","1.878,50","1.883,60","1.870,60","","0,05%"
"06.03.2014","1.877,00","1.874,20","1.881,90","1.874,20","","0,17%"
"05.03.2014","1.873,80","1.874,00","1.876,50","1.871,10","","-0,01%"
"04.03.2014","1.873,90","1.849,20","1.876,20","1.849,20","","1,53%"
"03.03.2014","1.845,70","1.857,70","1.857,70","1.834,40","","-0,74%"
"28.02.2014","1.859,50","1.855,10","1.867,90","1.847,70","","0,28%"
"27.02.2014","1.854,30","1.844,90","1.854,50","1.841,10","","0,49%"
"26.02.2014","1.845,20","1.845,80","1.852,70","1.840,70","","0,01%"
"25.02.2014","1.845,10","1.847,70","1.852,90","1.840,20","","-0,14%"
"24.02.2014","1.847,60","1.836,80","1.858,70","1.836,80","","0,62%"
"21.02.2014","1.836,20","1.841,10","1.846,10","1.835,60","","-0,20%"
"20.02.2014","1.839,80","1.829,20","1.842,80","1.824,60","","0,60%"
"19.02.2014","1.828,80","1.838,90","1.847,50","1.827,00","","-0,65%"
"18.02.2014","1.840,80","1.839,00","1.842,90","1.835,00","","0,12%"
"14.02.2014","1.838,60","1.828,50","1.841,70","1.825,60","","0,48%"
"13.02.2014","1.829,80","1.814,80","1.830,20","1.809,20","","0,58%"
"12.02.2014","1.819,30","1.820,10","1.826,50","1.816,00","","-0,03%"
"11.02.2014","1.819,80","1.800,50","1.823,50","1.800,40","","1,11%"
"10.02.2014","1.799,80","1.796,20","1.799,90","1.791,80","","0,16%"
"07.02.2014","1.797,00","1.776,00","1.798,00","1.776,00","","1,33%"
"06.02.2014","1.773,40","1.753,00","1.774,10","1.753,00","","1,24%"
"05.02.2014","1.751,60","1.753,40","1.755,80","1.737,90","","-0,21%"
"04.02.2014","1.755,20","1.743,80","1.758,70","1.743,80","","0,76%"
"03.02.2014","1.741,90","1.782,70","1.784,80","1.739,70","","-2,28%"
"31.01.2014","1.782,60","1.790,90","1.793,90","1.772,30","","-0,65%"
"30.01.2014","1.794,20","1.777,20","1.798,80","1.777,20","","1,13%"
"29.01.2014","1.774,20","1.790,20","1.790,20","1.770,50","","-1,02%"
"28.01.2014","1.792,50","1.783,00","1.793,90","1.779,50","","0,61%"
"27.01.2014","1.781,60","1.791,00","1.796,00","1.772,90","","-0,49%"
"24.01.2014","1.790,30","1.827,00","1.827,00","1.790,30","","-2,09%"
"23.01.2014","1.828,50","1.842,30","1.842,30","1.820,10","","-0,89%"
"22.01.2014","1.844,90","1.844,70","1.846,90","1.840,90","","0,06%"
"21.01.2014","1.843,80","1.841,00","1.849,30","1.832,40","","0,28%"
"17.01.2014","1.838,70","1.844,20","1.846,00","1.835,20","","-0,39%"
"16.01.2014","1.845,90","1.848,00","1.848,00","1.840,30","","-0,14%"
"15.01.2014","1.848,40","1.840,50","1.850,80","1.840,50","","0,52%"
"14.01.2014","1.838,90","1.821,40","1.839,30","1.821,40","","1,08%"
"13.01.2014","1.819,20","1.841,30","1.843,50","1.815,50","","-1,26%"
"10.01.2014","1.842,40","1.840,10","1.843,20","1.832,40","","0,23%"
"09.01.2014","1.838,10","1.839,00","1.843,20","1.830,40","","0,03%"
"08.01.2014","1.837,50","1.837,90","1.840,00","1.831,40","","-0,02%"
"07.01.2014","1.837,90","1.828,70","1.840,10","1.828,70","","0,61%"
"06.01.2014","1.826,80","1.832,30","1.837,20","1.823,70","","-0,25%"
"03.01.2014","1.831,40","1.833,20","1.838,20","1.829,10","","-0,03%"
"02.01.2014","1.832,00","1.845,90","1.845,90","1.827,70","","-0,89%"
"31.12.2013","1.848,40","1.842,60","1.849,40","1.842,40","","0,40%"
"30.12.2013","1.841,10","1.841,50","1.842,50","1.838,80","","-0,02%"
"27.12.2013","1.841,40","1.843,00","1.844,90","1.839,80","","-0,03%"
"26.12.2013","1.842,00","1.835,00","1.842,80","1.835,00","","0,47%"
"24.12.2013","1.833,30","1.828,00","1.833,30","1.828,00","","0,29%"
"23.12.2013","1.828,00","1.822,90","1.829,80","1.822,90","","0,53%"
"20.12.2013","1.818,30","1.810,40","1.823,80","1.810,20","","0,48%"
"19.12.2013","1.809,60","1.809,00","1.810,90","1.801,30","","-0,06%"
"18.12.2013","1.810,70","1.781,50","1.811,10","1.768,00","","1,67%"
"17.12.2013","1.781,00","1.786,50","1.786,80","1.777,00","","-0,31%"
"16.12.2013","1.786,50","1.777,50","1.792,20","1.777,50","","0,63%"
"13.12.2013","1.775,30","1.778,00","1.780,90","1.772,50","","-0,01%"
"12.12.2013","1.775,50","1.781,70","1.783,00","1.772,30","","-0,38%"
"11.12.2013","1.782,20","1.802,80","1.803,00","1.780,10","","-1,13%"
"10.12.2013","1.802,60","1.807,60","1.808,50","1.801,80","","-0,32%"
"09.12.2013","1.808,40","1.806,20","1.811,50","1.806,20","","0,18%"
"06.12.2013","1.805,10","1.788,40","1.806,00","1.788,40","","1,13%"
"05.12.2013","1.785,00","1.792,80","1.792,80","1.783,40","","-0,44%"
"04.12.2013","1.792,80","1.793,20","1.799,80","1.779,10","","-0,13%"
"03.12.2013","1.795,20","1.800,10","1.800,10","1.787,80","","-0,32%"
"02.12.2013","1.800,90","1.806,50","1.810,00","1.798,60","","-0,27%"
"29.11.2013","1.805,80","1.808,70","1.813,50","1.804,00","","-0,08%"
"27.11.2013","1.807,20","1.803,50","1.808,30","1.802,80","","0,24%"
"26.11.2013","1.802,80","1.802,90","1.808,40","1.800,80","","0,02%"
"25.11.2013","1.802,50","1.806,30","1.808,10","1.800,60","","-0,13%"
"22.11.2013","1.804,80","1.797,20","1.804,80","1.794,70","","0,50%"
"21.11.2013","1.795,80","1.783,50","1.797,20","1.783,50","","0,81%"
"20.11.2013","1.781,40","1.789,60","1.795,70","1.777,20","","-0,36%"
"19.11.2013","1.787,90","1.790,80","1.795,50","1.784,70","","-0,20%"
"18.11.2013","1.791,50","1.798,80","1.802,30","1.788,00","","-0,37%"
"15.11.2013","1.798,20","1.790,70","1.798,20","1.790,70","","0,42%"
"14.11.2013","1.790,60","1.782,80","1.791,50","1.780,20","","0,48%"
"13.11.2013","1.782,00","1.764,40","1.782,00","1.760,60","","0,81%"
"12.11.2013","1.767,70","1.769,50","1.771,80","1.762,30","","-0,24%"
"11.11.2013","1.771,90","1.770,00","1.773,40","1.767,80","","0,07%"
"08.11.2013","1.770,60","1.748,40","1.770,80","1.747,60","","1,34%"
"07.11.2013","1.747,20","1.770,70","1.774,50","1.746,20","","-1,32%"
"06.11.2013","1.770,50","1.765,00","1.773,70","1.764,40","","0,43%"
"05.11.2013","1.763,00","1.765,70","1.767,00","1.755,80","","-0,28%"
"04.11.2013","1.767,90","1.763,40","1.768,80","1.761,60","","0,36%"
"01.11.2013","1.761,60","1.758,70","1.765,70","1.752,70","","0,29%"
"31.10.2013","1.756,50","1.763,20","1.768,50","1.755,70","","-0,39%"
"30.10.2013","1.763,30","1.772,30","1.775,20","1.757,20","","-0,49%"
"29.10.2013","1.772,00","1.762,90","1.772,10","1.762,90","","0,56%"
"28.10.2013","1.762,10","1.759,40","1.765,00","1.757,70","","0,13%"
"25.10.2013","1.759,80","1.756,00","1.759,80","1.752,50","","0,44%"
"24.10.2013","1.752,10","1.747,50","1.753,90","1.745,50","","0,33%"
"23.10.2013","1.746,40","1.752,30","1.752,30","1.740,50","","-0,47%"
"22.10.2013","1.754,70","1.746,50","1.759,30","1.746,50","","0,57%"
"21.10.2013","1.744,70","1.745,20","1.747,80","1.740,70","","0,01%"
"18.10.2013","1.744,50","1.736,70","1.745,30","1.735,70","","0,65%"
"17.10.2013","1.733,20","1.720,20","1.733,50","1.714,10","","0,68%"
"16.10.2013","1.721,50","1.700,50","1.721,80","1.700,50","","1,38%"
"15.10.2013","1.698,10","1.709,20","1.711,60","1.695,90","","-0,70%"
"14.10.2013","1.710,10","1.699,90","1.711,00","1.692,10","","0,41%"
"11.10.2013","1.703,20","1.691,10","1.703,40","1.688,50","","0,63%"
"10.10.2013","1.692,60","1.660,90","1.692,60","1.660,90","","2,19%"
"09.10.2013","1.656,40","1.657,00","1.662,50","1.646,50","","0,05%"
"08.10.2013","1.655,50","1.676,20","1.676,80","1.655,00","","-1,23%"
"07.10.2013","1.676,10","1.687,20","1.687,20","1.674,70","","-0,85%"
"04.10.2013","1.690,50","1.678,80","1.691,90","1.677,30","","0,70%"
"03.10.2013","1.678,70","1.692,30","1.692,30","1.670,40","","-0,90%"
"02.10.2013","1.693,90","1.691,90","1.693,90","1.680,30","","-0,06%"
"01.10.2013","1.695,00","1.682,40","1.696,50","1.682,10","","0,80%"
"30.09.2013","1.681,50","1.687,30","1.687,30","1.675,00","","-0,61%"
"27.09.2013","1.691,80","1.695,50","1.695,50","1.687,10","","-0,41%"
"26.09.2013","1.698,70","1.694,00","1.703,80","1.693,10","","0,35%"
"25.09.2013","1.692,80","1.698,00","1.701,70","1.691,90","","-0,27%"
"24.09.2013","1.697,40","1.702,60","1.707,60","1.694,90","","-0,26%"
"23.09.2013","1.701,80","1.711,40","1.711,40","1.697,10","","-0,47%"
"20.09.2013","1.709,90","1.722,40","1.725,20","1.708,90","","-0,72%"
"19.09.2013","1.722,30","1.727,30","1.729,90","1.720,20","","-0,19%"
"18.09.2013","1.725,50","1.705,70","1.729,40","1.700,30","","1,21%"
"17.09.2013","1.704,80","1.697,70","1.705,50","1.697,70","","0,42%"
"16.09.2013","1.697,60","1.691,70","1.705,00","1.691,70","","0,57%"
"13.09.2013","1.688,00","1.685,00","1.688,70","1.682,20","","0,27%"
"12.09.2013","1.683,40","1.689,20","1.690,00","1.682,00","","-0,34%"
"11.09.2013","1.689,10","1.681,00","1.689,10","1.678,70","","0,30%"
"10.09.2013","1.684,00","1.674,30","1.684,10","1.674,30","","0,74%"
"09.09.2013","1.671,70","1.656,80","1.672,40","1.656,80","","1,00%"
"06.09.2013","1.655,20","1.657,40","1.664,80","1.640,60","","0,01%"
"05.09.2013","1.655,10","1.653,30","1.659,20","1.653,10","","0,12%"
"04.09.2013","1.653,10","1.640,70","1.655,70","1.637,40","","0,81%"
"03.09.2013","1.639,80","1.636,00","1.651,30","1.633,40","","0,42%"
"30.08.2013","1.633,00","1.638,90","1.640,10","1.628,00","","-0,32%"
"29.08.2013","1.638,20","1.633,50","1.646,40","1.630,90","","0,20%"
"28.08.2013","1.635,00","1.630,20","1.641,20","1.627,50","","0,28%"
"27.08.2013","1.630,50","1.652,50","1.652,50","1.629,00","","-1,59%"
"26.08.2013","1.656,80","1.664,30","1.669,50","1.656,00","","-0,40%"
"23.08.2013","1.663,50","1.659,90","1.664,80","1.654,80","","0,39%"
"22.08.2013","1.657,00","1.645,00","1.659,50","1.645,00","","0,86%"
"21.08.2013","1.642,80","1.650,70","1.657,00","1.639,40","","-0,57%"
"20.08.2013","1.652,30","1.646,80","1.658,90","1.646,10","","0,38%"
"19.08.2013","1.646,10","1.655,20","1.659,20","1.645,80","","-0,59%"
"16.08.2013","1.655,80","1.661,20","1.663,60","1.652,60","","-0,33%"
"15.08.2013","1.661,30","1.679,60","1.679,60","1.658,60","","-1,43%"
"14.08.2013","1.685,40","1.693,90","1.695,50","1.684,80","","-0,52%"
"13.08.2013","1.694,20","1.690,70","1.696,80","1.682,60","","0,28%"
"12.08.2013","1.689,50","1.688,40","1.691,50","1.683,30","","-0,11%"
"09.08.2013","1.691,40","1.696,10","1.699,40","1.686,00","","-0,36%"
"08.08.2013","1.697,50","1.693,30","1.700,20","1.688,40","","0,39%"
"07.08.2013","1.690,90","1.695,30","1.695,30","1.684,90","","-0,38%"
"06.08.2013","1.697,40","1.705,80","1.705,80","1.693,30","","-0,57%"
"05.08.2013","1.707,10","1.708,00","1.709,20","1.703,50","","-0,15%"
"02.08.2013","1.709,70","1.706,10","1.709,70","1.700,70","","0,16%"
"01.08.2013","1.706,90","1.689,40","1.707,80","1.689,40","","1,26%"
"31.07.2013","1.685,70","1.687,80","1.698,40","1.684,90","","-0,02%"
"30.07.2013","1.686,00","1.687,90","1.693,20","1.682,40","","0,04%"
"29.07.2013","1.685,30","1.690,30","1.690,90","1.681,90","","-0,38%"
"26.07.2013","1.691,70","1.687,30","1.691,80","1.676,00","","0,09%"
"25.07.2013","1.690,20","1.685,20","1.690,90","1.680,10","","0,26%"
"24.07.2013","1.685,90","1.696,10","1.698,40","1.682,60","","-0,38%"
"23.07.2013","1.692,40","1.696,60","1.698,80","1.691,10","","-0,18%"
"22.07.2013","1.695,50","1.694,40","1.697,60","1.690,70","","0,20%"
"19.07.2013","1.692,10","1.686,20","1.692,10","1.684,10","","0,16%"
"18.07.2013","1.689,40","1.681,00","1.693,10","1.681,00","","0,51%"
"17.07.2013","1.680,90","1.677,90","1.684,80","1.677,90","","0,27%"
"16.07.2013","1.676,30","1.682,70","1.683,70","1.671,80","","-0,37%"
"15.07.2013","1.682,50","1.679,60","1.684,50","1.677,90","","0,14%"
"12.07.2013","1.680,20","1.675,30","1.680,20","1.672,30","","0,31%"
"11.07.2013","1.675,00","1.657,40","1.676,60","1.657,40","","1,36%"
"10.07.2013","1.652,60","1.651,60","1.657,90","1.647,70","","0,02%"
"09.07.2013","1.652,30","1.642,90","1.654,20","1.642,90","","0,72%"
"08.07.2013","1.640,50","1.634,20","1.644,70","1.634,20","","0,53%"
"05.07.2013","1.631,90","1.618,70","1.632,10","1.614,70","","1,02%"
"03.07.2013","1.615,40","1.611,50","1.619,00","1.604,60","","0,08%"
"02.07.2013","1.614,10","1.614,30","1.624,30","1.606,80","","-0,06%"
"01.07.2013","1.615,00","1.609,80","1.626,60","1.609,80","","0,54%"
"28.06.2013","1.606,30","1.611,10","1.615,90","1.601,10","","-0,43%"
"27.06.2013","1.613,20","1.606,40","1.620,10","1.606,40","","0,62%"
"26.06.2013","1.603,30","1.592,30","1.606,80","1.592,30","","0,96%"
"25.06.2013","1.588,00","1.577,50","1.593,80","1.577,10","","0,95%"
"24.06.2013","1.573,10","1.588,80","1.588,80","1.560,30","","-1,21%"
"21.06.2013","1.592,40","1.588,60","1.599,20","1.577,70","","0,26%"
"20.06.2013","1.588,20","1.624,60","1.624,60","1.584,30","","-2,50%"
"19.06.2013","1.628,90","1.651,80","1.652,50","1.628,90","","-1,39%"
"18.06.2013","1.651,80","1.639,80","1.654,20","1.639,80","","0,78%"
"17.06.2013","1.639,00","1.630,60","1.646,50","1.630,30","","0,76%"
"14.06.2013","1.626,70","1.635,50","1.640,80","1.624,00","","-0,59%"
"13.06.2013","1.636,40","1.612,20","1.639,20","1.608,10","","1,48%"
"12.06.2013","1.612,50","1.629,90","1.637,70","1.610,90","","-0,84%"
"11.06.2013","1.626,10","1.638,60","1.640,10","1.622,90","","-1,02%"
"10.06.2013","1.642,80","1.644,70","1.648,70","1.639,30","","-0,04%"
"07.06.2013","1.643,40","1.625,30","1.644,40","1.625,30","","1,28%"
"06.06.2013","1.622,60","1.609,30","1.622,60","1.598,20","","0,85%"
"05.06.2013","1.608,90","1.629,00","1.629,30","1.607,10","","-1,38%"
"04.06.2013","1.631,40","1.640,70","1.646,50","1.623,60","","-0,55%"
"03.06.2013","1.640,40","1.631,70","1.640,40","1.622,70","","0,59%"
"31.05.2013","1.630,70","1.652,10","1.659,00","1.630,70","","-1,43%"
"30.05.2013","1.654,40","1.649,10","1.661,90","1.648,60","","0,36%"
"29.05.2013","1.648,40","1.656,60","1.656,60","1.640,00","","-0,70%"
"28.05.2013","1.660,10","1.652,60","1.674,20","1.652,60","","0,64%"
"24.05.2013","1.649,60","1.646,70","1.649,80","1.636,90","","-0,05%"
"23.05.2013","1.650,50","1.651,60","1.655,50","1.635,50","","-0,29%"
"22.05.2013","1.655,30","1.669,40","1.687,20","1.648,90","","-0,83%"
"21.05.2013","1.669,20","1.666,20","1.674,90","1.662,70","","0,17%"
"20.05.2013","1.666,30","1.665,70","1.672,80","1.663,50","","-0,07%"
"17.05.2013","1.667,50","1.652,50","1.667,50","1.652,50","","1,03%"
"16.05.2013","1.650,50","1.658,10","1.660,50","1.648,60","","-0,50%"
"15.05.2013","1.658,80","1.649,10","1.661,50","1.646,70","","0,52%"
"14.05.2013","1.650,30","1.633,80","1.651,10","1.633,80","","1,01%"
"13.05.2013","1.633,80","1.632,10","1.636,00","1.626,70","","0,01%"
"10.05.2013","1.633,70","1.626,70","1.633,70","1.623,70","","0,43%"
"09.05.2013","1.626,70","1.632,70","1.635,00","1.623,10","","-0,37%"
"08.05.2013","1.632,70","1.626,00","1.632,80","1.622,70","","0,41%"
"07.05.2013","1.626,00","1.617,50","1.626,00","1.616,60","","0,53%"
"06.05.2013","1.617,50","1.614,40","1.619,80","1.614,20","","0,19%"
"03.05.2013","1.614,40","1.597,60","1.618,50","1.597,60","","1,05%"
"02.05.2013","1.597,60","1.582,80","1.598,60","1.582,80","","0,94%"
"01.05.2013","1.582,70","1.597,50","1.597,50","1.581,30","","-0,93%"
"30.04.2013","1.597,60","1.593,60","1.597,60","1.586,50","","0,25%"
"29.04.2013","1.593,60","1.582,30","1.596,70","1.582,30","","0,72%"
"26.04.2013","1.582,20","1.585,20","1.585,80","1.577,60","","-0,19%"
"25.04.2013","1.585,20","1.578,90","1.592,60","1.578,90","","0,41%"
"24.04.2013","1.578,80","1.578,80","1.583,00","1.575,80","","0,00%"
"23.04.2013","1.578,80","1.562,50","1.579,60","1.562,50","","1,04%"
"22.04.2013","1.562,50","1.555,20","1.565,50","1.548,20","","0,47%"
"19.04.2013","1.555,20","1.541,60","1.555,90","1.539,40","","0,88%"
"18.04.2013","1.541,60","1.552,00","1.554,40","1.536,00","","-0,67%"
"17.04.2013","1.552,00","1.574,60","1.574,60","1.543,70","","-1,44%"
"16.04.2013","1.574,60","1.552,40","1.575,30","1.552,40","","1,43%"
"15.04.2013","1.552,40","1.588,80","1.588,80","1.552,30","","-2,29%"
"12.04.2013","1.588,80","1.593,30","1.593,30","1.580,00","","-0,29%"
"11.04.2013","1.593,40","1.587,70","1.597,30","1.586,20","","0,36%"
"10.04.2013","1.587,70","1.568,60","1.589,10","1.568,60","","1,22%"
"09.04.2013","1.568,60","1.563,10","1.573,90","1.560,90","","0,35%"
"08.04.2013","1.563,10","1.553,30","1.563,10","1.548,60","","0,63%"
"05.04.2013","1.553,30","1.560,00","1.560,00","1.539,50","","-0,43%"
"04.04.2013","1.560,00","1.553,70","1.562,60","1.552,50","","0,41%"
"03.04.2013","1.553,70","1.570,20","1.571,50","1.549,80","","-1,05%"
"02.04.2013","1.570,20","1.562,20","1.573,70","1.562,20","","0,51%"
"01.04.2013","1.562,20","1.569,20","1.570,60","1.558,50","","-0,45%"
"28.03.2013","1.569,20","1.562,90","1.570,30","1.561,10","","0,41%"
"27.03.2013","1.562,80","1.563,80","1.564,10","1.551,90","","-0,06%"
"26.03.2013","1.563,80","1.551,70","1.564,00","1.551,70","","0,78%"
"25.03.2013","1.551,70","1.556,90","1.564,90","1.546,20","","-0,33%"
"22.03.2013","1.556,90","1.545,90","1.557,70","1.545,90","","0,72%"
"21.03.2013","1.545,80","1.558,70","1.558,70","1.543,50","","-0,83%"
"20.03.2013","1.558,70","1.548,30","1.561,60","1.548,30","","0,67%"
"19.03.2013","1.548,30","1.552,10","1.557,20","1.538,60","","-0,24%"
"18.03.2013","1.552,10","1.560,70","1.560,70","1.545,10","","-0,55%"
"15.03.2013","1.560,70","1.563,20","1.563,60","1.555,70","","-0,16%"
"14.03.2013","1.563,20","1.554,50","1.563,30","1.554,50","","0,56%"
"13.03.2013","1.554,50","1.552,50","1.556,40","1.548,20","","0,13%"
"12.03.2013","1.552,50","1.556,20","1.556,80","1.548,20","","-0,24%"
"11.03.2013","1.556,20","1.551,20","1.556,30","1.547,40","","0,32%"
"08.03.2013","1.551,20","1.544,30","1.552,50","1.542,90","","0,45%"
"07.03.2013","1.544,30","1.541,50","1.545,80","1.541,50","","0,18%"
"06.03.2013","1.541,50","1.539,80","1.545,20","1.538,10","","0,11%"
"05.03.2013","1.539,80","1.525,20","1.543,50","1.525,20","","0,96%"
"04.03.2013","1.525,20","1.518,20","1.525,30","1.512,30","","0,46%"
"01.03.2013","1.518,20","1.514,70","1.520,00","1.501,50","","0,23%"
"28.02.2013","1.514,70","1.516,00","1.525,30","1.514,50","","-0,09%"
"27.02.2013","1.516,00","1.496,90","1.520,10","1.494,90","","1,28%"
"26.02.2013","1.496,90","1.487,80","1.499,00","1.485,00","","0,61%"
"25.02.2013","1.487,80","1.515,60","1.525,80","1.487,80","","-1,83%"
"22.02.2013","1.515,60","1.502,40","1.515,60","1.502,40","","0,88%"
"21.02.2013","1.502,40","1.512,00","1.512,00","1.497,30","","-0,63%"
"20.02.2013","1.512,00","1.530,90","1.530,90","1.511,40","","-1,23%"
"19.02.2013","1.530,90","1.519,80","1.530,90","1.519,80","","0,73%"
"15.02.2013","1.519,80","1.521,40","1.524,20","1.514,10","","-0,11%"
"14.02.2013","1.521,40","1.520,30","1.523,10","1.514,00","","0,07%"
"13.02.2013","1.520,30","1.519,40","1.524,70","1.515,90","","0,06%"
"12.02.2013","1.519,40","1.517,00","1.522,30","1.515,60","","0,16%"
"11.02.2013","1.517,00","1.517,90","1.518,30","1.513,60","","-0,06%"
"08.02.2013","1.517,90","1.509,40","1.518,30","1.509,40","","0,56%"
"07.02.2013","1.509,40","1.512,10","1.512,90","1.498,50","","-0,18%"
"06.02.2013","1.512,10","1.511,30","1.512,50","1.504,70","","0,05%"
"05.02.2013","1.511,30","1.495,70","1.515,00","1.495,70","","1,04%"
"04.02.2013","1.495,70","1.513,20","1.513,20","1.495,00","","-1,16%"
"01.02.2013","1.513,20","1.498,10","1.514,40","1.498,10","","1,01%"
"31.01.2013","1.498,10","1.502,00","1.504,20","1.496,80","","-0,26%"
"30.01.2013","1.502,00","1.507,80","1.509,90","1.500,10","","-0,38%"
"29.01.2013","1.507,80","1.500,20","1.509,30","1.498,10","","0,51%"
"28.01.2013","1.500,20","1.503,00","1.503,20","1.496,30","","-0,19%"
"25.01.2013","1.503,00","1.494,80","1.503,30","1.494,80","","0,55%"
"24.01.2013","1.494,80","1.494,80","1.502,30","1.489,50","","0,00%"
"23.01.2013","1.494,80","1.492,60","1.496,10","1.489,90","","0,15%"
"22.01.2013","1.492,60","1.486,00","1.492,60","1.481,20","","0,44%"
"18.01.2013","1.486,00","1.481,00","1.486,00","1.475,80","","0,34%"
"17.01.2013","1.480,90","1.472,60","1.485,20","1.472,60","","0,56%"
"16.01.2013","1.472,60","1.472,30","1.474,00","1.467,60","","0,02%"
"15.01.2013","1.472,30","1.470,70","1.473,30","1.463,80","","0,11%"
"14.01.2013","1.470,70","1.472,00","1.472,00","1.465,70","","-0,09%"
"11.01.2013","1.472,00","1.472,10","1.472,80","1.467,60","","-0,01%"
"10.01.2013","1.472,10","1.464,60","1.472,30","1.461,00","","0,76%"
"09.01.2013","1.461,00","1.457,20","1.464,70","1.457,20","","0,26%"
"08.01.2013","1.457,20","1.461,90","1.461,90","1.451,60","","-0,32%"
"07.01.2013","1.461,90","1.466,50","1.466,50","1.456,60","","-0,31%"
"04.01.2013","1.466,50","1.459,40","1.467,90","1.459,00","","0,49%"
"03.01.2013","1.459,40","1.462,40","1.465,50","1.455,50","","-0,21%"
"02.01.2013","1.462,40","1.426,20","1.462,40","1.426,20","","2,54%"
"31.12.2012","1.426,20","1.402,40","1.426,70","1.398,10","","1,70%"
"28.12.2012","1.402,40","1.418,10","1.418,10","1.401,60","","-1,11%"
"27.12.2012","1.418,10","1.419,80","1.422,80","1.401,80","","-0,12%"
"26.12.2012","1.419,80","1.426,70","1.429,40","1.416,40","","-0,48%"
"24.12.2012","1.426,70","1.430,20","1.430,20","1.424,70","","-0,24%"
"21.12.2012","1.430,20","1.443,70","1.443,70","1.422,60","","-0,94%"
"20.12.2012","1.443,70","1.435,80","1.443,70","1.432,80","","0,55%"
"19.12.2012","1.435,80","1.446,80","1.447,80","1.435,80","","-0,76%"
"18.12.2012","1.446,80","1.430,50","1.448,00","1.430,50","","1,15%"
"17.12.2012","1.430,40","1.413,50","1.430,70","1.413,50","","1,19%"
"14.12.2012","1.413,60","1.419,50","1.419,50","1.411,90","","-0,42%"
"13.12.2012","1.419,50","1.428,50","1.431,40","1.416,00","","-0,63%"
"12.12.2012","1.428,50","1.427,80","1.438,60","1.426,80","","0,05%"
"11.12.2012","1.427,80","1.418,50","1.434,30","1.418,50","","0,66%"
"10.12.2012","1.418,50","1.418,10","1.421,60","1.415,60","","0,03%"
"07.12.2012","1.418,10","1.414,00","1.420,30","1.410,90","","0,30%"
"06.12.2012","1.413,90","1.409,40","1.414,00","1.405,90","","0,33%"
"05.12.2012","1.409,30","1.407,00","1.415,60","1.398,20","","0,16%"
"04.12.2012","1.407,00","1.409,50","1.413,10","1.403,70","","-0,18%"
"03.12.2012","1.409,50","1.416,30","1.423,70","1.408,50","","-0,47%"
"30.11.2012","1.416,20","1.416,00","1.418,90","1.411,60","","0,01%"
"29.11.2012","1.416,00","1.410,00","1.419,70","1.409,00","","0,43%"
"28.11.2012","1.409,90","1.398,80","1.410,30","1.385,40","","0,79%"
"27.11.2012","1.398,90","1.406,30","1.409,00","1.398,00","","-0,53%"
"26.11.2012","1.406,30","1.409,20","1.409,20","1.397,70","","-0,21%"
"23.11.2012","1.409,20","1.391,00","1.409,20","1.391,00","","1,31%"
"21.11.2012","1.391,00","1.387,80","1.391,20","1.386,40","","0,23%"
"20.11.2012","1.387,80","1.386,80","1.389,80","1.377,00","","0,06%"
"19.11.2012","1.386,90","1.359,90","1.386,90","1.359,90","","1,99%"
"16.11.2012","1.359,90","1.353,40","1.362,00","1.343,30","","0,49%"
"15.11.2012","1.353,30","1.355,40","1.360,60","1.348,00","","-0,16%"
"14.11.2012","1.355,50","1.374,60","1.380,10","1.352,50","","-1,38%"
"13.11.2012","1.374,50","1.380,00","1.388,80","1.371,40","","-0,40%"
"12.11.2012","1.380,00","1.379,90","1.384,90","1.377,20","","0,01%"
"09.11.2012","1.379,80","1.377,50","1.391,40","1.373,00","","0,17%"
"08.11.2012","1.377,50","1.394,50","1.401,20","1.377,50","","-1,22%"
"07.11.2012","1.394,50","1.428,30","1.428,30","1.388,10","","-2,37%"
"06.11.2012","1.428,40","1.417,30","1.433,40","1.417,30","","0,78%"
"05.11.2012","1.417,30","1.414,00","1.419,90","1.408,10","","0,22%"
"02.11.2012","1.414,20","1.427,60","1.434,30","1.412,90","","-0,94%"
"01.11.2012","1.427,60","1.412,20","1.428,30","1.412,20","","1,09%"
"31.10.2012","1.412,20","1.411,00","1.418,80","1.406,00","","0,02%"
"26.10.2012","1.411,90","1.413,00","1.417,10","1.403,30","","-0,08%"
"25.10.2012","1.413,00","1.409,70","1.421,10","1.405,10","","0,30%"
"24.10.2012","1.408,80","1.413,20","1.420,00","1.407,10","","-0,30%"
"23.10.2012","1.413,10","1.433,70","1.433,70","1.407,60","","-1,44%"
"22.10.2012","1.433,80","1.433,20","1.435,50","1.422,10","","0,04%"
"19.10.2012","1.433,20","1.457,30","1.457,30","1.429,80","","-1,65%"
"18.10.2012","1.457,30","1.460,90","1.464,00","1.452,60","","-0,25%"
"17.10.2012","1.460,90","1.454,20","1.462,20","1.453,30","","0,41%"
"16.10.2012","1.454,90","1.440,30","1.455,50","1.440,30","","1,03%"
"15.10.2012","1.440,10","1.428,80","1.441,30","1.427,20","","0,80%"
"12.10.2012","1.428,60","1.432,80","1.438,40","1.425,50","","-0,29%"
"11.10.2012","1.432,80","1.432,80","1.443,90","1.432,80","","0,01%"
"10.10.2012","1.432,60","1.441,50","1.442,50","1.430,60","","-0,62%"
"09.10.2012","1.441,50","1.455,90","1.455,90","1.441,20","","-0,99%"
"08.10.2012","1.455,90","1.460,90","1.460,90","1.453,10","","-0,34%"
"05.10.2012","1.460,90","1.461,40","1.471,00","1.456,90","","-0,03%"
"04.10.2012","1.461,40","1.451,10","1.463,10","1.451,10","","0,72%"
"03.10.2012","1.451,00","1.446,00","1.454,30","1.442,00","","0,36%"
"02.10.2012","1.445,80","1.445,00","1.451,50","1.439,00","","0,09%"
"01.10.2012","1.444,50","1.440,90","1.457,10","1.440,90","","0,26%"
"28.09.2012","1.440,70","1.447,10","1.447,10","1.435,60","","-0,45%"
"27.09.2012","1.447,20","1.433,40","1.450,20","1.433,40","","0,97%"
"26.09.2012","1.433,30","1.441,60","1.441,60","1.430,50","","-0,58%"
"25.09.2012","1.441,60","1.456,90","1.463,20","1.441,60","","-1,05%"
"24.09.2012","1.456,90","1.459,80","1.460,70","1.452,10","","-0,23%"
"21.09.2012","1.460,20","1.460,30","1.467,10","1.459,50","","-0,01%"
"20.09.2012","1.460,30","1.461,00","1.461,20","1.450,00","","-0,05%"
"19.09.2012","1.461,00","1.459,50","1.465,20","1.457,90","","0,12%"
"18.09.2012","1.459,30","1.461,20","1.461,50","1.456,10","","-0,13%"
"17.09.2012","1.461,20","1.465,40","1.465,60","1.457,50","","-0,31%"
"14.09.2012","1.465,80","1.460,10","1.474,50","1.460,10","","0,40%"
"13.09.2012","1.460,00","1.436,60","1.463,80","1.435,30","","1,63%"
"12.09.2012","1.436,60","1.433,60","1.439,20","1.433,00","","0,21%"
"11.09.2012","1.433,60","1.429,10","1.437,80","1.429,10","","0,31%"
"10.09.2012","1.429,10","1.437,90","1.438,70","1.429,00","","-0,61%"
"07.09.2012","1.437,90","1.432,10","1.437,90","1.431,50","","0,41%"
"06.09.2012","1.432,10","1.403,40","1.432,10","1.403,40","","2,05%"
"05.09.2012","1.403,40","1.404,90","1.408,80","1.401,20","","-0,11%"
"04.09.2012","1.404,90","1.406,50","1.409,30","1.396,60","","-0,12%"
"31.08.2012","1.406,60","1.400,10","1.413,10","1.399,00","","0,51%"
"30.08.2012","1.399,50","1.410,10","1.410,10","1.397,00","","-0,78%"
"29.08.2012","1.410,50","1.409,30","1.414,00","1.406,60","","0,09%"
"28.08.2012","1.409,30","1.410,40","1.413,60","1.405,60","","-0,08%"
"27.08.2012","1.410,40","1.411,10","1.416,20","1.409,10","","-0,05%"
"24.08.2012","1.411,10","1.402,00","1.413,50","1.398,00","","0,64%"
"23.08.2012","1.402,10","1.413,50","1.413,50","1.400,50","","-0,81%"
"22.08.2012","1.413,50","1.413,10","1.416,10","1.406,80","","0,02%"
"21.08.2012","1.413,20","1.418,10","1.426,70","1.410,90","","-0,35%"
"20.08.2012","1.418,10","1.417,80","1.418,10","1.412,10","","-0,01%"
"17.08.2012","1.418,20","1.415,80","1.418,70","1.414,70","","0,19%"
"16.08.2012","1.415,50","1.406,60","1.417,40","1.404,20","","0,71%"
"15.08.2012","1.405,50","1.403,90","1.407,70","1.401,80","","0,11%"
"14.08.2012","1.403,90","1.404,40","1.410,00","1.400,60","","-0,01%"
"13.08.2012","1.404,10","1.405,90","1.405,90","1.397,30","","-0,13%"
"10.08.2012","1.405,90","1.402,60","1.406,00","1.395,60","","0,22%"
"09.08.2012","1.402,80","1.402,30","1.406,00","1.398,80","","0,04%"
"08.08.2012","1.402,20","1.401,20","1.404,10","1.396,10","","0,06%"
"07.08.2012","1.401,30","1.394,50","1.407,10","1.394,50","","0,51%"
"06.08.2012","1.394,20","1.391,00","1.399,60","1.391,00","","0,23%"
"03.08.2012","1.391,00","1.365,50","1.394,20","1.365,50","","1,90%"
"02.08.2012","1.365,00","1.375,10","1.375,10","1.354,70","","-0,73%"
"01.08.2012","1.375,10","1.379,30","1.385,00","1.373,30","","-0,30%"
"31.07.2012","1.379,30","1.385,30","1.387,20","1.379,20","","-0,43%"
"30.07.2012","1.385,30","1.385,90","1.391,70","1.381,40","","-0,05%"
"27.07.2012","1.386,00","1.360,00","1.389,20","1.360,00","","1,91%"
"26.07.2012","1.360,00","1.338,20","1.363,10","1.338,20","","1,65%"
"25.07.2012","1.337,90","1.338,30","1.344,00","1.331,50","","-0,03%"
"24.07.2012","1.338,30","1.350,50","1.351,50","1.329,20","","-0,90%"
"23.07.2012","1.350,50","1.362,30","1.362,30","1.337,60","","-0,90%"
"20.07.2012","1.362,70","1.376,50","1.376,50","1.362,20","","-1,00%"
"19.07.2012","1.376,50","1.373,00","1.380,40","1.371,20","","0,27%"
"18.07.2012","1.372,80","1.363,60","1.375,30","1.359,00","","0,67%"
"17.07.2012","1.363,70","1.353,70","1.365,40","1.345,10","","0,75%"
"16.07.2012","1.353,60","1.356,50","1.357,30","1.348,50","","-0,24%"
"13.07.2012","1.356,80","1.334,80","1.357,70","1.334,80","","1,65%"
"12.07.2012","1.334,80","1.341,30","1.341,30","1.325,40","","-0,50%"
"11.07.2012","1.341,50","1.341,40","1.345,00","1.333,20","","0,00%"
"10.07.2012","1.341,50","1.353,00","1.361,50","1.336,30","","-0,81%"
"09.07.2012","1.352,50","1.354,70","1.354,90","1.346,70","","-0,16%"
"06.07.2012","1.354,70","1.367,10","1.367,10","1.348,00","","-0,94%"
"05.07.2012","1.367,60","1.373,70","1.373,80","1.363,00","","-0,47%"
"03.07.2012","1.374,00","1.365,80","1.374,80","1.363,50","","0,62%"
"02.07.2012","1.365,50","1.362,30","1.366,30","1.355,70","","0,24%"
"29.06.2012","1.362,20","1.330,10","1.362,20","1.330,10","","2,50%"
"28.06.2012","1.329,00","1.331,50","1.331,50","1.313,30","","-0,21%"
"27.06.2012","1.331,80","1.320,70","1.334,40","1.320,70","","0,89%"
"26.06.2012","1.320,00","1.314,10","1.324,20","1.310,30","","0,48%"
"25.06.2012","1.313,70","1.334,90","1.334,90","1.309,30","","-1,60%"
"22.06.2012","1.335,00","1.325,90","1.337,80","1.325,90","","0,72%"
"21.06.2012","1.325,50","1.355,40","1.358,30","1.324,40","","-2,23%"
"20.06.2012","1.355,70","1.358,00","1.361,60","1.346,50","","-0,17%"
"19.06.2012","1.358,00","1.344,80","1.363,50","1.344,80","","0,98%"
"18.06.2012","1.344,80","1.342,40","1.348,20","1.334,50","","0,15%"
"15.06.2012","1.342,80","1.329,20","1.343,30","1.329,20","","1,03%"
"14.06.2012","1.329,10","1.314,90","1.333,70","1.314,10","","1,08%"
"13.06.2012","1.314,90","1.324,00","1.327,30","1.310,50","","-0,70%"
"12.06.2012","1.324,20","1.309,40","1.324,30","1.306,60","","1,17%"
"11.06.2012","1.308,90","1.325,70","1.335,50","1.307,70","","-1,27%"
"08.06.2012","1.325,70","1.315,00","1.325,80","1.307,80","","0,81%"
"07.06.2012","1.315,00","1.316,20","1.329,00","1.312,70","","-0,01%"
"06.06.2012","1.315,10","1.285,60","1.315,10","1.285,60","","2,30%"
"05.06.2012","1.285,50","1.277,80","1.287,60","1.274,20","","0,57%"
"04.06.2012","1.278,20","1.278,30","1.282,50","1.266,70","","0,02%"
"01.06.2012","1.278,00","1.309,90","1.309,90","1.277,20","","-2,47%"
"31.05.2012","1.310,30","1.313,10","1.319,70","1.298,90","","-0,23%"
"30.05.2012","1.313,30","1.331,20","1.331,20","1.310,80","","-1,43%"
"29.05.2012","1.332,40","1.318,90","1.334,90","1.318,90","","1,11%"
"25.05.2012","1.317,80","1.320,80","1.324,20","1.314,20","","-0,22%"
"24.05.2012","1.320,70","1.318,70","1.324,10","1.310,50","","0,14%"
"23.05.2012","1.318,90","1.316,00","1.320,70","1.296,50","","0,17%"
"22.05.2012","1.316,60","1.316,10","1.328,50","1.310,00","","0,05%"
"21.05.2012","1.316,00","1.295,70","1.316,40","1.295,70","","1,61%"
"18.05.2012","1.295,20","1.305,00","1.312,20","1.292,00","","-0,74%"
"17.05.2012","1.304,90","1.324,80","1.326,40","1.304,90","","-1,50%"
"16.05.2012","1.324,80","1.330,80","1.341,80","1.324,80","","-0,44%"
"15.05.2012","1.330,70","1.338,40","1.344,90","1.328,40","","-0,57%"
"14.05.2012","1.338,30","1.351,90","1.351,90","1.336,60","","-1,12%"
"11.05.2012","1.353,40","1.358,10","1.365,70","1.348,90","","-0,34%"
"10.05.2012","1.358,00","1.354,60","1.365,90","1.354,60","","0,25%"
"09.05.2012","1.354,60","1.363,20","1.363,70","1.343,10","","-0,67%"
"08.05.2012","1.363,70","1.369,20","1.369,20","1.347,80","","-0,43%"
"07.05.2012","1.369,60","1.368,80","1.373,90","1.363,90","","0,04%"
"04.05.2012","1.369,10","1.391,50","1.391,50","1.368,00","","-1,62%"
"03.05.2012","1.391,60","1.402,30","1.403,10","1.388,70","","-0,76%"
"02.05.2012","1.402,30","1.405,50","1.405,50","1.393,90","","-0,25%"
"01.05.2012","1.405,80","1.397,90","1.415,30","1.395,70","","0,57%"
"30.04.2012","1.397,90","1.403,30","1.403,30","1.394,00","","-0,39%"
"27.04.2012","1.403,40","1.400,20","1.406,60","1.397,30","","0,24%"
"26.04.2012","1.400,00","1.390,60","1.402,10","1.387,30","","0,67%"
"25.04.2012","1.390,70","1.372,10","1.391,40","1.372,10","","1,36%"
"24.04.2012","1.372,00","1.367,00","1.375,60","1.366,80","","0,37%"
"23.04.2012","1.366,90","1.378,50","1.378,50","1.358,80","","-0,84%"
"20.04.2012","1.378,50","1.377,00","1.387,40","1.377,00","","0,12%"
"19.04.2012","1.376,90","1.385,10","1.390,50","1.370,30","","-0,59%"
"18.04.2012","1.385,10","1.390,80","1.390,80","1.383,30","","-0,41%"
"17.04.2012","1.390,80","1.369,60","1.392,80","1.369,60","","1,55%"
"16.04.2012","1.369,60","1.370,30","1.379,70","1.365,40","","-0,05%"
"13.04.2012","1.370,30","1.387,60","1.387,60","1.369,80","","-1,25%"
"12.04.2012","1.387,60","1.368,80","1.388,10","1.368,80","","1,38%"
"11.04.2012","1.368,70","1.359,00","1.374,70","1.359,00","","0,74%"
"10.04.2012","1.358,60","1.382,20","1.383,00","1.357,40","","-1,71%"
"09.04.2012","1.382,20","1.397,50","1.397,50","1.378,20","","-1,14%"
"05.04.2012","1.398,10","1.398,80","1.401,60","1.392,90","","-0,06%"
"04.04.2012","1.399,00","1.413,10","1.413,10","1.394,10","","-1,02%"
"03.04.2012","1.413,40","1.419,00","1.419,00","1.404,60","","-0,39%"
"02.04.2012","1.419,00","1.408,50","1.422,40","1.404,50","","0,75%"
"30.03.2012","1.408,50","1.403,30","1.410,90","1.401,40","","0,37%"
"29.03.2012","1.403,30","1.405,40","1.405,40","1.391,60","","-0,16%"
"28.03.2012","1.405,50","1.412,50","1.413,70","1.397,20","","-0,50%"
"27.03.2012","1.412,50","1.416,50","1.419,20","1.412,00","","-0,28%"
"26.03.2012","1.416,50","1.397,10","1.416,60","1.397,10","","1,39%"
"23.03.2012","1.397,10","1.392,80","1.399,20","1.386,90","","0,31%"
"22.03.2012","1.392,80","1.402,90","1.402,90","1.388,70","","-0,72%"
"21.03.2012","1.402,90","1.405,50","1.407,80","1.400,60","","-0,18%"
"20.03.2012","1.405,50","1.409,60","1.409,60","1.397,70","","-0,31%"
"19.03.2012","1.409,80","1.404,20","1.414,00","1.402,40","","0,40%"
"16.03.2012","1.404,20","1.402,50","1.405,90","1.401,50","","0,11%"
"15.03.2012","1.402,60","1.394,20","1.402,60","1.392,80","","0,60%"
"14.03.2012","1.394,30","1.396,00","1.399,40","1.390,00","","-0,12%"
"13.03.2012","1.396,00","1.371,90","1.396,10","1.371,90","","1,82%"
"12.03.2012","1.371,10","1.370,80","1.373,00","1.366,70","","0,01%"
"09.03.2012","1.370,90","1.366,00","1.374,80","1.366,00","","0,37%"
"08.03.2012","1.365,90","1.352,70","1.368,70","1.352,70","","0,98%"
"07.03.2012","1.352,60","1.343,40","1.354,80","1.343,40","","0,68%"
"06.03.2012","1.343,40","1.363,60","1.363,60","1.340,00","","-1,53%"
"05.03.2012","1.364,30","1.369,60","1.369,60","1.359,10","","-0,39%"
"02.03.2012","1.369,60","1.374,10","1.374,50","1.366,40","","-0,33%"
"01.03.2012","1.374,10","1.365,90","1.376,20","1.365,90","","0,62%"
"29.02.2012","1.365,70","1.372,20","1.378,00","1.363,80","","-0,47%"
"28.02.2012","1.372,20","1.367,60","1.373,10","1.366,00","","0,34%"
"27.02.2012","1.367,60","1.365,20","1.371,90","1.354,90","","0,14%"
"24.02.2012","1.365,70","1.363,50","1.368,90","1.363,50","","0,16%"
"23.02.2012","1.363,50","1.357,50","1.364,20","1.352,30","","0,43%"
"22.02.2012","1.357,70","1.362,10","1.362,70","1.355,50","","-0,33%"
"21.02.2012","1.362,20","1.361,20","1.367,80","1.358,10","","0,07%"
"17.02.2012","1.361,20","1.358,10","1.363,40","1.357,20","","0,24%"
"16.02.2012","1.358,00","1.342,60","1.359,00","1.341,20","","1,10%"
"15.02.2012","1.343,20","1.350,50","1.355,90","1.340,80","","-0,54%"
"14.02.2012","1.350,50","1.351,30","1.351,30","1.340,80","","-0,10%"
"13.02.2012","1.351,80","1.343,10","1.353,30","1.343,10","","0,69%"
"10.02.2012","1.342,60","1.351,20","1.351,20","1.337,30","","-0,70%"
"09.02.2012","1.352,00","1.350,00","1.354,30","1.344,60","","0,15%"
"08.02.2012","1.350,00","1.347,00","1.351,00","1.342,00","","0,22%"
"07.02.2012","1.347,00","1.344,30","1.349,20","1.335,90","","0,20%"
"06.02.2012","1.344,30","1.344,30","1.344,40","1.337,50","","-0,04%"
"03.02.2012","1.344,90","1.326,20","1.345,30","1.326,20","","1,46%"
"02.02.2012","1.325,50","1.324,20","1.329,20","1.321,60","","0,11%"
"01.02.2012","1.324,10","1.312,50","1.330,50","1.312,50","","0,89%"
"31.01.2012","1.312,40","1.313,50","1.321,40","1.306,70","","-0,05%"
"30.01.2012","1.313,00","1.316,20","1.316,20","1.300,50","","-0,25%"
"27.01.2012","1.316,30","1.318,20","1.320,10","1.311,70","","-0,16%"
"26.01.2012","1.318,40","1.326,30","1.333,50","1.313,60","","-0,57%"
"25.01.2012","1.326,00","1.314,40","1.328,30","1.307,70","","0,86%"
"24.01.2012","1.314,70","1.316,00","1.316,00","1.306,10","","-0,10%"
"23.01.2012","1.316,00","1.315,30","1.322,30","1.309,90","","0,05%"
"20.01.2012","1.315,40","1.314,50","1.315,40","1.309,20","","0,07%"
"19.01.2012","1.314,50","1.308,10","1.315,50","1.308,10","","0,50%"
"18.01.2012","1.308,00","1.293,70","1.308,10","1.291,00","","1,11%"
"17.01.2012","1.293,70","1.290,20","1.303,00","1.290,20","","0,36%"
"13.01.2012","1.289,10","1.294,80","1.294,80","1.277,60","","-0,49%"
"12.01.2012","1.295,50","1.292,50","1.296,80","1.285,80","","0,23%"
"11.01.2012","1.292,50","1.292,00","1.293,80","1.285,40","","0,03%"
"10.01.2012","1.292,10","1.280,80","1.296,50","1.280,80","","0,89%"
"09.01.2012","1.280,70","1.277,80","1.282,00","1.274,50","","0,23%"
"06.01.2012","1.277,80","1.280,90","1.281,80","1.273,30","","-0,26%"
"05.01.2012","1.281,10","1.277,30","1.283,00","1.265,30","","0,30%"
"04.01.2012","1.277,30","1.277,00","1.278,70","1.268,10","","0,02%"
"03.01.2012","1.277,10","1.258,90","1.284,60","1.258,90","","1,55%"
"30.12.2011","1.257,60","1.262,80","1.264,10","1.257,50","","-0,43%"
"29.12.2011","1.263,00","1.249,80","1.263,50","1.249,80","","1,07%"
"28.12.2011","1.249,60","1.265,40","1.265,80","1.248,60","","-1,25%"
"27.12.2011","1.265,40","1.265,00","1.269,40","1.262,30","","0,01%"
"23.12.2011","1.265,30","1.254,00","1.265,40","1.254,00","","0,90%"
"22.12.2011","1.254,00","1.243,70","1.255,20","1.243,70","","0,83%"
"21.12.2011","1.243,70","1.241,20","1.245,10","1.229,50","","0,19%"
"20.12.2011","1.241,30","1.205,70","1.242,80","1.205,70","","2,99%"
"19.12.2011","1.205,30","1.219,70","1.224,60","1.202,40","","-1,18%"
"16.12.2011","1.219,70","1.216,10","1.231,00","1.215,20","","0,32%"
"15.12.2011","1.215,80","1.212,10","1.225,60","1.212,10","","0,33%"
"14.12.2011","1.211,80","1.225,70","1.225,70","1.209,50","","-1,13%"
"13.12.2011","1.225,70","1.236,80","1.249,90","1.219,40","","-0,87%"
"12.12.2011","1.236,50","1.255,00","1.255,00","1.227,20","","-1,49%"
"09.12.2011","1.255,20","1.234,50","1.258,20","1.234,50","","1,69%"
"08.12.2011","1.234,30","1.260,90","1.260,90","1.231,50","","-2,12%"
"07.12.2011","1.261,00","1.258,10","1.267,10","1.244,80","","0,20%"
"06.12.2011","1.258,50","1.257,20","1.266,00","1.253,00","","0,11%"
"05.12.2011","1.257,10","1.244,30","1.266,70","1.244,30","","1,03%"
"02.12.2011","1.244,30","1.246,00","1.260,10","1.243,30","","-0,02%"
"01.12.2011","1.244,60","1.246,90","1.251,10","1.239,70","","-0,19%"
"30.11.2011","1.247,00","1.196,70","1.247,10","1.196,70","","4,33%"
"29.11.2011","1.195,20","1.192,60","1.203,70","1.191,80","","0,23%"
"28.11.2011","1.192,50","1.158,70","1.197,30","1.158,70","","2,92%"
"25.11.2011","1.158,70","1.161,40","1.172,70","1.158,70","","-0,27%"
"23.11.2011","1.161,80","1.187,50","1.187,50","1.161,80","","-2,21%"
"22.11.2011","1.188,00","1.193,00","1.196,80","1.181,70","","-0,42%"
"21.11.2011","1.193,00","1.215,60","1.215,60","1.183,20","","-1,87%"
"18.11.2011","1.215,70","1.216,20","1.223,50","1.211,40","","-0,03%"
"17.11.2011","1.216,10","1.236,60","1.237,70","1.209,40","","-1,68%"
"16.11.2011","1.236,90","1.257,80","1.259,60","1.235,70","","-1,66%"
"15.11.2011","1.257,80","1.251,70","1.264,20","1.244,30","","0,48%"
"14.11.2011","1.251,80","1.263,80","1.263,80","1.246,70","","-0,95%"
"11.11.2011","1.263,80","1.240,10","1.267,00","1.240,10","","1,94%"
"10.11.2011","1.239,70","1.229,60","1.246,20","1.227,70","","0,86%"
"09.11.2011","1.229,10","1.275,20","1.275,20","1.226,60","","-3,67%"
"08.11.2011","1.275,90","1.261,10","1.277,50","1.255,00","","1,17%"
"07.11.2011","1.261,10","1.253,20","1.261,70","1.240,80","","0,63%"
"04.11.2011","1.253,20","1.260,80","1.260,80","1.238,90","","-0,63%"
"03.11.2011","1.261,20","1.238,20","1.263,20","1.234,80","","1,88%"
"02.11.2011","1.237,90","1.219,60","1.242,50","1.219,60","","1,61%"
"01.11.2011","1.218,30","1.251,00","1.251,00","1.215,40","","-2,79%"
"31.10.2011","1.253,30","1.285,00","1.285,00","1.253,20","","-2,47%"
"28.10.2011","1.285,10","1.284,40","1.287,10","1.277,00","","0,04%"
"27.10.2011","1.284,60","1.244,00","1.292,70","1.244,00","","3,43%"
"26.10.2011","1.242,00","1.229,20","1.246,30","1.221,10","","1,06%"
"25.10.2011","1.229,00","1.254,20","1.254,20","1.226,80","","-2,01%"
"24.10.2011","1.254,20","1.238,70","1.256,50","1.238,70","","1,29%"
"21.10.2011","1.238,20","1.215,40","1.239,00","1.215,40","","1,88%"
"20.10.2011","1.215,40","1.211,10","1.219,50","1.197,30","","0,45%"
"19.10.2011","1.209,90","1.223,50","1.229,60","1.206,30","","-1,26%"
"18.10.2011","1.225,40","1.200,80","1.233,10","1.191,50","","2,04%"
"17.10.2011","1.200,90","1.224,50","1.224,50","1.198,50","","-1,94%"
"14.10.2011","1.224,60","1.205,70","1.224,60","1.205,70","","1,74%"
"13.10.2011","1.203,70","1.207,00","1.207,50","1.190,60","","-0,29%"
"12.10.2011","1.207,20","1.196,20","1.220,20","1.196,20","","0,98%"
"11.10.2011","1.195,50","1.194,60","1.199,20","1.187,30","","0,05%"
"10.10.2011","1.194,90","1.158,20","1.194,90","1.158,20","","3,41%"
"07.10.2011","1.155,50","1.165,00","1.171,40","1.150,30","","-0,82%"
"06.10.2011","1.165,00","1.144,10","1.165,50","1.135,00","","1,84%"
"05.10.2011","1.144,00","1.124,00","1.146,10","1.115,70","","1,78%"
"04.10.2011","1.124,00","1.097,40","1.125,10","1.074,80","","2,26%"
"03.10.2011","1.099,20","1.131,20","1.139,00","1.098,90","","-2,85%"
"30.09.2011","1.131,40","1.159,90","1.159,90","1.131,30","","-2,50%"
"29.09.2011","1.160,40","1.151,70","1.175,90","1.139,90","","0,81%"
"28.09.2011","1.151,10","1.175,40","1.184,70","1.150,40","","-2,07%"
"27.09.2011","1.175,40","1.163,30","1.195,90","1.163,30","","1,07%"
"26.09.2011","1.163,00","1.136,90","1.164,20","1.131,10","","2,34%"
"23.09.2011","1.136,40","1.128,80","1.141,70","1.121,40","","0,60%"
"22.09.2011","1.129,60","1.164,50","1.164,50","1.114,20","","-3,19%"
"21.09.2011","1.166,80","1.203,60","1.206,30","1.166,20","","-2,94%"
"20.09.2011","1.202,10","1.204,50","1.220,40","1.201,30","","-0,17%"
"19.09.2011","1.204,10","1.215,00","1.215,00","1.188,40","","-0,98%"
"16.09.2011","1.216,00","1.209,20","1.220,10","1.204,50","","0,57%"
"15.09.2011","1.209,10","1.189,40","1.209,10","1.189,40","","1,72%"
"14.09.2011","1.188,70","1.173,30","1.202,40","1.162,70","","1,35%"
"13.09.2011","1.172,90","1.162,60","1.176,40","1.157,40","","0,91%"
"12.09.2011","1.162,30","1.153,50","1.162,50","1.136,10","","0,70%"
"09.09.2011","1.154,20","1.185,40","1.185,40","1.148,40","","-2,67%"
"08.09.2011","1.185,90","1.198,00","1.204,40","1.183,30","","-1,06%"
"07.09.2011","1.198,60","1.165,80","1.198,60","1.165,80","","2,87%"
"06.09.2011","1.165,20","1.174,00","1.174,00","1.140,10","","-0,75%"
"02.09.2011","1.174,00","1.203,90","1.203,90","1.170,60","","-2,52%"
"01.09.2011","1.204,40","1.219,10","1.229,30","1.203,80","","-1,19%"
"31.08.2011","1.218,90","1.213,00","1.230,70","1.209,30","","0,49%"
"30.08.2011","1.212,90","1.209,80","1.220,10","1.195,80","","0,23%"
"29.08.2011","1.210,10","1.177,90","1.210,30","1.177,90","","2,83%"
"26.08.2011","1.176,80","1.158,80","1.181,20","1.135,90","","1,51%"
"25.08.2011","1.159,30","1.176,70","1.190,70","1.155,50","","-1,55%"
"24.08.2011","1.177,60","1.162,20","1.178,60","1.156,30","","1,32%"
"23.08.2011","1.162,30","1.124,40","1.162,30","1.122,90","","3,43%"
"22.08.2011","1.123,80","1.123,50","1.145,50","1.121,10","","0,03%"
"19.08.2011","1.123,50","1.140,50","1.154,50","1.122,00","","-1,51%"
"18.08.2011","1.140,70","1.189,60","1.189,60","1.131,00","","-4,46%"
"17.08.2011","1.193,90","1.192,90","1.208,50","1.184,40","","0,09%"
"16.08.2011","1.192,80","1.204,20","1.204,20","1.180,50","","-0,97%"
"15.08.2011","1.204,50","1.178,90","1.204,50","1.178,90","","2,18%"
"12.08.2011","1.178,80","1.172,90","1.189,00","1.170,70","","0,53%"
"11.08.2011","1.172,60","1.121,30","1.186,30","1.121,30","","4,62%"
"10.08.2011","1.120,80","1.171,80","1.171,80","1.118,00","","-4,41%"
"09.08.2011","1.172,50","1.120,20","1.172,90","1.101,50","","4,73%"
"08.08.2011","1.119,50","1.198,50","1.198,50","1.119,30","","-6,66%"
"05.08.2011","1.199,40","1.200,30","1.218,10","1.168,10","","-0,06%"
"04.08.2011","1.200,10","1.260,20","1.260,20","1.199,50","","-4,78%"
"03.08.2011","1.260,30","1.254,20","1.261,20","1.234,60","","0,50%"
"02.08.2011","1.254,00","1.286,60","1.286,60","1.254,00","","-2,56%"
"01.08.2011","1.286,90","1.292,60","1.307,40","1.274,70","","-0,42%"
"29.07.2011","1.292,30","1.300,10","1.304,20","1.282,90","","-0,65%"
"28.07.2011","1.300,70","1.304,80","1.316,30","1.299,20","","-0,32%"
"27.07.2011","1.304,90","1.331,90","1.331,90","1.303,50","","-2,03%"
"26.07.2011","1.331,90","1.337,40","1.338,50","1.329,60","","-0,41%"
"25.07.2011","1.337,40","1.344,30","1.344,30","1.331,10","","-0,57%"
"22.07.2011","1.345,00","1.343,80","1.346,10","1.337,00","","0,09%"
"21.07.2011","1.343,80","1.325,70","1.347,00","1.325,70","","1,36%"
"20.07.2011","1.325,80","1.328,70","1.330,40","1.323,70","","-0,07%"
"19.07.2011","1.326,70","1.307,10","1.328,10","1.307,10","","1,63%"
"18.07.2011","1.305,40","1.315,90","1.315,90","1.295,90","","-0,81%"
"15.07.2011","1.316,10","1.308,90","1.317,70","1.307,50","","0,55%"
"14.07.2011","1.308,90","1.317,70","1.326,90","1.306,50","","-0,67%"
"13.07.2011","1.317,70","1.314,50","1.331,50","1.314,50","","0,31%"
"12.07.2011","1.313,60","1.319,60","1.327,20","1.313,30","","-0,45%"
"11.07.2011","1.319,50","1.343,30","1.343,30","1.316,40","","-1,81%"
"08.07.2011","1.343,80","1.352,40","1.352,40","1.333,70","","-0,69%"
"07.07.2011","1.353,20","1.339,60","1.356,50","1.339,60","","1,05%"
"06.07.2011","1.339,20","1.337,60","1.340,90","1.330,90","","0,10%"
"05.07.2011","1.337,90","1.339,60","1.340,90","1.334,30","","-0,13%"
"01.07.2011","1.339,70","1.320,60","1.341,00","1.318,20","","1,45%"
"30.06.2011","1.320,60","1.307,60","1.322,00","1.307,60","","1,01%"
"29.06.2011","1.307,40","1.296,80","1.309,20","1.296,80","","0,83%"
"28.06.2011","1.296,70","1.280,20","1.296,80","1.280,20","","1,30%"
"27.06.2011","1.280,10","1.268,40","1.284,90","1.267,50","","0,91%"
"24.06.2011","1.268,50","1.283,00","1.283,90","1.267,20","","-1,17%"
"23.06.2011","1.283,50","1.286,60","1.286,60","1.262,90","","-0,28%"
"22.06.2011","1.287,10","1.295,50","1.298,60","1.286,80","","-0,65%"
"21.06.2011","1.295,50","1.278,40","1.297,60","1.278,40","","1,34%"
"20.06.2011","1.278,40","1.271,50","1.280,40","1.267,60","","0,54%"
"17.06.2011","1.271,50","1.268,60","1.279,80","1.267,40","","0,31%"
"16.06.2011","1.267,60","1.265,50","1.274,10","1.258,10","","0,17%"
"15.06.2011","1.265,40","1.287,90","1.287,90","1.261,90","","-1,75%"
"14.06.2011","1.287,90","1.272,20","1.292,50","1.272,20","","1,27%"
"13.06.2011","1.271,80","1.271,30","1.277,00","1.265,60","","0,06%"
"10.06.2011","1.271,00","1.288,60","1.288,60","1.268,30","","-1,40%"
"09.06.2011","1.289,00","1.279,60","1.294,50","1.279,60","","0,73%"
"08.06.2011","1.279,60","1.284,60","1.287,00","1.277,40","","-0,41%"
"07.06.2011","1.284,90","1.286,30","1.296,20","1.284,70","","-0,10%"
"06.06.2011","1.286,20","1.300,30","1.300,30","1.284,70","","-1,08%"
"03.06.2011","1.300,20","1.312,90","1.312,90","1.297,90","","-0,97%"
"02.06.2011","1.312,90","1.314,50","1.318,00","1.305,60","","-0,12%"
"01.06.2011","1.314,50","1.345,20","1.345,20","1.313,70","","-2,28%"
"31.05.2011","1.345,20","1.331,10","1.345,20","1.331,10","","1,06%"
"27.05.2011","1.331,10","1.325,70","1.334,60","1.325,70","","0,41%"
"26.05.2011","1.325,70","1.320,60","1.328,50","1.314,40","","0,39%"
"25.05.2011","1.320,50","1.316,40","1.325,90","1.311,80","","0,32%"
"24.05.2011","1.316,30","1.317,70","1.323,70","1.313,90","","-0,08%"
"23.05.2011","1.317,40","1.333,10","1.333,10","1.312,90","","-1,19%"
"20.05.2011","1.333,30","1.342,00","1.342,00","1.330,70","","-0,77%"
"19.05.2011","1.343,60","1.342,40","1.346,80","1.336,40","","0,22%"
"18.05.2011","1.340,70","1.328,50","1.341,80","1.326,60","","0,88%"
"17.05.2011","1.329,00","1.326,10","1.330,40","1.318,50","","-0,04%"
"16.05.2011","1.329,50","1.334,80","1.343,30","1.327,30","","-0,62%"
"13.05.2011","1.337,80","1.348,70","1.350,50","1.333,40","","-0,81%"
"12.05.2011","1.348,70","1.339,40","1.351,00","1.332,00","","0,49%"
"11.05.2011","1.342,10","1.354,50","1.354,50","1.336,40","","-1,11%"
"10.05.2011","1.357,20","1.348,30","1.359,40","1.348,30","","0,81%"
"09.05.2011","1.346,30","1.340,20","1.349,40","1.338,60","","0,46%"
"06.05.2011","1.340,20","1.340,20","1.354,40","1.335,60","","0,38%"
"05.05.2011","1.335,10","1.344,20","1.348,00","1.329,20","","-0,91%"
"04.05.2011","1.347,30","1.355,90","1.355,90","1.341,50","","-0,69%"
"03.05.2011","1.356,60","1.359,80","1.360,80","1.349,50","","-0,34%"
"02.05.2011","1.361,20","1.365,20","1.370,60","1.358,60","","-0,18%"
"29.04.2011","1.363,60","1.360,10","1.364,60","1.358,70","","0,23%"
"28.04.2011","1.360,50","1.353,90","1.361,70","1.353,60","","0,35%"
"27.04.2011","1.355,70","1.348,40","1.357,50","1.344,20","","0,63%"
"26.04.2011","1.347,20","1.336,80","1.349,50","1.336,80","","0,90%"
"25.04.2011","1.335,20","1.337,10","1.337,50","1.331,50","","-0,16%"
"21.04.2011","1.337,40","1.333,20","1.337,50","1.332,80","","0,53%"
"20.04.2011","1.330,40","1.319,10","1.332,70","1.319,10","","1,36%"
"19.04.2011","1.312,60","1.306,00","1.312,70","1.304,00","","0,57%"
"18.04.2011","1.305,10","1.313,30","1.313,30","1.294,70","","-1,11%"
"15.04.2011","1.319,70","1.314,50","1.322,90","1.313,70","","0,40%"
"14.04.2011","1.314,50","1.311,10","1.316,80","1.302,40","","0,01%"
"13.04.2011","1.314,40","1.314,00","1.321,30","1.309,20","","0,02%"
"12.04.2011","1.314,20","1.322,00","1.322,00","1.309,50","","-0,78%"
"11.04.2011","1.324,50","1.329,00","1.333,80","1.321,10","","-0,28%"
"08.04.2011","1.328,20","1.336,20","1.339,50","1.322,90","","-0,40%"
"07.04.2011","1.333,50","1.334,80","1.338,80","1.326,60","","-0,15%"
"06.04.2011","1.335,50","1.335,90","1.339,40","1.331,10","","0,22%"
"05.04.2011","1.332,60","1.332,00","1.338,20","1.330,00","","-0,02%"
"04.04.2011","1.332,90","1.333,60","1.336,70","1.329,10","","0,04%"
"01.04.2011","1.332,40","1.329,50","1.337,80","1.328,90","","0,50%"
"31.03.2011","1.325,80","1.327,40","1.329,80","1.325,00","","-0,19%"
"30.03.2011","1.328,30","1.321,90","1.331,70","1.321,90","","0,67%"
"29.03.2011","1.319,40","1.309,40","1.319,50","1.305,30","","0,70%"
"28.03.2011","1.310,20","1.315,50","1.319,70","1.310,20","","-0,27%"
"25.03.2011","1.313,80","1.311,80","1.319,20","1.310,20","","0,31%"
"24.03.2011","1.309,70","1.300,60","1.311,30","1.297,70","","0,94%"
"23.03.2011","1.297,50","1.292,20","1.300,50","1.284,00","","0,29%"
"22.03.2011","1.293,80","1.298,30","1.299,30","1.292,70","","-0,35%"
"21.03.2011","1.298,40","1.281,70","1.300,60","1.281,70","","1,50%"
"18.03.2011","1.279,20","1.276,70","1.288,90","1.276,20","","0,43%"
"17.03.2011","1.273,70","1.261,60","1.278,90","1.261,60","","1,34%"
"16.03.2011","1.256,90","1.279,50","1.280,90","1.249,00","","-1,95%"
"15.03.2011","1.281,90","1.288,50","1.288,50","1.261,10","","-1,12%"
"14.03.2011","1.296,40","1.301,20","1.301,20","1.286,40","","-0,61%"
"11.03.2011","1.304,30","1.293,40","1.308,30","1.292,00","","0,71%"
"10.03.2011","1.295,10","1.315,70","1.315,70","1.294,20","","-1,89%"
"09.03.2011","1.320,00","1.319,90","1.323,20","1.312,30","","-0,14%"
"08.03.2011","1.321,80","1.311,00","1.325,70","1.306,90","","0,89%"
"07.03.2011","1.310,10","1.322,70","1.327,70","1.304,00","","-0,84%"
"04.03.2011","1.321,20","1.330,70","1.331,10","1.312,60","","-0,74%"
"03.03.2011","1.331,00","1.312,40","1.332,30","1.312,40","","1,73%"
"02.03.2011","1.308,40","1.305,50","1.314,20","1.302,60","","0,16%"
"01.03.2011","1.306,30","1.328,60","1.332,10","1.306,10","","-1,57%"
"28.02.2011","1.327,20","1.321,60","1.329,40","1.320,50","","0,55%"
"25.02.2011","1.319,90","1.307,30","1.320,60","1.307,30","","1,06%"
"24.02.2011","1.306,10","1.307,10","1.310,90","1.294,30","","-0,10%"
"23.02.2011","1.307,40","1.315,40","1.317,90","1.299,50","","-0,61%"
"22.02.2011","1.315,40","1.338,90","1.338,90","1.312,30","","-2,06%"
"18.02.2011","1.343,00","1.340,40","1.344,10","1.338,10","","0,19%"
"17.02.2011","1.340,40","1.334,40","1.341,50","1.331,00","","0,31%"
"16.02.2011","1.336,30","1.329,50","1.337,60","1.329,50","","0,63%"
"15.02.2011","1.328,00","1.330,40","1.330,40","1.324,60","","-0,32%"
"14.02.2011","1.332,30","1.328,70","1.333,00","1.326,90","","0,23%"
"11.02.2011","1.329,20","1.318,70","1.330,80","1.316,10","","0,55%"
"10.02.2011","1.321,90","1.318,10","1.322,80","1.311,70","","0,08%"
"09.02.2011","1.320,90","1.322,50","1.324,50","1.314,90","","-0,28%"
"08.02.2011","1.324,60","1.318,80","1.324,90","1.316,00","","0,42%"
"07.02.2011","1.319,00","1.311,80","1.322,80","1.311,80","","0,62%"
"04.02.2011","1.310,90","1.307,00","1.311,00","1.301,70","","0,29%"
"03.02.2011","1.307,10","1.302,80","1.308,60","1.294,80","","0,24%"
"02.02.2011","1.304,00","1.305,90","1.307,60","1.302,60","","-0,28%"
"01.02.2011","1.307,60","1.289,10","1.308,90","1.289,10","","1,67%"
"31.01.2011","1.286,10","1.276,50","1.287,20","1.276,50","","0,77%"
"28.01.2011","1.276,30","1.299,60","1.302,70","1.275,10","","-1,79%"
"27.01.2011","1.299,50","1.297,50","1.301,30","1.294,40","","0,22%"
"26.01.2011","1.296,60","1.292,00","1.299,70","1.292,00","","0,42%"
"25.01.2011","1.291,20","1.288,20","1.291,30","1.281,10","","0,03%"
"24.01.2011","1.290,80","1.283,30","1.291,90","1.282,50","","0,58%"
"21.01.2011","1.283,30","1.283,60","1.291,20","1.282,10","","0,23%"
"20.01.2011","1.280,30","1.280,80","1.283,30","1.271,30","","-0,12%"
"19.01.2011","1.281,90","1.294,50","1.294,60","1.278,90","","-1,01%"
"18.01.2011","1.295,00","1.293,20","1.296,10","1.290,20","","0,14%"
"14.01.2011","1.293,20","1.282,90","1.293,20","1.281,20","","0,73%"
"13.01.2011","1.283,80","1.285,80","1.286,70","1.280,50","","-0,17%"
"12.01.2011","1.286,00","1.275,70","1.286,90","1.275,70","","0,90%"
"11.01.2011","1.274,50","1.272,60","1.277,20","1.269,60","","0,37%"
"10.01.2011","1.269,80","1.270,80","1.271,50","1.262,20","","-0,13%"
"07.01.2011","1.271,50","1.274,40","1.276,80","1.261,70","","-0,18%"
"06.01.2011","1.273,80","1.276,30","1.278,20","1.270,40","","-0,22%"
"05.01.2011","1.276,60","1.268,80","1.277,60","1.265,40","","0,50%"
"04.01.2011","1.270,20","1.273,00","1.274,10","1.262,70","","-0,13%"
"03.01.2011","1.271,90","1.257,60","1.276,20","1.257,60","","1,14%"
"31.12.2010","1.257,60","1.256,80","1.259,30","1.254,20","","-0,02%"
"30.12.2010","1.257,90","1.259,40","1.261,10","1.256,30","","-0,15%"
"29.12.2010","1.259,80","1.258,80","1.262,60","1.258,80","","0,10%"
"28.12.2010","1.258,50","1.259,10","1.259,90","1.256,20","","0,08%"
"27.12.2010","1.257,50","1.254,70","1.258,40","1.251,50","","0,06%"
"23.12.2010","1.256,80","1.257,50","1.258,60","1.254,00","","-0,16%"
"22.12.2010","1.258,80","1.254,90","1.259,40","1.254,90","","0,33%"
"21.12.2010","1.254,60","1.249,40","1.255,80","1.249,40","","0,60%"
"20.12.2010","1.247,10","1.245,80","1.250,20","1.241,50","","0,26%"
"17.12.2010","1.243,90","1.243,60","1.245,80","1.239,90","","0,08%"
"16.12.2010","1.242,90","1.236,30","1.243,80","1.232,80","","0,62%"
"15.12.2010","1.235,20","1.241,60","1.244,20","1.234,00","","-0,52%"
"14.12.2010","1.241,60","1.241,80","1.246,60","1.238,20","","0,09%"
"13.12.2010","1.240,50","1.242,50","1.246,70","1.240,30","","0,01%"
"10.12.2010","1.240,40","1.233,80","1.240,40","1.232,60","","0,60%"
"09.12.2010","1.233,00","1.230,10","1.234,70","1.226,80","","0,38%"
"08.12.2010","1.228,30","1.225,00","1.228,90","1.219,50","","0,37%"
"07.12.2010","1.223,80","1.227,20","1.235,00","1.223,20","","0,06%"
"06.12.2010","1.223,10","1.223,90","1.225,80","1.220,70","","-0,13%"
"03.12.2010","1.224,70","1.219,90","1.225,60","1.216,80","","0,26%"
"02.12.2010","1.221,50","1.206,80","1.221,90","1.206,80","","1,28%"
"01.12.2010","1.206,10","1.186,60","1.207,60","1.186,60","","2,17%"
"30.11.2010","1.180,50","1.183,00","1.187,40","1.174,10","","-0,61%"
"29.11.2010","1.187,80","1.189,10","1.190,30","1.173,60","","-0,13%"
"26.11.2010","1.189,40","1.194,20","1.194,20","1.186,90","","-0,74%"
"24.11.2010","1.198,30","1.183,70","1.198,60","1.183,70","","1,49%"
"23.11.2010","1.180,70","1.192,50","1.192,50","1.176,90","","-1,43%"
"22.11.2010","1.197,80","1.198,10","1.198,90","1.184,60","","-0,16%"
"19.11.2010","1.199,70","1.196,10","1.200,00","1.189,40","","0,25%"
"18.11.2010","1.196,70","1.183,80","1.200,30","1.183,80","","1,54%"
"17.11.2010","1.178,60","1.178,30","1.183,60","1.175,80","","0,03%"
"16.11.2010","1.178,30","1.194,80","1.194,80","1.173,00","","-1,63%"
"15.11.2010","1.197,80","1.200,40","1.207,40","1.197,20","","-0,12%"
"12.11.2010","1.199,20","1.209,10","1.210,50","1.194,10","","-1,18%"
"11.11.2010","1.213,50","1.213,00","1.215,50","1.204,50","","-0,43%"
"10.11.2010","1.218,70","1.213,10","1.218,80","1.204,30","","0,44%"
"09.11.2010","1.213,40","1.223,60","1.226,80","1.208,90","","-0,80%"
"08.11.2010","1.223,20","1.223,20","1.224,60","1.217,50","","-0,21%"
"05.11.2010","1.225,80","1.221,20","1.227,10","1.220,30","","0,38%"
"04.11.2010","1.221,10","1.198,30","1.221,20","1.198,30","","1,93%"
"03.11.2010","1.198,00","1.193,80","1.198,30","1.183,60","","0,37%"
"02.11.2010","1.193,60","1.187,90","1.195,90","1.187,90","","0,78%"
"01.11.2010","1.184,40","1.185,70","1.195,80","1.177,70","","0,09%"
"29.10.2010","1.183,30","1.183,90","1.185,50","1.179,70","","-0,04%"
"28.10.2010","1.183,80","1.184,50","1.189,50","1.177,10","","0,11%"
"27.10.2010","1.182,50","1.183,80","1.183,80","1.171,70","","-0,26%"
"26.10.2010","1.185,60","1.184,90","1.187,10","1.177,70","","0,00%"
"25.10.2010","1.185,60","1.184,70","1.196,10","1.184,70","","0,21%"
"22.10.2010","1.183,10","1.180,50","1.183,90","1.179,00","","0,24%"
"21.10.2010","1.180,30","1.179,80","1.189,40","1.171,20","","0,18%"
"20.10.2010","1.178,20","1.166,70","1.182,90","1.166,70","","1,05%"
"19.10.2010","1.165,90","1.178,60","1.178,60","1.159,70","","-1,59%"
"18.10.2010","1.184,70","1.176,80","1.185,50","1.174,50","","0,72%"
"15.10.2010","1.176,20","1.177,50","1.181,20","1.167,10","","0,20%"
"14.10.2010","1.173,80","1.177,80","1.178,90","1.166,70","","-0,36%"
"13.10.2010","1.178,10","1.171,30","1.184,40","1.171,30","","0,71%"
"12.10.2010","1.169,80","1.164,30","1.172,60","1.155,70","","0,39%"
"11.10.2010","1.165,30","1.165,30","1.168,70","1.162,00","","0,01%"
"08.10.2010","1.165,20","1.158,40","1.167,70","1.155,60","","0,61%"
"07.10.2010","1.158,10","1.161,60","1.163,90","1.151,40","","-0,16%"
"06.10.2010","1.160,00","1.159,80","1.162,30","1.154,80","","-0,07%"
"05.10.2010","1.160,80","1.140,70","1.162,80","1.140,70","","2,09%"
"04.10.2010","1.137,00","1.145,00","1.148,20","1.131,90","","-0,80%"
"01.10.2010","1.146,20","1.143,50","1.150,30","1.139,40","","0,44%"
"30.09.2010","1.141,20","1.146,00","1.157,20","1.136,10","","-0,31%"
"29.09.2010","1.144,70","1.146,80","1.148,60","1.140,30","","-0,26%"
"28.09.2010","1.147,70","1.142,30","1.150,00","1.132,10","","0,48%"
"27.09.2010","1.142,20","1.148,60","1.149,90","1.142,00","","-0,57%"
"24.09.2010","1.148,70","1.131,70","1.148,90","1.131,70","","2,12%"
"23.09.2010","1.124,80","1.131,10","1.136,80","1.122,80","","-0,84%"
"22.09.2010","1.134,30","1.139,50","1.144,40","1.131,60","","-0,48%"
"21.09.2010","1.139,80","1.142,80","1.148,60","1.136,20","","-0,25%"
"20.09.2010","1.142,70","1.126,60","1.144,90","1.126,60","","1,52%"
"17.09.2010","1.125,60","1.126,40","1.131,50","1.122,40","","0,08%"
"16.09.2010","1.124,70","1.123,90","1.125,40","1.118,90","","-0,04%"
"15.09.2010","1.125,10","1.119,40","1.126,50","1.114,60","","0,36%"
"14.09.2010","1.121,10","1.121,20","1.127,40","1.115,60","","-0,07%"
"13.09.2010","1.121,90","1.113,40","1.123,90","1.113,40","","1,12%"
"10.09.2010","1.109,50","1.104,60","1.110,90","1.103,90","","0,48%"
"09.09.2010","1.104,20","1.101,20","1.110,30","1.101,20","","0,48%"
"08.09.2010","1.098,90","1.092,40","1.103,30","1.092,40","","0,65%"
"07.09.2010","1.091,80","1.102,60","1.102,60","1.091,20","","-1,15%"
"03.09.2010","1.104,50","1.093,60","1.105,10","1.093,60","","1,32%"
"02.09.2010","1.090,10","1.080,70","1.090,10","1.080,40","","0,91%"
"01.09.2010","1.080,30","1.049,70","1.081,30","1.049,70","","2,95%"
"31.08.2010","1.049,30","1.046,90","1.055,10","1.040,90","","0,04%"
"30.08.2010","1.048,90","1.062,90","1.064,40","1.048,80","","-1,47%"
"27.08.2010","1.064,60","1.049,30","1.065,20","1.039,70","","1,66%"
"26.08.2010","1.047,20","1.056,30","1.061,50","1.045,40","","-0,77%"
"25.08.2010","1.055,30","1.049,00","1.059,40","1.039,80","","0,32%"
"24.08.2010","1.051,90","1.063,20","1.063,20","1.046,70","","-1,45%"
"23.08.2010","1.067,40","1.073,40","1.081,60","1.067,10","","-0,40%"
"20.08.2010","1.071,70","1.075,60","1.075,60","1.063,90","","-0,36%"
"19.08.2010","1.075,60","1.092,40","1.092,40","1.070,70","","-1,70%"
"18.08.2010","1.094,20","1.092,10","1.099,80","1.085,80","","0,16%"
"17.08.2010","1.092,50","1.081,20","1.100,10","1.081,20","","1,21%"
"16.08.2010","1.079,40","1.077,50","1.082,60","1.069,50","","0,02%"
"13.08.2010","1.079,20","1.082,20","1.086,20","1.079,00","","-0,41%"
"12.08.2010","1.083,60","1.081,50","1.086,70","1.076,70","","-0,54%"
"11.08.2010","1.089,50","1.116,90","1.116,90","1.088,50","","-2,82%"
"10.08.2010","1.121,10","1.122,90","1.127,20","1.111,60","","-0,59%"
"09.08.2010","1.127,80","1.122,80","1.129,20","1.120,90","","0,55%"
"06.08.2010","1.121,60","1.122,10","1.123,10","1.107,20","","-0,37%"
"05.08.2010","1.125,80","1.125,80","1.126,60","1.118,80","","-0,12%"
"04.08.2010","1.127,20","1.121,10","1.128,80","1.119,50","","0,60%"
"03.08.2010","1.120,50","1.125,30","1.125,40","1.116,80","","-0,48%"
"02.08.2010","1.125,90","1.107,50","1.127,30","1.107,50","","2,21%"
"30.07.2010","1.101,60","1.098,40","1.106,40","1.088,00","","0,01%"
"29.07.2010","1.101,50","1.108,10","1.115,90","1.092,80","","-0,42%"
"28.07.2010","1.106,10","1.112,80","1.114,70","1.103,10","","-0,69%"
"27.07.2010","1.113,80","1.117,40","1.121,00","1.109,80","","-0,11%"
"26.07.2010","1.115,00","1.102,90","1.115,00","1.101,30","","1,12%"
"23.07.2010","1.102,70","1.092,20","1.103,70","1.087,90","","0,82%"
"22.07.2010","1.093,70","1.072,10","1.097,50","1.072,10","","2,25%"
"21.07.2010","1.069,60","1.086,70","1.089,00","1.065,20","","-1,28%"
"20.07.2010","1.083,50","1.064,50","1.083,90","1.056,90","","1,15%"
"19.07.2010","1.071,20","1.066,80","1.074,70","1.061,10","","0,59%"
"16.07.2010","1.064,90","1.093,80","1.093,80","1.063,30","","-2,88%"
"15.07.2010","1.096,50","1.094,50","1.098,70","1.080,50","","0,12%"
"14.07.2010","1.095,20","1.095,60","1.099,10","1.087,70","","-0,01%"
"13.07.2010","1.095,30","1.080,70","1.099,50","1.080,70","","1,53%"
"12.07.2010","1.078,80","1.077,20","1.080,80","1.070,50","","0,07%"
"09.07.2010","1.078,00","1.070,50","1.078,20","1.068,10","","0,73%"
"08.07.2010","1.070,20","1.062,90","1.071,20","1.058,20","","0,93%"
"07.07.2010","1.060,30","1.028,50","1.060,90","1.028,50","","3,13%"
"06.07.2010","1.028,10","1.028,10","1.042,50","1.018,40","","0,54%"
"02.07.2010","1.022,60","1.027,70","1.033,00","1.015,90","","-0,47%"
"01.07.2010","1.027,40","1.031,10","1.033,60","1.010,90","","-0,32%"
"30.06.2010","1.030,70","1.040,60","1.048,10","1.028,30","","-1,01%"
"29.06.2010","1.041,20","1.071,10","1.071,10","1.035,20","","-3,11%"
"28.06.2010","1.074,60","1.077,50","1.082,60","1.071,50","","-0,20%"
"25.06.2010","1.076,80","1.075,10","1.083,60","1.067,90","","0,29%"
"24.06.2010","1.073,70","1.090,90","1.090,90","1.071,60","","-1,68%"
"23.06.2010","1.092,00","1.095,60","1.099,60","1.085,30","","-0,30%"
"22.06.2010","1.095,30","1.113,90","1.118,50","1.094,20","","-1,61%"
"21.06.2010","1.113,20","1.122,80","1.131,20","1.108,20","","-0,38%"
"18.06.2010","1.117,50","1.116,20","1.121,00","1.113,90","","0,13%"
"17.06.2010","1.116,00","1.116,00","1.117,70","1.105,90","","0,13%"
"16.06.2010","1.114,60","1.114,00","1.118,70","1.107,10","","-0,05%"
"15.06.2010","1.115,20","1.091,20","1.115,60","1.091,20","","2,35%"
"14.06.2010","1.089,60","1.095,00","1.105,90","1.089,00","","-0,18%"
"11.06.2010","1.091,60","1.082,70","1.092,20","1.077,10","","0,44%"
"10.06.2010","1.086,80","1.058,80","1.087,80","1.058,80","","2,95%"
"09.06.2010","1.055,70","1.062,80","1.077,70","1.052,20","","-0,59%"
"08.06.2010","1.062,00","1.050,80","1.063,20","1.042,20","","1,09%"
"07.06.2010","1.050,50","1.065,80","1.071,40","1.049,90","","-1,35%"
"04.06.2010","1.064,90","1.098,40","1.098,40","1.060,50","","-3,44%"
"03.06.2010","1.102,80","1.098,80","1.105,70","1.091,80","","0,40%"
"02.06.2010","1.098,40","1.073,00","1.098,60","1.072,00","","2,59%"
"01.06.2010","1.070,70","1.087,30","1.094,80","1.069,90","","-1,72%"
"28.05.2010","1.089,40","1.102,60","1.102,60","1.084,80","","-1,24%"
"27.05.2010","1.103,10","1.074,30","1.103,50","1.074,30","","3,29%"
"26.05.2010","1.068,00","1.075,50","1.090,80","1.065,60","","-0,56%"
"25.05.2010","1.074,00","1.067,40","1.074,80","1.040,80","","0,03%"
"24.05.2010","1.073,70","1.084,80","1.090,00","1.072,70","","-1,29%"
"21.05.2010","1.087,70","1.067,30","1.090,20","1.055,90","","1,50%"
"20.05.2010","1.071,60","1.107,30","1.107,30","1.071,60","","-3,89%"
"19.05.2010","1.115,00","1.119,60","1.124,30","1.100,70","","-0,52%"
"18.05.2010","1.120,80","1.138,80","1.148,70","1.117,20","","-1,42%"
"17.05.2010","1.136,90","1.136,50","1.141,90","1.115,00","","0,11%"
"14.05.2010","1.135,70","1.157,20","1.157,20","1.126,10","","-1,87%"
"13.05.2010","1.157,40","1.170,00","1.173,60","1.156,10","","-1,22%"
"12.05.2010","1.171,70","1.155,40","1.172,90","1.155,40","","1,38%"
"11.05.2010","1.155,80","1.156,40","1.170,50","1.147,70","","-0,34%"
"10.05.2010","1.159,70","1.122,30","1.163,80","1.122,30","","4,39%"
"07.05.2010","1.110,90","1.127,00","1.135,10","1.094,20","","-1,53%"
"06.05.2010","1.128,20","1.164,40","1.167,60","1.065,80","","-3,23%"
"05.05.2010","1.165,90","1.169,20","1.176,00","1.158,20","","-0,66%"
"04.05.2010","1.173,60","1.197,50","1.197,50","1.168,10","","-2,39%"
"03.05.2010","1.202,30","1.188,60","1.205,10","1.188,60","","1,31%"
"30.04.2010","1.186,70","1.206,80","1.208,00","1.186,30","","-1,67%"
"29.04.2010","1.206,80","1.193,30","1.209,40","1.193,30","","1,29%"
"28.04.2010","1.191,40","1.184,60","1.195,00","1.181,80","","0,65%"
"27.04.2010","1.183,70","1.209,90","1.211,40","1.181,60","","-2,33%"
"26.04.2010","1.212,00","1.217,10","1.219,80","1.211,10","","-0,44%"
"23.04.2010","1.217,30","1.207,90","1.217,30","1.205,10","","0,71%"
"22.04.2010","1.208,70","1.202,50","1.210,30","1.190,20","","0,23%"
"21.04.2010","1.205,90","1.207,20","1.211,00","1.198,80","","-0,11%"
"20.04.2010","1.207,20","1.199,00","1.208,60","1.199,00","","0,81%"
"19.04.2010","1.197,50","1.192,10","1.197,90","1.183,70","","0,45%"
"16.04.2010","1.192,10","1.210,20","1.210,20","1.186,80","","-1,62%"
"15.04.2010","1.211,70","1.210,80","1.213,90","1.208,50","","0,08%"
"14.04.2010","1.210,70","1.198,70","1.210,70","1.198,70","","1,12%"
"13.04.2010","1.197,30","1.195,90","1.199,00","1.188,80","","0,07%"
"12.04.2010","1.196,50","1.194,90","1.199,20","1.194,70","","0,18%"
"09.04.2010","1.194,40","1.187,50","1.194,70","1.187,20","","0,67%"
"08.04.2010","1.186,40","1.181,80","1.188,50","1.175,10","","0,33%"
"07.04.2010","1.182,50","1.188,20","1.189,60","1.177,20","","-0,58%"
"06.04.2010","1.189,40","1.186,00","1.191,80","1.182,80","","0,17%"
"05.04.2010","1.187,40","1.178,70","1.187,70","1.178,70","","0,79%"
"01.04.2010","1.178,10","1.171,20","1.181,40","1.170,70","","0,74%"
"31.03.2010","1.169,40","1.171,80","1.174,60","1.165,80","","-0,33%"
"30.03.2010","1.173,30","1.173,80","1.177,80","1.168,90","","0,01%"
"29.03.2010","1.173,20","1.167,70","1.174,80","1.167,70","","0,57%"
"26.03.2010","1.166,60","1.167,60","1.173,90","1.161,50","","0,08%"
"25.03.2010","1.165,70","1.170,00","1.180,70","1.165,10","","-0,17%"
"24.03.2010","1.167,70","1.172,70","1.173,00","1.166,00","","-0,55%"
"23.03.2010","1.174,20","1.166,50","1.174,70","1.163,80","","0,72%"
"22.03.2010","1.165,80","1.157,20","1.167,80","1.152,90","","0,51%"
"19.03.2010","1.159,90","1.166,70","1.169,20","1.155,30","","-0,51%"
"18.03.2010","1.165,80","1.166,10","1.167,80","1.161,20","","-0,03%"
"17.03.2010","1.166,20","1.159,90","1.169,80","1.159,90","","0,58%"
"16.03.2010","1.159,50","1.150,80","1.160,30","1.150,30","","0,78%"
"15.03.2010","1.150,50","1.148,50","1.151,00","1.141,50","","0,04%"
"12.03.2010","1.150,00","1.151,70","1.153,40","1.147,00","","-0,02%"
"11.03.2010","1.150,20","1.144,00","1.150,20","1.139,00","","0,40%"
"10.03.2010","1.145,60","1.140,20","1.148,30","1.140,10","","0,45%"
"09.03.2010","1.140,50","1.137,60","1.145,40","1.134,90","","0,18%"
"08.03.2010","1.138,50","1.138,40","1.141,00","1.136,80","","-0,02%"
"05.03.2010","1.138,70","1.125,10","1.139,40","1.125,10","","1,40%"
"04.03.2010","1.123,00","1.119,10","1.123,70","1.116,70","","0,38%"
"03.03.2010","1.118,80","1.119,40","1.125,60","1.116,60","","0,04%"
"02.03.2010","1.118,30","1.117,00","1.123,50","1.116,50","","0,23%"
"01.03.2010","1.115,70","1.105,40","1.116,10","1.105,40","","1,01%"
"26.02.2010","1.104,50","1.103,10","1.107,20","1.097,60","","0,15%"
"25.02.2010","1.102,90","1.101,20","1.103,50","1.086,00","","-0,21%"
"24.02.2010","1.105,20","1.095,90","1.106,40","1.095,50","","0,97%"
"23.02.2010","1.094,60","1.107,50","1.108,60","1.092,20","","-1,21%"
"22.02.2010","1.108,00","1.110,00","1.112,30","1.105,40","","-0,11%"
"19.02.2010","1.109,20","1.105,50","1.112,40","1.100,80","","0,22%"
"18.02.2010","1.106,80","1.099,00","1.108,20","1.097,50","","0,66%"
"17.02.2010","1.099,50","1.096,10","1.101,00","1.094,70","","0,42%"
"16.02.2010","1.094,90","1.079,10","1.095,70","1.079,10","","1,80%"
"12.02.2010","1.075,50","1.076,00","1.077,80","1.063,00","","-0,28%"
"11.02.2010","1.078,50","1.067,10","1.080,00","1.060,60","","0,97%"
"10.02.2010","1.068,10","1.069,70","1.073,70","1.059,30","","-0,22%"
"09.02.2010","1.070,50","1.060,10","1.079,30","1.060,10","","1,31%"
"08.02.2010","1.056,70","1.065,50","1.071,20","1.056,50","","-0,89%"
"05.02.2010","1.066,20","1.064,10","1.067,10","1.044,50","","0,29%"
"04.02.2010","1.063,10","1.097,20","1.097,20","1.062,80","","-3,12%"
"03.02.2010","1.097,30","1.100,70","1.102,70","1.094,00","","-0,54%"
"02.02.2010","1.103,30","1.090,00","1.104,70","1.088,00","","1,29%"
"01.02.2010","1.089,20","1.073,90","1.089,40","1.073,90","","1,42%"
"29.01.2010","1.073,90","1.087,60","1.096,50","1.071,60","","-0,98%"
"28.01.2010","1.084,50","1.096,90","1.100,20","1.078,50","","-1,18%"
"27.01.2010","1.097,50","1.091,90","1.099,50","1.083,10","","0,49%"
"26.01.2010","1.092,20","1.095,80","1.103,70","1.089,90","","-0,42%"
"25.01.2010","1.096,80","1.092,40","1.103,00","1.092,40","","0,46%"
"22.01.2010","1.091,80","1.115,50","1.115,50","1.090,20","","-2,21%"
"21.01.2010","1.116,50","1.138,70","1.141,60","1.114,80","","-1,89%"
"20.01.2010","1.138,00","1.148,00","1.148,00","1.129,20","","-1,06%"
"19.01.2010","1.150,20","1.136,00","1.150,50","1.135,80","","1,25%"
"15.01.2010","1.136,00","1.147,70","1.147,80","1.131,40","","-1,09%"
"14.01.2010","1.148,50","1.145,70","1.150,40","1.143,80","","0,24%"
"13.01.2010","1.145,70","1.137,30","1.148,40","1.133,20","","0,84%"
"12.01.2010","1.136,20","1.143,80","1.143,80","1.131,80","","-0,94%"
"11.01.2010","1.147,00","1.146,00","1.149,70","1.142,00","","0,17%"
"08.01.2010","1.145,00","1.140,50","1.145,40","1.136,20","","0,29%"
"07.01.2010","1.141,70","1.136,30","1.142,50","1.131,30","","0,40%"
"06.01.2010","1.137,10","1.135,70","1.139,20","1.134,00","","0,05%"
"05.01.2010","1.136,50","1.132,70","1.136,60","1.129,70","","0,31%"
"04.01.2010","1.133,00","1.116,60","1.133,90","1.116,60","","1,61%"
"31.12.2009","1.115,10","1.126,60","1.127,60","1.114,80","","-1,00%"
"30.12.2009","1.126,40","1.125,50","1.126,40","1.121,90","","0,02%"
"29.12.2009","1.126,20","1.128,50","1.130,40","1.126,10","","-0,14%"
"28.12.2009","1.127,80","1.127,50","1.130,40","1.123,50","","0,12%"
"24.12.2009","1.126,50","1.121,10","1.126,50","1.121,10","","0,53%"
"23.12.2009","1.120,60","1.118,80","1.121,60","1.116,00","","0,23%"
"22.12.2009","1.118,00","1.114,50","1.120,30","1.114,50","","0,36%"
"21.12.2009","1.114,00","1.105,30","1.117,70","1.105,30","","1,04%"
"18.12.2009","1.102,50","1.097,90","1.103,70","1.093,90","","0,58%"
"17.12.2009","1.096,10","1.106,40","1.106,40","1.095,90","","-1,18%"
"16.12.2009","1.109,20","1.108,60","1.116,20","1.108,00","","0,12%"
"15.12.2009","1.107,90","1.114,10","1.114,10","1.105,30","","-0,56%"
"14.12.2009","1.114,10","1.107,80","1.114,80","1.107,80","","0,70%"
"11.12.2009","1.106,40","1.104,00","1.108,50","1.101,30","","0,37%"
"10.12.2009","1.102,30","1.098,70","1.106,20","1.098,70","","0,57%"
"09.12.2009","1.096,00","1.091,10","1.097,00","1.085,90","","0,38%"
"08.12.2009","1.091,90","1.103,00","1.103,00","1.088,60","","-1,02%"
"07.12.2009","1.103,20","1.105,50","1.110,70","1.100,80","","-0,25%"
"04.12.2009","1.106,00","1.100,40","1.119,10","1.096,50","","0,55%"
"03.12.2009","1.099,90","1.110,60","1.117,30","1.098,70","","-0,84%"
"02.12.2009","1.109,20","1.109,00","1.115,60","1.105,30","","0,03%"
"01.12.2009","1.108,90","1.098,90","1.112,30","1.098,90","","1,21%"
"30.11.2009","1.095,60","1.091,10","1.097,20","1.086,20","","0,38%"
"27.11.2009","1.091,50","1.105,50","1.105,50","1.083,70","","-1,72%"
"25.11.2009","1.110,60","1.106,50","1.111,20","1.104,80","","0,44%"
"24.11.2009","1.105,70","1.105,80","1.107,60","1.097,60","","-0,05%"
"23.11.2009","1.106,20","1.094,90","1.112,40","1.094,90","","1,36%"
"20.11.2009","1.091,40","1.094,70","1.094,70","1.086,80","","-0,32%"
"19.11.2009","1.094,90","1.106,40","1.106,40","1.088,40","","-1,34%"
"18.11.2009","1.109,80","1.109,40","1.111,10","1.102,70","","-0,05%"
"17.11.2009","1.110,30","1.109,20","1.110,50","1.102,20","","0,09%"
"16.11.2009","1.109,30","1.094,10","1.113,70","1.094,10","","1,44%"
"13.11.2009","1.093,50","1.087,60","1.097,80","1.085,30","","0,58%"
"12.11.2009","1.087,20","1.098,30","1.102,00","1.084,90","","-1,03%"
"11.11.2009","1.098,50","1.096,00","1.105,40","1.093,80","","0,50%"
"10.11.2009","1.093,00","1.091,90","1.096,40","1.087,40","","-0,01%"
"09.11.2009","1.093,10","1.072,30","1.093,20","1.072,30","","2,23%"
"06.11.2009","1.069,30","1.065,00","1.071,50","1.059,30","","0,25%"
"05.11.2009","1.066,60","1.047,30","1.066,70","1.047,30","","1,92%"
"04.11.2009","1.046,50","1.047,10","1.061,00","1.045,20","","0,11%"
"03.11.2009","1.045,40","1.040,90","1.046,40","1.033,90","","0,24%"
"02.11.2009","1.042,90","1.036,20","1.052,20","1.029,40","","0,65%"
"30.10.2009","1.036,20","1.065,40","1.065,40","1.033,40","","-2,80%"
"29.10.2009","1.066,10","1.043,70","1.066,80","1.043,70","","2,25%"
"28.10.2009","1.042,60","1.061,50","1.063,30","1.042,20","","-1,96%"
"27.10.2009","1.063,40","1.067,50","1.072,50","1.060,60","","-0,34%"
"26.10.2009","1.067,00","1.080,40","1.091,80","1.065,20","","-1,17%"
"23.10.2009","1.079,60","1.095,60","1.095,80","1.075,50","","-1,22%"
"22.10.2009","1.092,90","1.081,00","1.095,20","1.074,30","","1,06%"
"21.10.2009","1.081,40","1.090,40","1.101,40","1.080,80","","-0,89%"
"20.10.2009","1.091,10","1.098,60","1.098,60","1.086,20","","-0,62%"
"19.10.2009","1.097,90","1.088,20","1.100,20","1.086,50","","0,94%"
"16.10.2009","1.087,70","1.094,70","1.094,70","1.081,50","","-0,81%"
"15.10.2009","1.096,60","1.090,40","1.096,60","1.086,40","","0,42%"
"14.10.2009","1.092,00","1.078,70","1.093,20","1.078,70","","1,75%"
"13.10.2009","1.073,20","1.075,00","1.075,30","1.066,70","","-0,28%"
"12.10.2009","1.076,20","1.071,60","1.079,50","1.071,60","","0,44%"
"09.10.2009","1.071,50","1.065,30","1.071,50","1.063,00","","0,56%"
"08.10.2009","1.065,50","1.060,00","1.070,70","1.060,00","","0,75%"
"07.10.2009","1.057,60","1.053,70","1.058,00","1.050,10","","0,27%"
"06.10.2009","1.054,70","1.042,00","1.060,50","1.042,00","","1,36%"
"05.10.2009","1.040,50","1.026,90","1.042,60","1.025,90","","1,49%"
"02.10.2009","1.025,20","1.029,70","1.030,60","1.020,00","","-0,45%"
"01.10.2009","1.029,80","1.054,90","1.054,90","1.029,50","","-2,58%"
"30.09.2009","1.057,10","1.061,00","1.063,40","1.046,50","","-0,33%"
"29.09.2009","1.060,60","1.063,70","1.069,60","1.057,80","","-0,23%"
"28.09.2009","1.063,00","1.045,40","1.065,10","1.045,40","","1,78%"
"25.09.2009","1.044,40","1.049,50","1.053,50","1.041,20","","-0,61%"
"24.09.2009","1.050,80","1.062,60","1.066,30","1.045,80","","-0,95%"
"23.09.2009","1.060,90","1.072,70","1.080,20","1.060,40","","-1,01%"
"22.09.2009","1.071,70","1.066,30","1.073,80","1.066,30","","0,66%"
"21.09.2009","1.064,70","1.067,10","1.067,30","1.057,50","","-0,34%"
"18.09.2009","1.068,30","1.066,60","1.071,50","1.064,30","","0,26%"
"17.09.2009","1.065,50","1.067,90","1.074,80","1.061,20","","-0,31%"
"16.09.2009","1.068,80","1.054,00","1.068,80","1.052,90","","1,54%"
"15.09.2009","1.052,60","1.049,00","1.056,00","1.043,40","","0,31%"
"14.09.2009","1.049,30","1.040,20","1.049,70","1.035,00","","0,63%"
"11.09.2009","1.042,70","1.043,90","1.048,20","1.038,40","","-0,13%"
"10.09.2009","1.044,10","1.033,00","1.044,10","1.028,00","","1,04%"
"09.09.2009","1.033,40","1.025,40","1.036,30","1.024,00","","0,78%"
"08.09.2009","1.025,40","1.018,70","1.026,10","1.018,70","","0,89%"
"04.09.2009","1.016,40","1.003,80","1.016,50","1.001,60","","1,32%"
"03.09.2009","1.003,20","996,10","1.003,40","992,20","","0,84%"
"02.09.2009","994,80","996,10","1.000,30","992,00","","-0,32%"
"01.09.2009","998,00","1.019,50","1.028,50","996,30","","-2,21%"
"31.08.2009","1.020,60","1.025,20","1.025,20","1.014,60","","-0,81%"
"28.08.2009","1.028,90","1.031,60","1.039,50","1.023,10","","-0,20%"
"27.08.2009","1.031,00","1.027,80","1.033,30","1.016,20","","0,28%"
"26.08.2009","1.028,10","1.027,30","1.032,50","1.021,60","","0,01%"
"25.08.2009","1.028,00","1.026,60","1.037,80","1.026,20","","0,23%"
"24.08.2009","1.025,60","1.026,60","1.035,80","1.022,50","","-0,05%"
"21.08.2009","1.026,10","1.009,10","1.027,60","1.009,10","","1,86%"
"20.08.2009","1.007,40","996,40","1.008,90","996,40","","1,09%"
"19.08.2009","996,50","986,90","999,60","980,60","","0,69%"
"18.08.2009","989,70","980,60","991,20","980,60","","1,02%"
"17.08.2009","979,70","998,20","998,20","978,50","","-2,43%"
"14.08.2009","1.004,10","1.012,20","1.012,60","994,60","","-0,85%"
"13.08.2009","1.012,70","1.005,90","1.013,10","1.000,80","","0,69%"
"12.08.2009","1.005,80","994,00","1.012,80","993,40","","1,15%"
"11.08.2009","994,40","1.005,80","1.005,80","992,40","","-1,26%"
"10.08.2009","1.007,10","1.008,90","1.010,10","1.001,00","","-0,34%"
"07.08.2009","1.010,50","999,80","1.018,00","999,80","","1,34%"
"06.08.2009","997,10","1.004,10","1.008,00","992,50","","-0,56%"
"05.08.2009","1.002,70","1.005,40","1.006,60","994,30","","-0,29%"
"04.08.2009","1.005,60","1.001,40","1.007,10","996,70","","0,30%"
"03.08.2009","1.002,60","990,20","1.003,60","990,20","","1,53%"
"31.07.2009","987,50","986,80","993,20","982,90","","0,07%"
"30.07.2009","986,80","976,00","996,70","976,00","","1,20%"
"29.07.2009","975,10","977,70","977,80","968,60","","-0,46%"
"28.07.2009","979,60","981,50","982,40","969,40","","-0,26%"
"27.07.2009","982,20","978,60","982,50","972,30","","0,30%"
"24.07.2009","979,30","972,20","979,80","966,00","","0,31%"
"23.07.2009","976,30","954,10","979,40","953,30","","2,33%"
"22.07.2009","954,10","953,40","959,80","947,80","","-0,05%"
"21.07.2009","954,60","952,00","956,50","943,20","","0,37%"
"20.07.2009","951,10","942,10","951,60","941,00","","1,14%"
"17.07.2009","940,40","940,60","941,90","934,60","","-0,03%"
"16.07.2009","940,70","930,20","944,00","927,50","","0,86%"
"15.07.2009","932,70","910,10","934,00","910,10","","2,97%"
"14.07.2009","905,80","900,80","905,80","896,50","","0,53%"
"13.07.2009","901,00","879,60","901,00","875,30","","2,49%"
"10.07.2009","879,10","880,00","883,60","872,80","","-0,41%"
"09.07.2009","882,70","881,30","887,90","878,50","","0,35%"
"08.07.2009","879,60","881,90","886,80","869,30","","-0,16%"
"07.07.2009","881,00","898,60","898,60","879,90","","-1,97%"
"06.07.2009","898,70","894,30","898,70","886,40","","0,26%"
"02.07.2009","896,40","921,20","921,20","896,40","","-2,91%"
"01.07.2009","923,30","920,80","931,90","920,80","","0,44%"
"30.06.2009","919,30","927,10","930,00","912,90","","-0,85%"
"29.06.2009","927,20","919,90","928,00","916,20","","0,90%"
"26.06.2009","918,90","918,80","922,00","913,00","","-0,15%"
"25.06.2009","920,30","899,50","921,40","896,30","","2,15%"
"24.06.2009","900,90","896,30","910,90","896,30","","0,65%"
"23.06.2009","895,10","893,50","898,70","888,90","","0,24%"
"22.06.2009","893,00","918,10","918,10","893,00","","-3,06%"
"19.06.2009","921,20","920,00","927,10","915,80","","0,30%"
"18.06.2009","918,40","910,90","921,90","907,90","","0,85%"
"17.06.2009","910,70","911,90","918,40","903,80","","-0,14%"
"16.06.2009","912,00","925,60","928,00","911,60","","-1,27%"
"15.06.2009","923,70","942,50","942,50","919,60","","-2,38%"
"12.06.2009","946,20","943,40","946,30","935,70","","0,14%"
"11.06.2009","944,90","939,00","956,20","939,00","","0,62%"
"10.06.2009","939,10","942,70","949,80","928,00","","-0,35%"
"09.06.2009","942,40","940,40","946,90","936,10","","0,35%"
"08.06.2009","939,10","938,10","946,30","926,40","","-0,11%"
"05.06.2009","940,10","945,70","951,70","934,10","","-0,25%"
"04.06.2009","942,50","932,50","942,50","929,30","","1,15%"
"03.06.2009","931,80","942,50","942,50","923,90","","-1,37%"
"02.06.2009","944,70","942,90","949,40","938,50","","0,19%"
"01.06.2009","942,90","923,30","947,80","923,30","","2,59%"
"29.05.2009","919,10","907,00","920,00","903,60","","1,36%"
"28.05.2009","906,80","893,00","909,50","887,60","","1,53%"
"27.05.2009","893,10","910,00","913,80","891,90","","-1,89%"
"26.05.2009","910,30","887,00","911,80","881,50","","2,63%"
"22.05.2009","887,00","888,70","896,60","883,80","","-0,15%"
"21.05.2009","888,30","900,40","900,40","879,60","","-1,68%"
"20.05.2009","903,50","908,60","924,60","901,40","","-0,51%"
"19.05.2009","908,10","909,70","916,40","905,20","","-0,18%"
"18.05.2009","909,70","886,10","910,00","886,10","","3,04%"
"15.05.2009","882,90","892,80","897,00","878,90","","-1,14%"
"14.05.2009","893,10","884,20","898,40","882,50","","1,04%"
"13.05.2009","883,90","905,40","905,40","882,80","","-2,70%"
"12.05.2009","908,40","910,50","915,60","896,50","","-0,09%"
"11.05.2009","909,20","923,00","923,00","908,70","","-2,15%"
"08.05.2009","929,20","909,00","930,20","909,00","","2,40%"
"07.05.2009","907,40","919,60","929,60","901,40","","-1,32%"
"06.05.2009","919,50","904,00","920,30","904,00","","1,74%"
"05.05.2009","903,80","906,10","907,70","897,30","","-0,37%"
"04.05.2009","907,20","879,20","907,90","879,20","","3,38%"
"01.05.2009","877,50","872,70","880,50","866,10","","0,54%"
"30.04.2009","872,80","876,60","888,70","868,50","","-0,09%"
"29.04.2009","873,60","856,90","882,10","856,90","","2,15%"
"28.04.2009","855,20","854,50","864,50","847,10","","-0,27%"
"27.04.2009","857,50","862,80","868,80","854,60","","-1,00%"
"24.04.2009","866,20","853,90","871,80","853,90","","1,68%"
"23.04.2009","851,90","844,60","852,90","835,50","","1,00%"
"22.04.2009","843,50","847,30","861,80","840,60","","-0,78%"
"21.04.2009","850,10","831,20","850,10","826,80","","2,13%"
"20.04.2009","832,40","868,30","868,30","832,40","","-4,28%"
"17.04.2009","869,60","865,20","875,60","860,90","","0,50%"
"16.04.2009","865,30","854,50","870,40","847,00","","1,55%"
"15.04.2009","852,10","839,40","852,90","835,60","","1,26%"
"14.04.2009","841,50","856,90","856,90","840,20","","-2,00%"
"13.04.2009","858,70","855,30","864,30","845,40","","0,25%"
"09.04.2009","856,60","829,30","856,90","829,30","","3,81%"
"08.04.2009","825,20","816,80","828,40","814,80","","1,19%"
"07.04.2009","815,50","834,10","834,10","814,50","","-2,39%"
"06.04.2009","835,50","839,80","839,80","822,80","","-0,83%"
"03.04.2009","842,50","835,10","842,50","826,70","","0,97%"
"02.04.2009","834,40","814,50","845,60","814,50","","2,87%"
"01.04.2009","811,10","793,60","813,60","783,30","","1,65%"
"31.03.2009","797,90","790,90","810,50","790,90","","1,32%"
"30.03.2009","787,50","809,10","809,10","779,80","","-3,48%"
"27.03.2009","815,90","828,70","828,70","813,40","","-2,04%"
"26.03.2009","832,90","814,10","833,00","814,10","","2,33%"
"25.03.2009","813,90","806,80","826,80","791,40","","0,97%"
"24.03.2009","806,10","820,60","823,60","805,50","","-2,04%"
"23.03.2009","822,90","772,30","823,40","772,30","","7,08%"
"20.03.2009","768,50","784,60","788,90","766,20","","-1,98%"
"19.03.2009","784,00","797,90","803,20","781,80","","-1,31%"
"18.03.2009","794,40","776,00","803,00","765,60","","2,09%"
"17.03.2009","778,10","753,90","778,10","749,90","","3,21%"
"16.03.2009","753,90","758,80","774,50","753,40","","-0,34%"
"13.03.2009","756,50","752,00","758,30","742,50","","0,77%"
"12.03.2009","750,70","720,90","752,60","714,80","","4,06%"
"11.03.2009","721,40","719,60","731,90","713,90","","0,25%"
"10.03.2009","719,60","679,30","719,60","679,30","","6,37%"
"09.03.2009","676,50","680,80","695,30","672,90","","-1,01%"
"06.03.2009","683,40","684,00","699,10","666,80","","0,13%"
"05.03.2009","682,50","708,30","708,30","677,90","","-4,26%"
"04.03.2009","712,90","698,60","724,10","698,60","","2,38%"
"03.03.2009","696,30","704,40","711,70","692,30","","-0,64%"
"02.03.2009","700,80","729,60","729,60","699,70","","-4,67%"
"27.02.2009","735,10","749,90","751,30","734,50","","-2,35%"
"26.02.2009","752,80","765,80","779,40","751,80","","-1,58%"
"25.02.2009","764,90","770,60","780,10","752,90","","-1,06%"
"24.02.2009","773,10","744,70","775,50","744,70","","4,01%"
"23.02.2009","743,30","773,20","777,90","742,40","","-3,47%"
"20.02.2009","770,00","775,90","778,70","754,20","","-1,14%"
"19.02.2009","778,90","787,90","797,60","777,00","","-1,20%"
"18.02.2009","788,40","791,10","796,20","780,40","","-0,10%"
"17.02.2009","789,20","818,60","818,60","789,20","","-4,55%"
"13.02.2009","826,80","834,00","839,40","825,20","","-1,01%"
"12.02.2009","835,20","829,90","835,50","808,10","","0,18%"
"11.02.2009","833,70","827,40","838,20","822,30","","0,79%"
"10.02.2009","827,20","866,90","868,00","823,00","","-4,91%"
"09.02.2009","869,90","868,20","875,00","861,60","","0,15%"
"06.02.2009","868,60","846,10","870,80","845,40","","2,68%"
"05.02.2009","845,90","831,80","850,50","819,90","","1,65%"
"04.02.2009","832,20","837,80","851,90","829,20","","-0,75%"
"03.02.2009","838,50","825,70","842,60","822,00","","1,59%"
"02.02.2009","825,40","823,10","830,80","812,90","","-0,06%"
"30.01.2009","825,90","845,70","851,70","821,70","","-2,27%"
"29.01.2009","845,10","868,90","868,90","844,10","","-3,32%"
"28.01.2009","874,10","845,70","877,90","845,70","","3,36%"
"27.01.2009","845,70","837,30","850,50","835,40","","1,09%"
"26.01.2009","836,60","832,50","852,50","827,70","","0,55%"
"23.01.2009","832,00","822,20","838,60","806,10","","0,54%"
"22.01.2009","827,50","839,70","839,70","811,30","","-1,51%"
"21.01.2009","840,20","806,80","841,70","804,30","","4,35%"
"20.01.2009","805,20","849,60","849,60","804,50","","-5,28%"
"16.01.2009","850,10","844,50","858,10","830,70","","0,76%"
"15.01.2009","843,70","842,00","851,60","817,00","","0,13%"
"14.01.2009","842,60","867,30","867,30","836,90","","-3,35%"
"13.01.2009","871,80","869,80","877,00","862,00","","0,17%"
"12.01.2009","870,30","890,40","890,40","864,30","","-2,26%"
"09.01.2009","890,40","909,90","911,90","888,30","","-2,12%"
"08.01.2009","909,70","905,70","910,00","896,80","","0,34%"
"07.01.2009","906,60","927,50","927,50","902,40","","-3,01%"
"06.01.2009","934,70","931,20","943,90","927,30","","0,78%"
"05.01.2009","927,50","929,20","936,60","919,50","","-0,46%"
"02.01.2009","931,80","903,00","934,70","899,40","","3,17%"
"31.12.2008","903,20","890,60","910,30","889,70","","1,41%"
"30.12.2008","890,60","870,60","891,10","870,60","","2,44%"
"29.12.2008","869,40","872,40","873,70","857,10","","-0,39%"
"26.12.2008","872,80","869,50","873,70","866,50","","0,54%"
"24.12.2008","868,10","863,90","869,80","861,40","","0,57%"
"23.12.2008","863,20","874,30","880,40","860,10","","-0,96%"
"22.12.2008","871,60","887,20","887,40","857,10","","-1,84%"
"19.12.2008","887,90","887,00","905,50","883,00","","0,29%"
"18.12.2008","885,30","906,00","911,00","877,40","","-2,11%"
"17.12.2008","904,40","908,20","918,90","895,90","","-0,96%"
"16.12.2008","913,20","871,50","914,70","871,50","","5,13%"
"15.12.2008","868,60","881,10","884,60","857,70","","-1,26%"
"12.12.2008","879,70","871,80","883,20","851,40","","0,70%"
"11.12.2008","873,60","898,40","904,60","868,70","","-2,85%"
"10.12.2008","899,20","892,20","908,30","885,50","","1,18%"
"09.12.2008","888,70","906,50","916,30","885,40","","-2,31%"
"08.12.2008","909,70","882,70","918,60","882,70","","3,84%"
"05.12.2008","876,10","844,40","879,40","818,40","","3,66%"
"04.12.2008","845,20","869,80","875,60","833,60","","-2,93%"
"03.12.2008","870,70","843,60","873,10","827,60","","2,58%"
"02.12.2008","848,80","817,90","850,50","817,90","","3,99%"
"01.12.2008","816,20","888,60","888,60","815,70","","-8,93%"
"28.11.2008","896,20","886,90","896,20","881,20","","0,96%"
"26.11.2008","887,70","852,90","887,70","841,40","","3,53%"
"25.11.2008","857,40","853,40","868,90","835,00","","0,66%"
"24.11.2008","851,80","801,20","865,60","801,20","","6,47%"
"21.11.2008","800,00","755,80","801,20","741,00","","6,33%"
"20.11.2008","752,40","805,90","820,50","747,80","","-6,72%"
"19.11.2008","806,60","859,00","864,60","806,20","","-6,11%"
"18.11.2008","859,10","852,30","865,90","826,80","","0,98%"
"17.11.2008","850,80","873,20","882,30","849,00","","-2,58%"
"14.11.2008","873,30","904,40","916,90","869,90","","-4,17%"
"13.11.2008","911,30","853,10","913,00","818,70","","6,92%"
"12.11.2008","852,30","893,40","893,40","850,50","","-5,19%"
"11.11.2008","899,00","917,10","917,10","884,90","","-2,20%"
"10.11.2008","919,20","936,80","952,00","907,50","","-1,27%"
"07.11.2008","931,00","907,40","931,50","906,90","","2,88%"
"06.11.2008","904,90","952,40","952,40","899,70","","-5,03%"
"05.11.2008","952,80","1.001,80","1.001,80","949,90","","-5,27%"
"04.11.2008","1.005,80","971,30","1.007,50","971,30","","4,09%"
"03.11.2008","966,30","968,70","975,60","958,80","","-0,26%"
"31.10.2008","968,80","953,10","984,40","944,60","","1,54%"
"30.10.2008","954,10","939,40","963,20","928,50","","2,58%"
"29.10.2008","930,10","939,50","970,00","922,30","","-1,11%"
"28.10.2008","940,50","848,90","940,50","845,30","","10,79%"
"27.10.2008","848,90","874,30","893,80","846,80","","-3,18%"
"24.10.2008","876,80","895,20","896,30","852,90","","-3,45%"
"23.10.2008","908,10","899,10","922,80","858,40","","1,26%"
"22.10.2008","896,80","951,70","951,70","875,80","","-6,09%"
"21.10.2008","955,00","980,40","985,40","952,50","","-3,09%"
"20.10.2008","985,40","943,50","985,40","943,50","","4,77%"
"17.10.2008","940,50","942,30","984,60","918,70","","-0,62%"
"16.10.2008","946,40","909,50","947,70","865,80","","4,25%"
"15.10.2008","907,80","994,60","994,60","904,00","","-9,04%"
"14.10.2008","998,00","1.010,00","1.044,30","972,10","","-0,54%"
"13.10.2008","1.003,40","912,80","1.006,90","912,80","","11,59%"
"10.10.2008","899,20","902,30","936,40","839,80","","-1,18%"
"09.10.2008","909,90","988,40","1.005,20","909,20","","-7,61%"
"08.10.2008","984,90","988,90","1.021,10","971,00","","-1,13%"
"07.10.2008","996,20","1.057,60","1.072,90","996,20","","-5,74%"
"06.10.2008","1.056,90","1.097,60","1.097,60","1.008,00","","-3,85%"
"03.10.2008","1.099,20","1.115,20","1.153,80","1.098,10","","-1,36%"
"02.10.2008","1.114,30","1.160,60","1.160,60","1.111,40","","-4,03%"
"01.10.2008","1.161,10","1.164,20","1.167,00","1.140,80","","-0,45%"
"30.09.2008","1.166,40","1.113,80","1.168,00","1.113,80","","5,42%"
"29.09.2008","1.106,40","1.209,10","1.209,10","1.106,40","","-8,79%"
"26.09.2008","1.213,00","1.204,50","1.215,80","1.187,50","","0,31%"
"25.09.2008","1.209,20","1.187,90","1.220,00","1.187,90","","1,96%"
"24.09.2008","1.185,90","1.188,80","1.197,40","1.179,80","","-0,19%"
"23.09.2008","1.188,20","1.207,60","1.221,20","1.187,10","","-1,57%"
"22.09.2008","1.207,10","1.255,40","1.255,40","1.205,60","","-3,82%"
"19.09.2008","1.255,10","1.213,10","1.265,10","1.213,10","","4,03%"
"18.09.2008","1.206,50","1.157,10","1.211,10","1.133,50","","4,33%"
"17.09.2008","1.156,40","1.210,30","1.210,30","1.155,90","","-4,71%"
"16.09.2008","1.213,60","1.188,30","1.214,80","1.169,30","","1,75%"
"15.09.2008","1.192,70","1.250,90","1.250,90","1.192,70","","-4,71%"
"12.09.2008","1.251,70","1.245,90","1.255,10","1.233,80","","0,22%"
"11.09.2008","1.249,00","1.229,00","1.250,00","1.211,50","","1,38%"
"10.09.2008","1.232,00","1.227,50","1.243,90","1.221,60","","0,61%"
"09.09.2008","1.224,50","1.268,00","1.268,70","1.224,50","","-3,42%"
"08.09.2008","1.267,80","1.249,50","1.274,40","1.247,10","","2,05%"
"05.09.2008","1.242,30","1.233,20","1.244,90","1.217,20","","0,44%"
"04.09.2008","1.236,80","1.271,80","1.271,80","1.232,80","","-3,00%"
"03.09.2008","1.275,00","1.276,60","1.280,60","1.265,60","","-0,20%"
"02.09.2008","1.277,60","1.287,80","1.303,00","1.272,20","","-0,41%"
"29.08.2008","1.282,80","1.296,50","1.297,60","1.282,70","","-1,38%"
"28.08.2008","1.300,70","1.283,80","1.300,70","1.283,80","","1,48%"
"27.08.2008","1.281,70","1.271,30","1.285,00","1.270,00","","0,80%"
"26.08.2008","1.271,50","1.267,00","1.275,70","1.263,20","","0,37%"
"25.08.2008","1.266,80","1.290,50","1.290,50","1.264,90","","-1,97%"
"22.08.2008","1.292,20","1.277,60","1.293,10","1.277,60","","1,13%"
"21.08.2008","1.277,70","1.271,10","1.281,40","1.265,20","","0,25%"
"20.08.2008","1.274,50","1.267,30","1.276,00","1.261,20","","0,62%"
"19.08.2008","1.266,70","1.276,70","1.276,70","1.263,10","","-0,93%"
"18.08.2008","1.278,60","1.298,10","1.300,20","1.274,50","","-1,51%"
"15.08.2008","1.298,20","1.293,80","1.302,00","1.290,70","","0,41%"
"14.08.2008","1.292,90","1.282,10","1.300,10","1.276,80","","0,55%"
"13.08.2008","1.285,80","1.288,60","1.294,00","1.274,90","","-0,29%"
"12.08.2008","1.289,60","1.304,80","1.304,80","1.285,60","","-1,20%"
"11.08.2008","1.305,30","1.294,40","1.313,20","1.291,40","","0,69%"
"08.08.2008","1.296,30","1.266,30","1.297,80","1.262,10","","2,39%"
"07.08.2008","1.266,10","1.286,50","1.286,50","1.264,30","","-1,79%"
"06.08.2008","1.289,20","1.284,00","1.291,70","1.276,00","","0,33%"
"05.08.2008","1.284,90","1.254,90","1.284,90","1.254,70","","2,87%"
"04.08.2008","1.249,00","1.260,20","1.260,50","1.247,50","","-0,90%"
"01.08.2008","1.260,30","1.269,40","1.270,50","1.254,50","","-0,56%"
"31.07.2008","1.267,40","1.281,40","1.284,90","1.266,00","","-1,32%"
"30.07.2008","1.284,30","1.264,50","1.284,30","1.264,50","","1,67%"
"29.07.2008","1.263,20","1.236,40","1.263,20","1.236,40","","2,33%"
"28.07.2008","1.234,40","1.257,80","1.260,10","1.234,40","","-1,86%"
"25.07.2008","1.257,80","1.253,50","1.263,20","1.251,80","","0,42%"
"24.07.2008","1.252,50","1.283,20","1.283,20","1.251,50","","-2,32%"
"23.07.2008","1.282,20","1.278,90","1.291,20","1.276,10","","0,41%"
"22.07.2008","1.277,00","1.257,10","1.277,40","1.248,80","","1,35%"
"21.07.2008","1.260,00","1.261,80","1.267,70","1.255,70","","-0,06%"
"18.07.2008","1.260,70","1.258,20","1.262,20","1.251,80","","0,03%"
"17.07.2008","1.260,30","1.246,30","1.262,30","1.241,50","","1,20%"
"16.07.2008","1.245,40","1.214,70","1.245,50","1.211,40","","2,51%"
"15.07.2008","1.214,90","1.226,80","1.234,30","1.200,40","","-1,09%"
"14.07.2008","1.228,30","1.241,60","1.253,50","1.225,00","","-0,90%"
"11.07.2008","1.239,50","1.248,70","1.257,30","1.225,30","","-1,11%"
"10.07.2008","1.253,40","1.245,20","1.257,70","1.236,80","","0,70%"
"09.07.2008","1.244,70","1.273,40","1.277,40","1.244,60","","-2,28%"
"08.07.2008","1.273,70","1.251,80","1.274,20","1.242,80","","1,71%"
"07.07.2008","1.252,30","1.262,90","1.274,00","1.240,70","","-0,84%"
"03.07.2008","1.262,90","1.263,00","1.271,50","1.252,00","","0,11%"
"02.07.2008","1.261,50","1.285,80","1.292,20","1.261,50","","-1,82%"
"01.07.2008","1.284,90","1.276,70","1.285,30","1.260,70","","0,38%"
"30.06.2008","1.280,00","1.278,10","1.290,30","1.274,90","","0,13%"
"27.06.2008","1.278,40","1.283,60","1.289,50","1.272,00","","-0,37%"
"26.06.2008","1.283,20","1.316,30","1.316,30","1.283,20","","-2,93%"
"25.06.2008","1.322,00","1.314,50","1.335,60","1.314,50","","0,59%"
"24.06.2008","1.314,30","1.317,20","1.326,00","1.304,40","","-0,28%"
"23.06.2008","1.318,00","1.319,80","1.323,80","1.315,30","","0,01%"
"20.06.2008","1.317,90","1.341,00","1.341,00","1.314,50","","-1,85%"
"19.06.2008","1.342,80","1.336,90","1.347,70","1.330,50","","0,37%"
"18.06.2008","1.337,80","1.349,60","1.349,60","1.333,40","","-0,97%"
"17.06.2008","1.350,90","1.360,70","1.366,60","1.350,50","","-0,68%"
"16.06.2008","1.360,10","1.358,80","1.364,70","1.352,10","","0,01%"
"13.06.2008","1.360,00","1.341,80","1.360,00","1.341,70","","1,50%"
"12.06.2008","1.339,90","1.335,80","1.353,00","1.331,30","","0,33%"
"11.06.2008","1.335,50","1.357,10","1.357,10","1.335,50","","-1,69%"
"10.06.2008","1.358,40","1.359,00","1.366,80","1.351,60","","-0,25%"
"09.06.2008","1.361,80","1.360,80","1.370,60","1.350,60","","0,08%"
"06.06.2008","1.360,70","1.400,10","1.400,10","1.359,90","","-3,08%"
"05.06.2008","1.404,00","1.377,50","1.404,00","1.377,50","","1,95%"
"04.06.2008","1.377,20","1.376,30","1.388,20","1.371,70","","-0,04%"
"03.06.2008","1.377,70","1.386,40","1.393,10","1.370,10","","-0,58%"
"02.06.2008","1.385,70","1.399,60","1.399,60","1.377,80","","-1,05%"
"30.05.2008","1.400,40","1.398,40","1.404,50","1.398,10","","0,15%"
"29.05.2008","1.398,30","1.390,50","1.406,30","1.388,60","","0,54%"
"28.05.2008","1.390,80","1.386,50","1.391,20","1.378,20","","0,40%"
"27.05.2008","1.385,30","1.376,00","1.387,40","1.373,10","","0,68%"
"23.05.2008","1.375,90","1.392,20","1.392,20","1.373,70","","-1,32%"
"22.05.2008","1.394,30","1.390,80","1.399,10","1.390,20","","0,26%"
"21.05.2008","1.390,70","1.414,10","1.419,10","1.388,80","","-1,61%"
"20.05.2008","1.413,40","1.424,50","1.424,50","1.409,10","","-0,93%"
"19.05.2008","1.426,60","1.425,30","1.440,20","1.421,60","","0,09%"
"16.05.2008","1.425,30","1.423,90","1.425,80","1.414,30","","0,12%"
"15.05.2008","1.423,60","1.408,40","1.424,40","1.406,90","","1,06%"
"14.05.2008","1.408,70","1.405,70","1.420,20","1.405,70","","0,41%"
"13.05.2008","1.403,00","1.404,40","1.406,30","1.396,30","","-0,04%"
"12.05.2008","1.403,60","1.389,40","1.404,10","1.386,20","","1,10%"
"09.05.2008","1.388,30","1.394,90","1.394,90","1.384,10","","-0,67%"
"08.05.2008","1.397,70","1.394,30","1.402,30","1.389,40","","0,37%"
"07.05.2008","1.392,60","1.417,50","1.419,50","1.391,20","","-1,81%"
"06.05.2008","1.418,30","1.405,60","1.421,60","1.397,10","","0,77%"
"05.05.2008","1.407,50","1.412,80","1.415,70","1.404,40","","-0,45%"
"02.05.2008","1.413,90","1.409,20","1.422,70","1.406,20","","0,33%"
"01.05.2008","1.409,30","1.386,00","1.410,10","1.383,10","","1,71%"
"30.04.2008","1.385,60","1.391,20","1.404,60","1.384,20","","-0,38%"
"29.04.2008","1.390,90","1.395,60","1.397,00","1.386,70","","-0,39%"
"28.04.2008","1.396,40","1.398,00","1.402,90","1.394,40","","-0,10%"
"25.04.2008","1.397,80","1.387,90","1.399,10","1.380,00","","0,65%"
"24.04.2008","1.388,80","1.380,50","1.397,70","1.371,10","","0,64%"
"23.04.2008","1.379,90","1.378,40","1.387,90","1.372,20","","0,29%"
"22.04.2008","1.375,90","1.386,40","1.386,40","1.369,80","","-0,89%"
"21.04.2008","1.388,20","1.387,70","1.390,20","1.379,20","","-0,15%"
"18.04.2008","1.390,30","1.369,00","1.395,90","1.369,00","","1,81%"
"17.04.2008","1.365,60","1.363,40","1.368,60","1.357,20","","0,07%"
"16.04.2008","1.364,70","1.337,00","1.365,50","1.337,00","","2,27%"
"15.04.2008","1.334,40","1.331,70","1.337,70","1.324,30","","0,46%"
"14.04.2008","1.328,30","1.332,20","1.335,60","1.326,20","","-0,34%"
"11.04.2008","1.332,80","1.358,00","1.358,00","1.331,20","","-2,04%"
"10.04.2008","1.360,50","1.355,40","1.367,20","1.350,10","","0,44%"
"09.04.2008","1.354,50","1.365,50","1.368,40","1.350,00","","-0,81%"
"08.04.2008","1.365,50","1.370,20","1.370,20","1.360,60","","-0,51%"
"07.04.2008","1.372,50","1.373,70","1.386,70","1.369,00","","0,15%"
"04.04.2008","1.370,40","1.369,80","1.380,90","1.362,80","","0,08%"
"03.04.2008","1.369,30","1.365,70","1.375,70","1.358,70","","0,13%"
"02.04.2008","1.367,50","1.370,00","1.378,00","1.361,50","","-0,20%"
"01.04.2008","1.370,20","1.326,40","1.370,20","1.326,40","","3,59%"
"31.03.2008","1.322,70","1.315,90","1.328,50","1.312,80","","0,57%"
"28.03.2008","1.315,20","1.327,00","1.334,90","1.313,00","","-0,80%"
"27.03.2008","1.325,80","1.340,30","1.345,60","1.325,70","","-1,14%"
"26.03.2008","1.341,10","1.352,50","1.352,50","1.336,40","","-0,88%"
"25.03.2008","1.353,00","1.349,10","1.357,50","1.341,20","","0,23%"
"24.03.2008","1.349,90","1.330,30","1.359,70","1.330,30","","1,53%"
"20.03.2008","1.329,50","1.299,70","1.330,70","1.295,20","","2,40%"
"19.03.2008","1.298,40","1.331,00","1.341,50","1.298,40","","-2,43%"
"18.03.2008","1.330,70","1.277,20","1.330,70","1.277,20","","4,24%"
"17.03.2008","1.276,60","1.283,20","1.287,50","1.257,00","","-0,89%"
"14.03.2008","1.288,10","1.316,00","1.321,50","1.274,90","","-2,08%"
"13.03.2008","1.315,50","1.305,30","1.321,70","1.282,10","","0,51%"
"12.03.2008","1.308,80","1.321,10","1.333,30","1.307,90","","-0,90%"
"11.03.2008","1.320,70","1.274,40","1.320,70","1.274,40","","3,71%"
"10.03.2008","1.273,40","1.293,20","1.295,00","1.272,70","","-1,55%"
"07.03.2008","1.293,40","1.301,50","1.313,20","1.282,40","","-0,84%"
"06.03.2008","1.304,30","1.332,20","1.332,20","1.303,40","","-2,20%"
"05.03.2008","1.333,70","1.327,70","1.344,20","1.320,20","","0,52%"
"04.03.2008","1.326,80","1.329,60","1.331,00","1.307,40","","-0,34%"
"03.03.2008","1.331,30","1.330,50","1.335,10","1.320,00","","0,05%"
"29.02.2008","1.330,60","1.364,10","1.364,10","1.325,40","","-2,71%"
"28.02.2008","1.367,70","1.378,20","1.378,20","1.363,20","","-0,89%"
"27.02.2008","1.380,00","1.379,00","1.388,30","1.372,00","","-0,09%"
"26.02.2008","1.381,30","1.371,80","1.387,30","1.363,30","","0,69%"
"25.02.2008","1.371,80","1.352,80","1.374,40","1.346,00","","1,38%"
"22.02.2008","1.353,10","1.344,20","1.354,30","1.327,00","","0,79%"
"21.02.2008","1.342,50","1.362,20","1.367,90","1.339,30","","-1,29%"
"20.02.2008","1.360,00","1.348,40","1.363,70","1.336,50","","0,83%"
"19.02.2008","1.348,80","1.355,90","1.367,30","1.345,00","","-0,09%"
"15.02.2008","1.350,00","1.347,50","1.350,00","1.338,10","","0,08%"
"14.02.2008","1.348,90","1.367,30","1.368,20","1.347,30","","-1,34%"
"13.02.2008","1.367,20","1.353,10","1.369,20","1.350,80","","1,36%"
"12.02.2008","1.348,90","1.340,50","1.362,10","1.339,40","","0,73%"
"11.02.2008","1.339,10","1.331,90","1.341,40","1.320,30","","0,59%"
"08.02.2008","1.331,30","1.336,90","1.341,20","1.321,10","","-0,42%"
"07.02.2008","1.336,90","1.324,00","1.347,20","1.316,80","","0,78%"
"06.02.2008","1.326,50","1.339,50","1.352,00","1.324,30","","-0,76%"
"05.02.2008","1.336,60","1.380,30","1.380,30","1.336,60","","-3,20%"
"04.02.2008","1.380,80","1.395,40","1.395,40","1.379,70","","-1,05%"
"01.02.2008","1.395,40","1.378,60","1.396,00","1.375,90","","1,23%"
"31.01.2008","1.378,50","1.352,00","1.385,60","1.334,10","","1,67%"
"30.01.2008","1.355,80","1.362,20","1.385,90","1.353,00","","-0,48%"
"29.01.2008","1.362,30","1.355,90","1.364,90","1.350,20","","0,61%"
"28.01.2008","1.354,00","1.330,70","1.354,00","1.322,30","","1,76%"
"25.01.2008","1.330,60","1.357,30","1.368,60","1.327,50","","-1,59%"
"24.01.2008","1.352,10","1.340,10","1.355,20","1.334,30","","1,01%"
"23.01.2008","1.338,60","1.310,40","1.339,10","1.270,00","","2,14%"
"22.01.2008","1.310,50","1.312,90","1.322,10","1.274,30","","-1,11%"
"18.01.2008","1.325,20","1.333,90","1.350,30","1.312,50","","-0,60%"
"17.01.2008","1.333,20","1.374,80","1.377,70","1.330,70","","-2,91%"
"16.01.2008","1.373,20","1.377,40","1.392,00","1.364,30","","-0,56%"
"15.01.2008","1.381,00","1.411,90","1.411,90","1.380,60","","-2,49%"
"14.01.2008","1.416,20","1.402,90","1.417,90","1.402,90","","1,08%"
"11.01.2008","1.401,00","1.419,90","1.419,90","1.394,80","","-1,36%"
"10.01.2008","1.420,30","1.406,80","1.429,10","1.395,30","","0,79%"
"09.01.2008","1.409,10","1.390,20","1.409,20","1.378,70","","1,36%"
"08.01.2008","1.390,20","1.415,70","1.430,30","1.388,30","","-1,84%"
"07.01.2008","1.416,20","1.414,10","1.423,90","1.403,50","","0,33%"
"04.01.2008","1.411,60","1.444,00","1.444,00","1.411,20","","-2,46%"
"03.01.2008","1.447,20","1.447,50","1.456,80","1.443,70","","0,00%"
"02.01.2008","1.447,20","1.468,00","1.471,80","1.442,10","","-1,44%"
"31.12.2007","1.468,40","1.475,20","1.475,80","1.465,10","","-0,68%"
"28.12.2007","1.478,50","1.479,80","1.488,00","1.471,70","","0,14%"
"27.12.2007","1.476,40","1.495,00","1.495,00","1.475,90","","-1,42%"
"26.12.2007","1.497,70","1.495,10","1.498,80","1.488,20","","0,08%"
"24.12.2007","1.496,50","1.484,50","1.497,60","1.484,50","","0,81%"
"21.12.2007","1.484,50","1.463,20","1.485,40","1.463,20","","1,67%"
"20.12.2007","1.460,10","1.456,40","1.461,50","1.447,20","","0,49%"
"19.12.2007","1.453,00","1.454,70","1.464,40","1.445,30","","-0,14%"
"18.12.2007","1.455,00","1.445,90","1.460,20","1.435,70","","0,63%"
"17.12.2007","1.445,90","1.465,00","1.465,00","1.445,40","","-1,51%"
"14.12.2007","1.468,00","1.486,20","1.486,70","1.467,80","","-1,37%"
"13.12.2007","1.488,40","1.483,30","1.489,40","1.469,20","","0,12%"
"12.12.2007","1.486,60","1.487,60","1.512,00","1.468,20","","0,60%"
"11.12.2007","1.477,70","1.516,70","1.523,60","1.476,00","","-2,53%"
"10.12.2007","1.516,00","1.505,10","1.518,30","1.505,00","","0,75%"
"07.12.2007","1.504,70","1.508,60","1.510,60","1.502,70","","-0,17%"
"06.12.2007","1.507,30","1.484,60","1.508,00","1.482,20","","1,50%"
"05.12.2007","1.485,00","1.465,20","1.486,10","1.465,20","","1,52%"
"04.12.2007","1.462,80","1.471,30","1.471,30","1.460,70","","-0,65%"
"03.12.2007","1.472,40","1.479,60","1.481,20","1.470,10","","-0,59%"
"30.11.2007","1.481,10","1.471,80","1.488,90","1.470,90","","0,78%"
"29.11.2007","1.469,70","1.467,40","1.473,80","1.458,40","","0,05%"
"28.11.2007","1.469,00","1.433,00","1.471,60","1.433,00","","2,86%"
"27.11.2007","1.428,20","1.409,60","1.429,50","1.407,40","","1,49%"
"26.11.2007","1.407,20","1.440,70","1.446,10","1.406,10","","-2,33%"
"23.11.2007","1.440,70","1.417,60","1.440,90","1.417,60","","1,69%"
"21.11.2007","1.416,80","1.434,70","1.436,40","1.415,60","","-1,59%"
"20.11.2007","1.439,70","1.434,50","1.452,60","1.419,30","","0,45%"
"19.11.2007","1.433,30","1.456,70","1.456,70","1.430,40","","-1,74%"
"16.11.2007","1.458,70","1.453,10","1.462,20","1.444,00","","0,52%"
"15.11.2007","1.451,20","1.468,00","1.472,70","1.443,50","","-1,32%"
"14.11.2007","1.470,60","1.483,40","1.492,10","1.466,50","","-0,70%"
"13.11.2007","1.481,00","1.441,30","1.481,40","1.441,30","","2,90%"
"12.11.2007","1.439,20","1.453,70","1.464,90","1.438,50","","-1,00%"
"09.11.2007","1.453,70","1.467,60","1.474,10","1.448,50","","-1,43%"
"08.11.2007","1.474,80","1.475,30","1.482,50","1.450,30","","-0,05%"
"07.11.2007","1.475,60","1.515,50","1.515,50","1.475,00","","-2,94%"
"06.11.2007","1.520,30","1.505,30","1.520,80","1.499,10","","1,20%"
"05.11.2007","1.502,20","1.505,60","1.510,80","1.490,00","","-0,50%"
"02.11.2007","1.509,70","1.511,10","1.513,20","1.492,50","","0,09%"
"01.11.2007","1.508,40","1.545,80","1.545,80","1.506,70","","-2,65%"
"31.10.2007","1.549,40","1.532,20","1.552,80","1.529,40","","1,20%"
"30.10.2007","1.531,00","1.539,40","1.539,40","1.529,50","","-0,65%"
"29.10.2007","1.541,00","1.536,90","1.544,70","1.536,40","","0,37%"
"26.10.2007","1.535,30","1.522,20","1.535,50","1.520,20","","1,38%"
"25.10.2007","1.514,40","1.516,20","1.523,20","1.500,50","","-0,10%"
"24.10.2007","1.515,90","1.516,60","1.517,20","1.489,60","","-0,24%"
"23.10.2007","1.519,60","1.509,30","1.520,00","1.503,60","","0,88%"
"22.10.2007","1.506,30","1.497,80","1.508,10","1.490,40","","0,38%"
"19.10.2007","1.500,60","1.540,00","1.540,00","1.500,30","","-2,56%"
"18.10.2007","1.540,10","1.539,30","1.542,80","1.531,80","","-0,07%"
"17.10.2007","1.541,20","1.544,40","1.550,70","1.526,00","","0,18%"
"16.10.2007","1.538,50","1.547,80","1.547,80","1.536,30","","-0,66%"
"15.10.2007","1.548,70","1.562,20","1.564,70","1.540,80","","-0,84%"
"12.10.2007","1.561,80","1.555,40","1.563,00","1.554,10","","0,48%"
"11.10.2007","1.554,40","1.564,70","1.576,10","1.546,70","","-0,52%"
"10.10.2007","1.562,50","1.565,00","1.565,40","1.555,50","","-0,17%"
"09.10.2007","1.565,20","1.553,20","1.565,30","1.551,80","","0,81%"
"08.10.2007","1.552,60","1.556,50","1.556,50","1.549,00","","-0,32%"
"05.10.2007","1.557,60","1.543,80","1.561,90","1.543,80","","0,96%"
"04.10.2007","1.542,80","1.539,90","1.544,00","1.537,60","","0,21%"
"03.10.2007","1.539,60","1.545,80","1.545,80","1.536,30","","-0,45%"
"02.10.2007","1.546,60","1.547,00","1.548,00","1.540,40","","-0,03%"
"01.10.2007","1.547,00","1.527,30","1.549,00","1.527,20","","1,32%"
"28.09.2007","1.526,80","1.531,20","1.533,70","1.522,00","","-0,30%"
"27.09.2007","1.531,40","1.527,30","1.532,50","1.525,80","","0,39%"
"26.09.2007","1.525,40","1.518,60","1.529,40","1.518,60","","0,54%"
"25.09.2007","1.517,20","1.516,30","1.518,30","1.507,10","","-0,03%"
"24.09.2007","1.517,70","1.525,80","1.530,20","1.516,20","","-0,53%"
"21.09.2007","1.525,80","1.518,80","1.530,90","1.518,80","","0,46%"
"20.09.2007","1.518,80","1.528,70","1.529,10","1.516,40","","-0,67%"
"19.09.2007","1.529,00","1.519,80","1.538,70","1.519,80","","0,61%"
"18.09.2007","1.519,80","1.476,60","1.519,90","1.476,60","","2,92%"
"17.09.2007","1.476,70","1.484,20","1.484,20","1.471,80","","-0,51%"
"14.09.2007","1.484,20","1.484,00","1.486,00","1.473,20","","0,01%"
"13.09.2007","1.484,00","1.471,50","1.489,60","1.471,50","","0,84%"
"12.09.2007","1.471,60","1.471,10","1.479,50","1.465,80","","0,01%"
"11.09.2007","1.471,50","1.451,70","1.472,50","1.451,70","","1,36%"
"10.09.2007","1.451,70","1.453,50","1.462,20","1.439,30","","-0,12%"
"07.09.2007","1.453,50","1.478,50","1.478,50","1.449,10","","-1,69%"
"06.09.2007","1.478,50","1.472,00","1.481,50","1.467,40","","0,42%"
"05.09.2007","1.472,30","1.488,80","1.488,80","1.466,30","","-1,15%"
"04.09.2007","1.489,40","1.474,00","1.496,40","1.472,20","","1,04%"
"31.08.2007","1.474,00","1.457,60","1.481,50","1.457,60","","1,13%"
"30.08.2007","1.457,60","1.463,70","1.468,40","1.451,20","","-0,42%"
"29.08.2007","1.463,80","1.432,00","1.463,80","1.432,00","","2,19%"
"28.08.2007","1.432,40","1.466,70","1.466,70","1.432,00","","-2,35%"
"27.08.2007","1.466,80","1.479,40","1.479,40","1.466,00","","-0,85%"
"24.08.2007","1.479,40","1.462,30","1.479,40","1.460,50","","1,16%"
"23.08.2007","1.462,50","1.464,00","1.472,10","1.453,90","","-0,11%"
"22.08.2007","1.464,10","1.447,00","1.464,90","1.447,00","","1,17%"
"21.08.2007","1.447,10","1.445,50","1.455,30","1.439,80","","0,11%"
"20.08.2007","1.445,50","1.445,90","1.451,80","1.430,50","","-0,03%"
"17.08.2007","1.445,90","1.411,30","1.450,30","1.411,30","","2,45%"
"16.08.2007","1.411,30","1.406,60","1.416,00","1.370,60","","0,33%"
"15.08.2007","1.406,70","1.426,20","1.440,80","1.404,40","","-1,39%"
"14.08.2007","1.426,50","1.452,90","1.456,70","1.426,20","","-1,82%"
"13.08.2007","1.452,90","1.453,40","1.466,30","1.451,50","","-0,05%"
"10.08.2007","1.453,60","1.453,10","1.462,00","1.429,70","","0,03%"
"09.08.2007","1.453,10","1.497,20","1.497,20","1.453,10","","-2,96%"
"08.08.2007","1.497,50","1.476,20","1.503,90","1.476,20","","1,41%"
"07.08.2007","1.476,70","1.467,60","1.488,30","1.455,80","","0,61%"
"06.08.2007","1.467,70","1.433,00","1.467,70","1.427,40","","2,41%"
"03.08.2007","1.433,10","1.472,20","1.473,20","1.432,80","","-2,66%"
"02.08.2007","1.472,20","1.465,50","1.476,40","1.460,60","","0,44%"
"01.08.2007","1.465,80","1.455,20","1.468,40","1.439,60","","0,72%"
"31.07.2007","1.455,30","1.473,90","1.488,30","1.454,20","","-1,26%"
"30.07.2007","1.473,90","1.458,90","1.477,90","1.454,30","","1,02%"
"27.07.2007","1.459,00","1.482,40","1.488,50","1.459,00","","-1,60%"
"26.07.2007","1.482,70","1.518,10","1.518,10","1.465,30","","-2,33%"
"25.07.2007","1.518,10","1.511,00","1.524,30","1.503,70","","0,47%"
"24.07.2007","1.511,00","1.541,60","1.541,60","1.508,60","","-1,98%"
"23.07.2007","1.541,60","1.534,10","1.547,20","1.534,10","","0,49%"
"20.07.2007","1.534,10","1.553,20","1.553,20","1.529,20","","-1,22%"
"19.07.2007","1.553,10","1.546,10","1.555,20","1.546,10","","0,45%"
"18.07.2007","1.546,20","1.549,20","1.549,20","1.533,70","","-0,21%"
"17.07.2007","1.549,40","1.549,50","1.555,30","1.547,70","","-0,01%"
"16.07.2007","1.549,50","1.552,50","1.555,90","1.546,70","","-0,19%"
"13.07.2007","1.552,50","1.547,70","1.555,10","1.544,80","","0,31%"
"12.07.2007","1.547,70","1.518,70","1.547,90","1.518,70","","1,90%"
"11.07.2007","1.518,80","1.509,90","1.519,30","1.506,10","","0,58%"
"10.07.2007","1.510,10","1.531,80","1.531,80","1.510,00","","-1,42%"
"09.07.2007","1.531,80","1.530,40","1.534,30","1.527,50","","0,09%"
"06.07.2007","1.530,40","1.525,00","1.532,40","1.520,50","","0,33%"
"05.07.2007","1.525,40","1.524,90","1.526,60","1.517,70","","0,03%"
"03.07.2007","1.524,90","1.519,10","1.526,00","1.519,10","","0,36%"
"02.07.2007","1.519,40","1.504,70","1.519,50","1.504,70","","1,07%"
"29.06.2007","1.503,30","1.505,70","1.517,50","1.493,60","","-0,16%"
"28.06.2007","1.505,70","1.506,30","1.514,80","1.503,40","","-0,04%"
"27.06.2007","1.506,30","1.492,60","1.506,80","1.484,20","","0,90%"
"26.06.2007","1.492,90","1.497,70","1.506,10","1.490,50","","-0,32%"
"25.06.2007","1.497,70","1.502,60","1.514,30","1.492,70","","-0,33%"
"22.06.2007","1.502,60","1.522,20","1.522,20","1.500,70","","-1,29%"
"21.06.2007","1.522,20","1.512,50","1.522,90","1.504,80","","0,62%"
"20.06.2007","1.512,80","1.533,70","1.537,30","1.512,40","","-1,36%"
"19.06.2007","1.533,70","1.531,00","1.535,80","1.525,70","","0,18%"
"18.06.2007","1.531,00","1.532,90","1.535,40","1.529,30","","-0,12%"
"15.06.2007","1.532,90","1.525,50","1.538,70","1.525,50","","0,65%"
"14.06.2007","1.523,00","1.515,60","1.526,50","1.515,60","","0,48%"
"13.06.2007","1.515,70","1.492,70","1.515,70","1.492,70","","1,52%"
"12.06.2007","1.493,00","1.509,10","1.511,30","1.493,00","","-1,07%"
"11.06.2007","1.509,10","1.507,60","1.515,50","1.503,30","","0,09%"
"08.06.2007","1.507,70","1.490,70","1.507,80","1.487,40","","1,14%"
"07.06.2007","1.490,70","1.517,40","1.517,40","1.490,40","","-1,76%"
"06.06.2007","1.517,40","1.530,60","1.530,60","1.514,10","","-0,89%"
"05.06.2007","1.531,00","1.539,10","1.539,10","1.525,60","","-0,53%"
"04.06.2007","1.539,20","1.536,30","1.540,50","1.532,30","","0,19%"
"01.06.2007","1.536,30","1.530,60","1.540,60","1.530,60","","0,37%"
"31.05.2007","1.530,60","1.530,20","1.535,60","1.528,30","","0,03%"
"30.05.2007","1.530,20","1.517,60","1.530,20","1.510,10","","0,80%"
"29.05.2007","1.518,10","1.515,50","1.521,80","1.512,00","","0,16%"
"25.05.2007","1.515,70","1.507,50","1.517,40","1.507,50","","0,54%"
"24.05.2007","1.507,50","1.522,10","1.529,30","1.505,20","","-0,97%"
"23.05.2007","1.522,30","1.524,10","1.532,40","1.521,90","","-0,12%"
"22.05.2007","1.524,10","1.525,10","1.529,20","1.522,00","","-0,07%"
"21.05.2007","1.525,10","1.522,80","1.529,90","1.522,70","","0,15%"
"18.05.2007","1.522,80","1.512,70","1.522,80","1.512,70","","0,66%"
"17.05.2007","1.512,80","1.514,00","1.517,10","1.509,30","","-0,09%"
"16.05.2007","1.514,10","1.500,80","1.514,20","1.500,80","","0,86%"
"15.05.2007","1.501,20","1.503,10","1.514,80","1.500,40","","-0,13%"
"14.05.2007","1.503,20","1.505,80","1.510,90","1.498,30","","-0,17%"
"11.05.2007","1.505,80","1.491,50","1.506,20","1.491,50","","0,96%"
"10.05.2007","1.491,50","1.512,30","1.512,30","1.491,40","","-1,39%"
"09.05.2007","1.512,60","1.507,30","1.513,80","1.503,80","","0,32%"
"08.05.2007","1.507,70","1.509,40","1.509,40","1.500,70","","-0,12%"
"07.05.2007","1.509,50","1.505,60","1.511,00","1.505,50","","0,26%"
"04.05.2007","1.505,60","1.502,30","1.510,30","1.501,80","","0,21%"
"03.05.2007","1.502,40","1.495,60","1.503,30","1.495,60","","0,43%"
"02.05.2007","1.495,90","1.486,10","1.499,10","1.486,10","","0,65%"
"01.05.2007","1.486,30","1.482,40","1.487,30","1.476,70","","0,26%"
"30.04.2007","1.482,40","1.494,10","1.497,20","1.482,30","","-0,78%"
"27.04.2007","1.494,10","1.494,20","1.497,30","1.488,70","","-0,01%"
"26.04.2007","1.494,20","1.495,30","1.498,00","1.491,20","","-0,08%"
"25.04.2007","1.495,40","1.480,30","1.496,60","1.480,30","","1,01%"
"24.04.2007","1.480,40","1.480,90","1.483,80","1.473,70","","-0,03%"
"23.04.2007","1.480,90","1.484,30","1.487,30","1.480,20","","-0,23%"
"20.04.2007","1.484,30","1.470,70","1.484,70","1.470,70","","0,92%"
"19.04.2007","1.470,70","1.472,50","1.474,20","1.464,50","","-0,12%"
"18.04.2007","1.472,50","1.471,50","1.476,60","1.466,40","","0,07%"
"17.04.2007","1.471,50","1.468,50","1.474,30","1.467,20","","0,20%"
"16.04.2007","1.468,50","1.452,80","1.468,60","1.452,80","","1,08%"
"13.04.2007","1.452,80","1.447,80","1.453,10","1.444,20","","0,35%"
"12.04.2007","1.447,80","1.438,90","1.448,00","1.433,90","","0,62%"
"11.04.2007","1.438,90","1.448,20","1.448,40","1.436,20","","-0,66%"
"10.04.2007","1.448,40","1.444,60","1.448,70","1.444,00","","0,26%"
"09.04.2007","1.444,60","1.443,80","1.448,10","1.443,30","","0,06%"
"05.04.2007","1.443,80","1.438,90","1.444,90","1.436,70","","0,31%"
"04.04.2007","1.439,40","1.437,80","1.440,20","1.435,10","","0,11%"
"03.04.2007","1.437,80","1.424,30","1.440,60","1.424,30","","0,93%"
"02.04.2007","1.424,50","1.420,80","1.425,50","1.416,40","","0,25%"
"30.03.2007","1.420,90","1.422,50","1.429,20","1.408,90","","-0,11%"
"29.03.2007","1.422,50","1.417,20","1.426,20","1.413,30","","0,37%"
"28.03.2007","1.417,20","1.428,30","1.428,30","1.414,10","","-0,80%"
"27.03.2007","1.428,60","1.437,50","1.437,50","1.425,50","","-0,62%"
"26.03.2007","1.437,50","1.436,10","1.437,70","1.423,30","","0,10%"
"23.03.2007","1.436,10","1.434,50","1.438,90","1.433,20","","0,11%"
"22.03.2007","1.434,50","1.435,00","1.437,70","1.429,90","","-0,03%"
"21.03.2007","1.435,00","1.410,90","1.437,80","1.409,80","","1,71%"
"20.03.2007","1.410,90","1.402,00","1.411,50","1.400,70","","0,63%"
"19.03.2007","1.402,10","1.387,00","1.403,20","1.387,00","","1,09%"
"16.03.2007","1.387,00","1.392,30","1.397,50","1.383,60","","-0,38%"
"15.03.2007","1.392,30","1.387,10","1.395,70","1.385,20","","0,37%"
"14.03.2007","1.387,20","1.377,90","1.388,10","1.364,00","","0,67%"
"13.03.2007","1.378,00","1.406,20","1.406,20","1.377,70","","-2,03%"
"12.03.2007","1.406,60","1.402,80","1.409,30","1.398,40","","0,27%"
"09.03.2007","1.402,80","1.401,90","1.410,20","1.397,30","","0,06%"
"08.03.2007","1.401,90","1.391,90","1.407,90","1.391,90","","0,71%"
"07.03.2007","1.392,00","1.395,00","1.401,20","1.390,60","","-0,24%"
"06.03.2007","1.395,40","1.374,10","1.397,90","1.374,10","","1,55%"
"05.03.2007","1.374,10","1.387,10","1.391,90","1.374,00","","-0,94%"
"02.03.2007","1.387,20","1.403,20","1.403,40","1.386,90","","-1,14%"
"01.03.2007","1.403,20","1.406,80","1.409,50","1.380,90","","-0,26%"
"28.02.2007","1.406,80","1.398,60","1.415,90","1.396,70","","0,56%"
"27.02.2007","1.399,00","1.449,20","1.449,20","1.389,40","","-3,48%"
"26.02.2007","1.449,40","1.451,00","1.457,00","1.445,50","","-0,12%"
"23.02.2007","1.451,20","1.456,20","1.456,20","1.448,40","","-0,36%"
"22.02.2007","1.456,40","1.457,30","1.461,60","1.450,50","","-0,08%"
"21.02.2007","1.457,60","1.459,60","1.459,60","1.452,00","","-0,14%"
"20.02.2007","1.459,70","1.455,50","1.460,50","1.449,20","","0,29%"
"16.02.2007","1.455,50","1.456,80","1.456,80","1.451,60","","-0,09%"
"15.02.2007","1.456,80","1.455,20","1.458,00","1.453,20","","0,10%"
"14.02.2007","1.455,30","1.443,90","1.457,70","1.443,90","","0,76%"
"13.02.2007","1.444,30","1.433,20","1.444,40","1.433,20","","0,76%"
"12.02.2007","1.433,40","1.438,00","1.439,10","1.431,40","","-0,33%"
"09.02.2007","1.438,10","1.448,20","1.452,50","1.433,40","","-0,70%"
"08.02.2007","1.448,30","1.450,00","1.450,50","1.442,80","","-0,12%"
"07.02.2007","1.450,00","1.447,40","1.453,00","1.446,40","","0,14%"
"06.02.2007","1.448,00","1.447,00","1.450,20","1.443,40","","0,07%"
"05.02.2007","1.447,00","1.448,30","1.449,40","1.443,80","","-0,10%"
"02.02.2007","1.448,40","1.445,90","1.449,30","1.444,50","","0,17%"
"01.02.2007","1.445,90","1.437,90","1.446,60","1.437,90","","0,54%"
"31.01.2007","1.438,20","1.428,70","1.441,60","1.424,80","","0,66%"
"30.01.2007","1.428,80","1.420,60","1.428,80","1.420,60","","0,58%"
"29.01.2007","1.420,60","1.422,00","1.426,90","1.418,50","","-0,11%"
"26.01.2007","1.422,20","1.423,90","1.427,30","1.417,00","","-0,12%"
"25.01.2007","1.423,90","1.440,10","1.440,70","1.422,30","","-1,12%"
"24.01.2007","1.440,10","1.428,00","1.440,10","1.428,00","","0,85%"
"23.01.2007","1.428,00","1.423,00","1.431,30","1.421,70","","0,35%"
"22.01.2007","1.423,00","1.430,50","1.431,40","1.420,40","","-0,52%"
"19.01.2007","1.430,50","1.426,30","1.431,60","1.425,20","","0,29%"
"18.01.2007","1.426,40","1.430,60","1.433,30","1.424,20","","-0,29%"
"17.01.2007","1.430,60","1.431,80","1.435,30","1.428,60","","-0,09%"
"16.01.2007","1.431,90","1.430,70","1.433,90","1.428,60","","0,08%"
"12.01.2007","1.430,70","1.423,80","1.431,20","1.422,60","","0,48%"
"11.01.2007","1.423,80","1.414,80","1.427,10","1.414,80","","0,64%"
"10.01.2007","1.414,80","1.411,90","1.416,00","1.404,30","","0,19%"
"09.01.2007","1.412,10","1.412,80","1.415,60","1.405,40","","-0,05%"
"08.01.2007","1.412,80","1.409,30","1.415,00","1.404,00","","0,22%"
"05.01.2007","1.409,70","1.418,30","1.418,30","1.405,80","","-0,61%"
"04.01.2007","1.418,30","1.416,60","1.421,80","1.408,20","","0,12%"
"03.01.2007","1.416,60","1.418,00","1.429,40","1.407,90","","-0,12%"
"29.12.2006","1.418,30","1.424,70","1.427,00","1.416,70","","-0,45%"
"28.12.2006","1.424,70","1.426,80","1.427,30","1.422,00","","-0,15%"
"27.12.2006","1.426,80","1.416,60","1.427,70","1.416,60","","0,70%"
"26.12.2006","1.416,90","1.410,80","1.417,90","1.410,50","","0,43%"
"22.12.2006","1.410,80","1.418,10","1.418,80","1.410,30","","-0,53%"
"21.12.2006","1.418,30","1.423,20","1.426,40","1.415,90","","-0,37%"
"20.12.2006","1.423,50","1.425,50","1.429,00","1.423,50","","-0,14%"
"19.12.2006","1.425,50","1.422,40","1.428,30","1.414,90","","0,21%"
"18.12.2006","1.422,50","1.427,10","1.431,80","1.420,70","","-0,32%"
"15.12.2006","1.427,10","1.425,50","1.431,60","1.425,50","","0,11%"
"14.12.2006","1.425,50","1.413,20","1.427,20","1.413,20","","0,87%"
"13.12.2006","1.413,20","1.411,30","1.416,60","1.411,00","","0,11%"
"12.12.2006","1.411,60","1.413,00","1.413,80","1.404,80","","-0,10%"
"11.12.2006","1.413,00","1.409,80","1.415,60","1.408,60","","0,23%"
"08.12.2006","1.409,80","1.407,30","1.414,10","1.403,70","","0,18%"
"07.12.2006","1.407,30","1.412,90","1.418,30","1.406,80","","-0,40%"
"06.12.2006","1.412,90","1.414,40","1.415,90","1.411,00","","-0,13%"
"05.12.2006","1.414,80","1.409,10","1.415,30","1.408,80","","0,40%"
"04.12.2006","1.409,10","1.396,70","1.411,20","1.396,70","","0,89%"
"01.12.2006","1.396,70","1.400,60","1.402,50","1.385,90","","-0,28%"
"30.11.2006","1.400,60","1.399,50","1.406,30","1.393,80","","0,08%"
"29.11.2006","1.399,50","1.386,10","1.401,10","1.386,10","","0,92%"
"28.11.2006","1.386,70","1.381,60","1.387,90","1.377,80","","0,35%"
"27.11.2006","1.381,90","1.401,00","1.401,00","1.381,40","","-1,36%"
"24.11.2006","1.401,00","1.405,90","1.405,90","1.399,20","","-0,36%"
"22.11.2006","1.406,10","1.402,70","1.407,90","1.402,30","","0,24%"
"21.11.2006","1.402,80","1.400,40","1.403,50","1.400,00","","0,16%"
"20.11.2006","1.400,50","1.401,20","1.404,40","1.397,80","","-0,05%"
"17.11.2006","1.401,20","1.399,80","1.401,20","1.394,50","","0,10%"
"16.11.2006","1.399,80","1.396,50","1.403,80","1.396,50","","0,23%"
"15.11.2006","1.396,60","1.392,90","1.401,30","1.392,10","","0,24%"
"14.11.2006","1.393,20","1.384,40","1.394,50","1.379,10","","0,64%"
"13.11.2006","1.384,40","1.380,60","1.387,60","1.378,80","","0,25%"
"10.11.2006","1.380,90","1.378,30","1.381,00","1.375,60","","0,19%"
"09.11.2006","1.378,30","1.385,40","1.388,90","1.377,30","","-0,53%"
"08.11.2006","1.385,70","1.382,50","1.388,60","1.376,30","","0,21%"
"07.11.2006","1.382,80","1.379,80","1.388,20","1.379,20","","0,22%"
"06.11.2006","1.379,80","1.364,30","1.381,40","1.364,30","","1,14%"
"03.11.2006","1.364,30","1.367,30","1.371,70","1.361,00","","-0,22%"
"02.11.2006","1.367,30","1.367,40","1.368,40","1.362,20","","-0,04%"
"01.11.2006","1.367,80","1.377,80","1.382,00","1.366,30","","-0,73%"
"31.10.2006","1.377,90","1.377,90","1.381,20","1.372,20","","0,00%"
"30.10.2006","1.377,90","1.377,30","1.381,20","1.373,50","","0,04%"
"27.10.2006","1.377,30","1.388,90","1.388,90","1.375,80","","-0,85%"
"26.10.2006","1.389,10","1.382,20","1.389,50","1.379,50","","0,50%"
"25.10.2006","1.382,20","1.377,40","1.383,60","1.376,00","","0,35%"
"24.10.2006","1.377,40","1.377,00","1.377,80","1.372,40","","0,03%"
"23.10.2006","1.377,00","1.368,60","1.377,40","1.363,90","","0,61%"
"20.10.2006","1.368,60","1.366,90","1.368,70","1.362,10","","0,12%"
"19.10.2006","1.367,00","1.366,00","1.368,10","1.362,10","","0,07%"
"18.10.2006","1.366,00","1.363,90","1.372,90","1.361,00","","0,15%"
"17.10.2006","1.364,00","1.369,00","1.369,00","1.356,90","","-0,37%"
"16.10.2006","1.369,00","1.365,60","1.370,20","1.364,50","","0,25%"
"13.10.2006","1.365,60","1.362,80","1.366,60","1.360,50","","0,21%"
"12.10.2006","1.362,80","1.349,90","1.363,80","1.349,90","","0,95%"
"11.10.2006","1.350,00","1.353,30","1.354,00","1.343,60","","-0,25%"
"10.10.2006","1.353,40","1.350,60","1.354,20","1.348,60","","0,20%"
"09.10.2006","1.350,70","1.349,60","1.352,70","1.346,50","","0,08%"
"06.10.2006","1.349,60","1.353,20","1.353,20","1.344,20","","-0,27%"
"05.10.2006","1.353,20","1.349,80","1.353,80","1.347,80","","0,22%"
"04.10.2006","1.350,20","1.333,80","1.350,20","1.331,50","","1,21%"
"03.10.2006","1.334,10","1.331,30","1.338,30","1.327,10","","0,21%"
"02.10.2006","1.331,30","1.335,80","1.338,50","1.330,30","","-0,34%"
"29.09.2006","1.335,80","1.339,20","1.339,90","1.335,60","","-0,25%"
"28.09.2006","1.339,20","1.336,60","1.340,30","1.333,80","","0,19%"
"27.09.2006","1.336,60","1.336,10","1.340,10","1.333,50","","0,02%"
"26.09.2006","1.336,30","1.326,30","1.336,60","1.325,30","","0,75%"
"25.09.2006","1.326,40","1.314,80","1.329,30","1.311,60","","0,88%"
"22.09.2006","1.314,80","1.318,00","1.318,00","1.310,90","","-0,24%"
"21.09.2006","1.318,00","1.324,90","1.328,20","1.315,50","","-0,54%"
"20.09.2006","1.325,20","1.318,30","1.328,50","1.318,30","","0,52%"
"19.09.2006","1.318,30","1.321,20","1.322,00","1.312,20","","-0,22%"
"18.09.2006","1.321,20","1.319,80","1.324,90","1.318,20","","0,10%"
"15.09.2006","1.319,90","1.316,30","1.324,70","1.316,30","","0,27%"
"14.09.2006","1.316,30","1.318,00","1.318,00","1.313,20","","-0,14%"
"13.09.2006","1.318,10","1.312,70","1.319,90","1.311,10","","0,38%"
"12.09.2006","1.313,10","1.299,50","1.314,30","1.299,50","","1,05%"
"11.09.2006","1.299,50","1.298,90","1.302,40","1.290,90","","0,05%"
"08.09.2006","1.298,90","1.294,00","1.300,10","1.294,00","","0,38%"
"07.09.2006","1.294,00","1.300,20","1.301,20","1.292,10","","-0,48%"
"06.09.2006","1.300,30","1.313,00","1.313,00","1.299,30","","-0,98%"
"05.09.2006","1.313,20","1.310,90","1.314,70","1.308,80","","0,17%"
"01.09.2006","1.311,00","1.303,80","1.312,00","1.303,80","","0,55%"
"31.08.2006","1.303,80","1.304,20","1.306,10","1.302,50","","-0,04%"
"30.08.2006","1.304,30","1.303,70","1.306,70","1.302,20","","0,00%"
"29.08.2006","1.304,30","1.301,60","1.305,00","1.295,30","","0,19%"
"28.08.2006","1.301,80","1.295,10","1.305,00","1.294,00","","0,52%"
"25.08.2006","1.295,10","1.295,90","1.298,90","1.292,40","","-0,08%"
"24.08.2006","1.296,10","1.293,00","1.297,20","1.291,40","","0,24%"
"23.08.2006","1.293,00","1.298,70","1.301,50","1.289,50","","-0,45%"
"22.08.2006","1.298,80","1.297,50","1.302,50","1.294,40","","0,10%"
"21.08.2006","1.297,50","1.302,30","1.302,30","1.295,50","","-0,37%"
"18.08.2006","1.302,30","1.297,50","1.302,30","1.293,60","","0,37%"
"17.08.2006","1.297,50","1.295,40","1.300,80","1.292,70","","0,16%"
"16.08.2006","1.295,40","1.285,30","1.296,20","1.285,30","","0,76%"
"15.08.2006","1.285,60","1.268,20","1.286,20","1.268,20","","1,37%"
"14.08.2006","1.268,20","1.266,70","1.278,90","1.266,70","","0,12%"
"11.08.2006","1.266,70","1.271,60","1.271,60","1.262,10","","-0,40%"
"10.08.2006","1.271,80","1.265,70","1.272,50","1.261,30","","0,46%"
"09.08.2006","1.266,00","1.271,10","1.283,70","1.264,70","","-0,43%"
"08.08.2006","1.271,50","1.275,70","1.282,80","1.268,40","","-0,34%"
"07.08.2006","1.275,80","1.279,30","1.279,30","1.273,00","","-0,28%"
"04.08.2006","1.279,40","1.280,30","1.292,90","1.273,80","","-0,07%"
"03.08.2006","1.280,30","1.278,20","1.284,00","1.271,20","","0,14%"
"02.08.2006","1.278,50","1.270,70","1.283,40","1.270,70","","0,60%"
"01.08.2006","1.270,90","1.278,50","1.278,70","1.265,70","","-0,45%"
"31.07.2006","1.276,70","1.278,50","1.278,70","1.274,30","","-0,14%"
"28.07.2006","1.278,50","1.263,20","1.280,40","1.263,20","","1,21%"
"27.07.2006","1.263,20","1.268,20","1.275,80","1.261,90","","-0,41%"
"26.07.2006","1.268,40","1.268,90","1.273,90","1.261,90","","-0,04%"
"25.07.2006","1.268,90","1.260,90","1.272,40","1.257,20","","0,63%"
"24.07.2006","1.260,90","1.240,20","1.262,50","1.240,20","","1,66%"
"21.07.2006","1.240,30","1.249,10","1.251,00","1.238,70","","-0,70%"
"20.07.2006","1.249,10","1.259,80","1.262,60","1.249,10","","-0,85%"
"19.07.2006","1.259,80","1.236,70","1.261,80","1.236,70","","1,85%"
"18.07.2006","1.236,90","1.234,50","1.239,90","1.224,50","","0,19%"
"17.07.2006","1.234,50","1.236,20","1.240,10","1.231,50","","-0,14%"
"14.07.2006","1.236,20","1.242,30","1.242,70","1.228,50","","-0,49%"
"13.07.2006","1.242,30","1.258,60","1.258,60","1.241,40","","-1,30%"
"12.07.2006","1.258,60","1.272,40","1.273,30","1.257,30","","-1,09%"
"11.07.2006","1.272,50","1.267,30","1.273,60","1.259,70","","0,41%"
"10.07.2006","1.267,30","1.265,50","1.274,10","1.264,50","","0,14%"
"07.07.2006","1.265,50","1.274,10","1.275,40","1.263,10","","-0,67%"
"06.07.2006","1.274,10","1.270,60","1.278,30","1.270,60","","0,25%"
"05.07.2006","1.270,90","1.280,00","1.280,00","1.265,90","","-0,73%"
"03.07.2006","1.280,20","1.270,10","1.280,40","1.270,10","","0,79%"
"30.06.2006","1.270,20","1.272,90","1.276,30","1.270,20","","-0,21%"
"29.06.2006","1.272,90","1.245,90","1.272,90","1.245,90","","2,16%"
"28.06.2006","1.246,00","1.239,00","1.247,10","1.237,60","","0,55%"
"27.06.2006","1.239,20","1.250,50","1.253,40","1.238,90","","-0,91%"
"26.06.2006","1.250,60","1.244,50","1.250,90","1.243,70","","0,49%"
"23.06.2006","1.244,50","1.245,60","1.253,10","1.241,40","","-0,09%"
"22.06.2006","1.245,60","1.251,90","1.251,90","1.241,50","","-0,53%"
"21.06.2006","1.252,20","1.240,10","1.258,00","1.240,10","","0,98%"
"20.06.2006","1.240,10","1.240,10","1.249,00","1.238,90","","0,00%"
"19.06.2006","1.240,10","1.251,50","1.255,90","1.237,20","","-0,91%"
"16.06.2006","1.251,50","1.256,20","1.256,30","1.246,30","","-0,37%"
"15.06.2006","1.256,20","1.230,00","1.258,60","1.230,00","","2,13%"
"14.06.2006","1.230,00","1.223,70","1.231,50","1.219,30","","0,51%"
"13.06.2006","1.223,70","1.236,10","1.243,40","1.222,50","","-1,03%"
"12.06.2006","1.236,40","1.252,30","1.255,20","1.236,20","","-1,27%"
"09.06.2006","1.252,30","1.257,90","1.262,60","1.250,00","","-0,45%"
"08.06.2006","1.257,90","1.256,10","1.259,80","1.235,20","","0,14%"
"07.06.2006","1.256,20","1.263,60","1.272,50","1.255,80","","-0,60%"
"06.06.2006","1.263,80","1.265,20","1.269,90","1.254,50","","-0,12%"
"05.06.2006","1.265,30","1.288,20","1.288,20","1.264,70","","-1,78%"
"02.06.2006","1.288,20","1.285,70","1.290,70","1.280,20","","0,19%"
"01.06.2006","1.285,70","1.270,00","1.285,70","1.269,20","","1,23%"
"31.05.2006","1.270,10","1.259,40","1.270,10","1.259,40","","0,82%"
"30.05.2006","1.259,80","1.280,00","1.280,00","1.259,80","","-1,59%"
"26.05.2006","1.280,20","1.272,70","1.280,50","1.272,50","","0,57%"
"25.05.2006","1.272,90","1.258,40","1.273,30","1.258,40","","1,14%"
"24.05.2006","1.258,60","1.256,60","1.264,50","1.245,30","","0,16%"
"23.05.2006","1.256,60","1.262,10","1.273,70","1.256,20","","-0,44%"
"22.05.2006","1.262,10","1.267,00","1.268,80","1.253,00","","-0,39%"
"19.05.2006","1.267,00","1.261,80","1.272,20","1.256,30","","0,41%"
"18.05.2006","1.261,80","1.270,20","1.274,90","1.261,80","","-0,67%"
"17.05.2006","1.270,30","1.291,70","1.291,70","1.267,30","","-1,69%"
"16.05.2006","1.292,10","1.294,50","1.297,90","1.288,50","","-0,19%"
"15.05.2006","1.294,50","1.291,20","1.294,80","1.284,50","","0,26%"
"12.05.2006","1.291,20","1.305,90","1.305,90","1.290,40","","-1,13%"
"11.05.2006","1.305,90","1.322,60","1.322,60","1.303,50","","-1,28%"
"10.05.2006","1.322,80","1.324,60","1.325,50","1.317,40","","-0,17%"
"09.05.2006","1.325,10","1.324,70","1.326,60","1.322,50","","0,03%"
"08.05.2006","1.324,70","1.325,80","1.326,70","1.322,90","","-0,08%"
"05.05.2006","1.325,80","1.312,20","1.326,50","1.312,20","","1,04%"
"04.05.2006","1.312,20","1.307,80","1.315,10","1.307,80","","0,34%"
"03.05.2006","1.307,80","1.313,20","1.313,50","1.303,90","","-0,41%"
"02.05.2006","1.313,20","1.305,20","1.313,70","1.305,20","","0,61%"
"01.05.2006","1.305,20","1.310,60","1.317,20","1.303,50","","-0,41%"
"28.04.2006","1.310,60","1.309,70","1.316,00","1.306,20","","0,07%"
"27.04.2006","1.309,70","1.305,40","1.315,00","1.295,60","","0,33%"
"26.04.2006","1.305,40","1.301,70","1.311,00","1.301,70","","0,28%"
"25.04.2006","1.301,70","1.308,10","1.310,80","1.299,20","","-0,49%"
"24.04.2006","1.308,10","1.311,30","1.311,30","1.303,80","","-0,24%"
"21.04.2006","1.311,30","1.311,50","1.317,70","1.306,60","","-0,02%"
"20.04.2006","1.311,50","1.309,90","1.318,20","1.306,40","","0,12%"
"19.04.2006","1.309,90","1.307,70","1.310,40","1.302,80","","0,17%"
"18.04.2006","1.307,70","1.285,30","1.309,00","1.285,30","","1,74%"
"17.04.2006","1.285,30","1.289,10","1.292,50","1.280,70","","-0,29%"
"13.04.2006","1.289,10","1.288,10","1.292,10","1.283,40","","0,08%"
"12.04.2006","1.288,10","1.286,60","1.290,90","1.286,50","","0,12%"
"11.04.2006","1.286,60","1.296,60","1.300,70","1.283,00","","-0,77%"
"10.04.2006","1.296,60","1.295,50","1.300,70","1.293,20","","0,08%"
"07.04.2006","1.295,50","1.309,00","1.314,10","1.294,20","","-1,03%"
"06.04.2006","1.309,00","1.311,60","1.312,00","1.302,40","","-0,20%"
"05.04.2006","1.311,60","1.305,90","1.312,80","1.304,80","","0,44%"
"04.04.2006","1.305,90","1.297,80","1.307,50","1.294,70","","0,62%"
"03.04.2006","1.297,80","1.302,90","1.309,20","1.296,70","","0,23%"
"31.03.2006","1.294,80","1.300,20","1.303,00","1.294,80","","-0,42%"
"30.03.2006","1.300,20","1.302,90","1.310,20","1.296,70","","-0,21%"
"29.03.2006","1.302,90","1.293,20","1.305,60","1.293,20","","0,75%"
"28.03.2006","1.293,20","1.301,60","1.306,20","1.291,80","","-0,65%"
"27.03.2006","1.301,60","1.303,00","1.303,70","1.299,10","","-0,11%"
"24.03.2006","1.303,00","1.301,70","1.306,50","1.298,90","","0,10%"
"23.03.2006","1.301,70","1.305,00","1.305,00","1.298,10","","-0,25%"
"22.03.2006","1.305,00","1.297,20","1.306,00","1.295,80","","0,60%"
"21.03.2006","1.297,20","1.305,10","1.310,90","1.295,80","","-0,61%"
"20.03.2006","1.305,10","1.307,20","1.310,00","1.303,60","","-0,16%"
"17.03.2006","1.307,20","1.305,30","1.309,80","1.305,30","","0,15%"
"16.03.2006","1.305,30","1.303,00","1.310,50","1.303,00","","0,18%"
"15.03.2006","1.303,00","1.297,50","1.304,40","1.295,00","","0,42%"
"14.03.2006","1.297,50","1.284,10","1.298,10","1.282,70","","1,04%"
"13.03.2006","1.284,10","1.281,60","1.287,40","1.281,60","","0,20%"
"10.03.2006","1.281,60","1.272,20","1.284,40","1.271,10","","0,74%"
"09.03.2006","1.272,20","1.278,50","1.282,70","1.272,20","","-0,49%"
"08.03.2006","1.278,50","1.275,90","1.280,30","1.268,40","","0,20%"
"07.03.2006","1.275,90","1.278,30","1.278,30","1.271,10","","-0,19%"
"06.03.2006","1.278,30","1.287,20","1.288,20","1.275,70","","-0,69%"
"03.03.2006","1.287,20","1.289,10","1.297,30","1.284,20","","-0,15%"
"02.03.2006","1.289,10","1.291,20","1.291,20","1.283,20","","-0,16%"
"01.03.2006","1.291,20","1.280,70","1.291,80","1.280,70","","0,82%"
"28.02.2006","1.280,70","1.294,10","1.294,10","1.278,70","","-1,04%"
"27.02.2006","1.294,10","1.289,40","1.297,60","1.289,40","","0,36%"
"24.02.2006","1.289,40","1.287,80","1.292,10","1.285,60","","0,12%"
"23.02.2006","1.287,80","1.292,70","1.293,80","1.285,10","","-0,38%"
"22.02.2006","1.292,70","1.283,00","1.294,20","1.283,00","","0,76%"
"21.02.2006","1.283,00","1.287,20","1.291,90","1.281,30","","-0,33%"
"17.02.2006","1.287,20","1.289,40","1.289,50","1.284,10","","-0,17%"
"16.02.2006","1.289,40","1.280,00","1.289,40","1.280,00","","0,73%"
"15.02.2006","1.280,00","1.275,50","1.281,00","1.271,10","","0,35%"
"14.02.2006","1.275,50","1.262,90","1.278,20","1.260,80","","1,00%"
"13.02.2006","1.262,90","1.267,00","1.267,00","1.258,30","","-0,32%"
"10.02.2006","1.267,00","1.263,80","1.269,90","1.255,00","","0,25%"
"09.02.2006","1.263,80","1.265,70","1.274,60","1.262,80","","-0,15%"
"08.02.2006","1.265,70","1.254,80","1.266,50","1.254,80","","0,87%"
"07.02.2006","1.254,80","1.265,00","1.265,80","1.253,60","","-0,81%"
"06.02.2006","1.265,00","1.264,00","1.267,00","1.261,60","","0,08%"
"03.02.2006","1.264,00","1.270,80","1.270,90","1.261,00","","-0,54%"
"02.02.2006","1.270,80","1.282,50","1.282,50","1.267,70","","-0,91%"
"01.02.2006","1.282,50","1.280,10","1.283,30","1.277,60","","0,19%"
"31.01.2006","1.280,10","1.285,20","1.285,20","1.276,80","","-0,40%"
"30.01.2006","1.285,20","1.283,70","1.287,90","1.283,50","","0,12%"
"27.01.2006","1.283,70","1.273,80","1.286,40","1.273,80","","0,78%"
"26.01.2006","1.273,80","1.264,70","1.276,40","1.264,70","","0,72%"
"25.01.2006","1.264,70","1.266,90","1.271,90","1.259,40","","-0,17%"
"24.01.2006","1.266,90","1.263,80","1.271,50","1.263,80","","0,25%"
"23.01.2006","1.263,80","1.261,50","1.268,20","1.261,50","","0,18%"
"20.01.2006","1.261,50","1.285,00","1.285,00","1.260,90","","-1,83%"
"19.01.2006","1.285,00","1.277,90","1.287,80","1.277,90","","0,56%"
"18.01.2006","1.277,90","1.282,90","1.282,90","1.272,10","","-0,39%"
"17.01.2006","1.282,90","1.287,60","1.287,60","1.278,60","","-0,37%"
"13.01.2006","1.287,60","1.286,10","1.289,00","1.282,80","","0,12%"
"12.01.2006","1.286,10","1.294,20","1.294,20","1.285,00","","-0,63%"
"11.01.2006","1.294,20","1.289,70","1.294,90","1.288,10","","0,35%"
"10.01.2006","1.289,70","1.290,20","1.290,20","1.283,80","","-0,04%"
"09.01.2006","1.290,20","1.285,50","1.290,80","1.284,80","","0,37%"
"06.01.2006","1.285,50","1.273,50","1.286,10","1.273,50","","0,94%"
"05.01.2006","1.273,50","1.273,50","1.276,90","1.270,30","","0,00%"
"04.01.2006","1.273,50","1.268,80","1.275,40","1.267,70","","0,37%"
"03.01.2006","1.268,80","1.248,30","1.270,20","1.245,70","","1,64%"
"30.12.2005","1.248,30","1.254,40","1.254,40","1.246,60","","-0,49%"
"29.12.2005","1.254,40","1.258,20","1.260,60","1.254,20","","-0,30%"
"28.12.2005","1.258,20","1.256,50","1.261,10","1.256,50","","0,14%"
"27.12.2005","1.256,50","1.268,70","1.271,80","1.256,50","","-0,96%"
"23.12.2005","1.268,70","1.268,10","1.269,80","1.265,90","","0,05%"
"22.12.2005","1.268,10","1.262,80","1.268,20","1.262,50","","0,42%"
"21.12.2005","1.262,80","1.259,60","1.269,40","1.259,60","","0,25%"
"20.12.2005","1.259,60","1.259,90","1.263,90","1.257,20","","-0,02%"
"19.12.2005","1.259,90","1.267,30","1.270,50","1.259,30","","-0,58%"
"16.12.2005","1.267,30","1.270,90","1.275,20","1.267,30","","-0,28%"
"15.12.2005","1.270,90","1.272,70","1.275,20","1.267,70","","-0,14%"
"14.12.2005","1.272,70","1.267,40","1.275,80","1.267,10","","0,42%"
"13.12.2005","1.267,40","1.260,40","1.272,10","1.258,60","","0,56%"
"12.12.2005","1.260,40","1.259,40","1.263,90","1.255,50","","0,08%"
"09.12.2005","1.259,40","1.255,80","1.263,10","1.254,20","","0,29%"
"08.12.2005","1.255,80","1.257,40","1.263,40","1.250,90","","-0,13%"
"07.12.2005","1.257,40","1.263,70","1.264,80","1.253,00","","-0,50%"
"06.12.2005","1.263,70","1.262,10","1.272,90","1.262,10","","0,13%"
"05.12.2005","1.262,10","1.265,10","1.265,10","1.258,10","","-0,24%"
"02.12.2005","1.265,10","1.264,70","1.266,80","1.261,40","","0,03%"
"01.12.2005","1.264,70","1.249,50","1.266,20","1.249,50","","1,22%"
"30.11.2005","1.249,50","1.257,50","1.260,90","1.249,40","","-0,64%"
"29.11.2005","1.257,50","1.257,50","1.266,20","1.257,50","","0,00%"
"28.11.2005","1.257,50","1.268,20","1.268,40","1.257,20","","-0,84%"
"25.11.2005","1.268,20","1.265,60","1.268,80","1.265,50","","0,21%"
"23.11.2005","1.265,60","1.261,20","1.270,60","1.259,50","","0,35%"
"22.11.2005","1.261,20","1.254,80","1.261,90","1.251,40","","0,51%"
"21.11.2005","1.254,80","1.248,30","1.255,90","1.246,90","","0,52%"
"18.11.2005","1.248,30","1.242,80","1.249,60","1.240,70","","0,44%"
"17.11.2005","1.242,80","1.231,20","1.243,00","1.231,20","","0,94%"
"16.11.2005","1.231,20","1.229,00","1.232,20","1.227,20","","0,18%"
"15.11.2005","1.229,00","1.233,80","1.237,90","1.226,40","","-0,39%"
"14.11.2005","1.233,80","1.234,70","1.237,20","1.231,80","","-0,07%"
"11.11.2005","1.234,70","1.231,00","1.235,70","1.230,70","","0,30%"
"10.11.2005","1.231,00","1.220,70","1.232,40","1.215,00","","0,84%"
"09.11.2005","1.220,70","1.218,60","1.226,60","1.216,50","","0,17%"
"08.11.2005","1.218,60","1.222,80","1.222,80","1.216,10","","-0,34%"
"07.11.2005","1.222,80","1.220,10","1.224,20","1.217,30","","0,22%"
"04.11.2005","1.220,10","1.219,90","1.222,50","1.214,50","","0,02%"
"03.11.2005","1.219,90","1.214,80","1.224,70","1.214,80","","0,42%"
"02.11.2005","1.214,80","1.202,80","1.215,20","1.201,10","","1,00%"
"01.11.2005","1.202,80","1.207,00","1.207,30","1.201,70","","-0,35%"
"31.10.2005","1.207,00","1.198,40","1.211,40","1.198,40","","0,72%"
"28.10.2005","1.198,40","1.178,90","1.198,40","1.178,90","","1,65%"
"27.10.2005","1.178,90","1.191,40","1.192,70","1.178,90","","-1,05%"
"26.10.2005","1.191,40","1.196,50","1.204,00","1.191,40","","-0,43%"
"25.10.2005","1.196,50","1.199,40","1.201,30","1.189,30","","-0,24%"
"24.10.2005","1.199,40","1.179,60","1.199,40","1.179,60","","1,68%"
"21.10.2005","1.179,60","1.177,80","1.186,50","1.174,90","","0,15%"
"20.10.2005","1.177,80","1.195,80","1.197,30","1.173,30","","-1,51%"
"19.10.2005","1.195,80","1.178,10","1.195,80","1.170,50","","1,50%"
"18.10.2005","1.178,10","1.190,10","1.190,10","1.178,10","","-1,01%"
"17.10.2005","1.190,10","1.186,60","1.191,20","1.184,50","","0,29%"
"14.10.2005","1.186,60","1.176,80","1.187,10","1.175,40","","0,83%"
"13.10.2005","1.176,80","1.177,70","1.179,60","1.168,20","","-0,08%"
"12.10.2005","1.177,70","1.184,90","1.190,00","1.173,70","","-0,61%"
"11.10.2005","1.184,90","1.187,30","1.193,10","1.183,20","","-0,20%"
"10.10.2005","1.187,30","1.195,90","1.196,50","1.186,10","","-0,72%"
"07.10.2005","1.195,90","1.191,50","1.199,70","1.191,50","","0,37%"
"06.10.2005","1.191,50","1.196,40","1.202,10","1.181,90","","-0,41%"
"05.10.2005","1.196,40","1.214,50","1.214,50","1.196,20","","-1,49%"
"04.10.2005","1.214,50","1.226,70","1.229,90","1.214,00","","-0,99%"
"03.10.2005","1.226,70","1.228,80","1.233,30","1.225,20","","-0,17%"
"30.09.2005","1.228,80","1.227,70","1.229,60","1.225,20","","0,09%"
"29.09.2005","1.227,70","1.216,90","1.228,70","1.211,50","","0,89%"
"28.09.2005","1.216,90","1.215,70","1.221,00","1.212,70","","0,10%"
"27.09.2005","1.215,70","1.215,60","1.220,20","1.211,10","","0,01%"
"26.09.2005","1.215,60","1.215,30","1.222,60","1.211,80","","0,02%"
"23.09.2005","1.215,30","1.214,60","1.218,80","1.209,80","","0,06%"
"22.09.2005","1.214,60","1.210,20","1.216,60","1.205,30","","0,36%"
"21.09.2005","1.210,20","1.221,30","1.221,50","1.209,90","","-0,91%"
"20.09.2005","1.221,30","1.231,00","1.236,50","1.220,10","","-0,79%"
"19.09.2005","1.231,00","1.237,90","1.237,90","1.227,70","","-0,56%"
"16.09.2005","1.237,90","1.228,40","1.238,00","1.228,40","","0,83%"
"15.09.2005","1.227,70","1.227,20","1.231,90","1.224,80","","0,04%"
"14.09.2005","1.227,20","1.231,20","1.234,70","1.226,20","","-0,32%"
"13.09.2005","1.231,20","1.240,60","1.240,60","1.231,20","","-0,76%"
"12.09.2005","1.240,60","1.241,50","1.242,60","1.239,20","","-0,07%"
"09.09.2005","1.241,50","1.231,70","1.243,10","1.231,70","","0,80%"
"08.09.2005","1.231,70","1.236,40","1.236,40","1.229,50","","-0,38%"
"07.09.2005","1.236,40","1.233,40","1.237,10","1.230,90","","0,24%"
"06.09.2005","1.233,40","1.218,00","1.233,60","1.218,00","","1,26%"
"02.09.2005","1.218,00","1.221,60","1.224,50","1.217,80","","-0,29%"
"01.09.2005","1.221,60","1.220,30","1.227,30","1.216,20","","0,11%"
"31.08.2005","1.220,30","1.208,40","1.220,40","1.204,40","","0,98%"
"30.08.2005","1.208,40","1.212,30","1.212,30","1.201,10","","-0,32%"
"29.08.2005","1.212,30","1.205,10","1.214,30","1.201,50","","0,60%"
"26.08.2005","1.205,10","1.212,40","1.212,40","1.204,20","","-0,60%"
"25.08.2005","1.212,40","1.209,60","1.213,70","1.209,60","","0,23%"
"24.08.2005","1.209,60","1.217,60","1.224,20","1.209,40","","-0,66%"
"23.08.2005","1.217,60","1.221,70","1.223,00","1.214,40","","-0,34%"
"22.08.2005","1.221,70","1.219,70","1.229,00","1.216,50","","0,16%"
"19.08.2005","1.219,70","1.219,00","1.225,10","1.219,00","","0,06%"
"18.08.2005","1.219,00","1.220,20","1.222,60","1.215,90","","-0,10%"
"17.08.2005","1.220,20","1.219,30","1.225,60","1.218,10","","0,07%"
"16.08.2005","1.219,30","1.233,90","1.233,90","1.219,00","","-1,18%"
"15.08.2005","1.233,90","1.230,40","1.236,20","1.226,20","","0,28%"
"12.08.2005","1.230,40","1.237,80","1.237,80","1.225,90","","-0,60%"
"11.08.2005","1.237,80","1.229,10","1.237,80","1.228,30","","0,71%"
"10.08.2005","1.229,10","1.231,40","1.242,70","1.226,60","","-0,19%"
"09.08.2005","1.231,40","1.223,10","1.234,10","1.223,10","","0,68%"
"08.08.2005","1.223,10","1.226,40","1.232,30","1.222,70","","-0,27%"
"05.08.2005","1.226,40","1.235,90","1.235,90","1.225,60","","-0,77%"
"04.08.2005","1.235,90","1.245,00","1.245,00","1.235,20","","-0,73%"
"03.08.2005","1.245,00","1.244,10","1.245,90","1.240,60","","0,07%"
"02.08.2005","1.244,10","1.235,30","1.244,70","1.235,30","","0,71%"
"01.08.2005","1.235,30","1.234,20","1.239,10","1.233,80","","0,09%"
"29.07.2005","1.234,20","1.243,70","1.245,00","1.234,20","","-0,76%"
"28.07.2005","1.243,70","1.236,80","1.245,20","1.235,80","","0,56%"
"27.07.2005","1.236,80","1.231,20","1.237,60","1.230,20","","0,45%"
"26.07.2005","1.231,20","1.229,00","1.234,40","1.229,00","","0,18%"
"25.07.2005","1.229,00","1.233,70","1.238,40","1.228,20","","-0,38%"
"22.07.2005","1.233,70","1.227,00","1.234,20","1.226,20","","0,55%"
"21.07.2005","1.227,00","1.235,20","1.235,80","1.224,70","","-0,66%"
"20.07.2005","1.235,20","1.229,30","1.236,60","1.222,90","","0,48%"
"19.07.2005","1.229,30","1.221,10","1.230,30","1.221,10","","0,67%"
"18.07.2005","1.221,10","1.227,90","1.227,90","1.221,10","","-0,55%"
"15.07.2005","1.227,90","1.226,50","1.229,50","1.223,50","","0,11%"
"14.07.2005","1.226,50","1.223,30","1.233,20","1.223,30","","0,26%"
"13.07.2005","1.223,30","1.222,20","1.224,50","1.219,60","","0,09%"
"12.07.2005","1.222,20","1.219,40","1.225,50","1.216,60","","0,23%"
"11.07.2005","1.219,40","1.211,90","1.220,00","1.211,90","","0,62%"
"08.07.2005","1.211,90","1.197,90","1.212,70","1.197,20","","1,17%"
"07.07.2005","1.197,90","1.194,90","1.198,50","1.183,50","","0,25%"
"06.07.2005","1.194,90","1.205,00","1.206,10","1.194,80","","-0,84%"
"05.07.2005","1.205,00","1.194,40","1.206,30","1.192,50","","0,89%"
"01.07.2005","1.194,40","1.191,30","1.197,90","1.191,30","","0,26%"
"30.06.2005","1.191,30","1.199,80","1.203,30","1.190,50","","-0,71%"
"29.06.2005","1.199,80","1.201,60","1.204,10","1.198,70","","-0,15%"
"28.06.2005","1.201,60","1.190,70","1.202,50","1.190,70","","0,92%"
"27.06.2005","1.190,70","1.191,60","1.194,30","1.188,30","","-0,08%"
"24.06.2005","1.191,60","1.200,70","1.200,90","1.191,50","","-0,76%"
"23.06.2005","1.200,70","1.213,90","1.216,50","1.200,70","","-1,09%"
"22.06.2005","1.213,90","1.213,60","1.219,60","1.211,70","","0,02%"
"21.06.2005","1.213,60","1.216,10","1.217,10","1.211,90","","-0,21%"
"20.06.2005","1.216,10","1.217,00","1.219,10","1.210,70","","-0,07%"
"17.06.2005","1.217,00","1.210,90","1.219,50","1.210,90","","0,50%"
"16.06.2005","1.211,00","1.206,50","1.212,10","1.205,50","","0,36%"
"15.06.2005","1.206,60","1.203,90","1.208,10","1.198,70","","0,22%"
"14.06.2005","1.203,90","1.200,80","1.207,50","1.200,20","","0,26%"
"13.06.2005","1.200,80","1.198,10","1.206,00","1.194,50","","0,23%"
"10.06.2005","1.198,10","1.200,90","1.202,80","1.192,60","","-0,23%"
"09.06.2005","1.200,90","1.194,70","1.201,90","1.191,10","","0,52%"
"08.06.2005","1.194,70","1.197,30","1.202,00","1.193,30","","-0,22%"
"07.06.2005","1.197,30","1.197,50","1.208,80","1.197,30","","-0,02%"
"06.06.2005","1.197,50","1.196,00","1.198,80","1.192,80","","0,13%"
"03.06.2005","1.196,00","1.204,30","1.205,10","1.194,50","","-0,69%"
"02.06.2005","1.204,30","1.202,30","1.204,70","1.198,40","","0,17%"
"01.06.2005","1.202,30","1.191,50","1.205,60","1.191,00","","0,91%"
"31.05.2005","1.191,50","1.198,80","1.198,80","1.191,50","","-0,61%"
"27.05.2005","1.198,80","1.197,60","1.199,60","1.195,30","","0,10%"
"26.05.2005","1.197,60","1.190,00","1.199,00","1.190,00","","0,64%"
"25.05.2005","1.190,00","1.194,10","1.194,10","1.186,00","","-0,34%"
"24.05.2005","1.194,10","1.193,90","1.195,30","1.189,90","","0,02%"
"23.05.2005","1.193,90","1.189,30","1.197,40","1.188,80","","0,39%"
"20.05.2005","1.189,30","1.191,10","1.191,20","1.185,20","","-0,15%"
"19.05.2005","1.191,10","1.185,60","1.191,10","1.184,50","","0,46%"
"18.05.2005","1.185,60","1.173,80","1.187,90","1.173,80","","1,01%"
"17.05.2005","1.173,80","1.165,70","1.174,30","1.159,90","","0,69%"
"16.05.2005","1.165,70","1.154,00","1.165,80","1.153,60","","1,01%"
"13.05.2005","1.154,00","1.159,40","1.163,80","1.146,20","","-0,47%"
"12.05.2005","1.159,40","1.171,10","1.173,40","1.157,80","","-1,00%"
"11.05.2005","1.171,10","1.166,20","1.171,80","1.157,70","","0,42%"
"10.05.2005","1.166,20","1.178,80","1.178,80","1.163,00","","-1,07%"
"09.05.2005","1.178,80","1.171,30","1.178,90","1.169,40","","0,64%"
"06.05.2005","1.171,30","1.172,60","1.177,80","1.170,50","","-0,11%"
"05.05.2005","1.172,60","1.175,70","1.178,60","1.166,80","","-0,26%"
"04.05.2005","1.175,70","1.161,20","1.176,00","1.161,20","","1,25%"
"03.05.2005","1.161,20","1.162,20","1.166,90","1.156,70","","-0,09%"
"02.05.2005","1.162,20","1.156,80","1.162,90","1.154,70","","0,47%"
"29.04.2005","1.156,80","1.143,20","1.157,00","1.139,20","","1,19%"
"28.04.2005","1.143,20","1.156,40","1.156,40","1.143,20","","-1,14%"
"27.04.2005","1.156,40","1.151,70","1.159,90","1.144,40","","0,41%"
"26.04.2005","1.151,70","1.162,10","1.164,80","1.151,70","","-0,89%"
"25.04.2005","1.162,10","1.152,10","1.164,00","1.152,10","","0,87%"
"22.04.2005","1.152,10","1.160,00","1.160,00","1.143,00","","-0,68%"
"21.04.2005","1.160,00","1.137,50","1.160,00","1.137,50","","1,98%"
"20.04.2005","1.137,50","1.152,80","1.155,50","1.136,20","","-1,33%"
"19.04.2005","1.152,80","1.146,00","1.154,70","1.146,00","","0,59%"
"18.04.2005","1.146,00","1.142,60","1.148,90","1.139,80","","0,30%"
"15.04.2005","1.142,60","1.162,00","1.162,00","1.141,90","","-1,67%"
"14.04.2005","1.162,00","1.173,80","1.174,70","1.161,70","","-1,01%"
"13.04.2005","1.173,80","1.187,80","1.187,80","1.171,40","","-1,18%"
"12.04.2005","1.187,80","1.181,20","1.190,20","1.170,80","","0,56%"
"11.04.2005","1.181,20","1.181,20","1.184,10","1.178,70","","0,00%"
"08.04.2005","1.181,20","1.191,10","1.191,80","1.181,10","","-0,83%"
"07.04.2005","1.191,10","1.184,10","1.191,90","1.183,80","","0,59%"
"06.04.2005","1.184,10","1.181,40","1.189,30","1.181,40","","0,23%"
"05.04.2005","1.181,40","1.176,10","1.183,60","1.176,10","","0,45%"
"04.04.2005","1.176,10","1.172,80","1.178,60","1.167,70","","0,27%"
"01.04.2005","1.172,90","1.180,60","1.189,80","1.169,90","","-0,65%"
"31.03.2005","1.180,60","1.181,40","1.184,50","1.179,50","","-0,07%"
"30.03.2005","1.181,40","1.165,40","1.181,50","1.165,40","","1,37%"
"29.03.2005","1.165,40","1.174,30","1.179,40","1.163,70","","-0,76%"
"28.03.2005","1.174,30","1.171,40","1.179,90","1.171,40","","0,25%"
"24.03.2005","1.171,40","1.172,50","1.180,10","1.171,40","","-0,09%"
"23.03.2005","1.172,50","1.171,70","1.176,30","1.168,70","","0,07%"
"22.03.2005","1.171,70","1.183,80","1.189,60","1.171,60","","-1,02%"
"21.03.2005","1.183,80","1.189,70","1.189,70","1.178,80","","-0,50%"
"18.03.2005","1.189,70","1.190,20","1.192,00","1.182,80","","-0,04%"
"17.03.2005","1.190,20","1.188,10","1.193,30","1.186,30","","0,18%"
"16.03.2005","1.188,10","1.197,80","1.197,80","1.185,60","","-0,81%"
"15.03.2005","1.197,80","1.206,80","1.210,50","1.197,80","","-0,75%"
"14.03.2005","1.206,80","1.200,10","1.206,80","1.199,50","","0,56%"
"11.03.2005","1.200,10","1.209,20","1.213,00","1.198,20","","-0,75%"
"10.03.2005","1.209,20","1.207,00","1.211,20","1.201,40","","0,18%"
"09.03.2005","1.207,00","1.219,40","1.219,40","1.206,70","","-1,02%"
"08.03.2005","1.219,40","1.225,30","1.225,70","1.218,60","","-0,48%"
"07.03.2005","1.225,30","1.222,10","1.229,10","1.222,10","","0,26%"
"04.03.2005","1.222,10","1.210,50","1.224,80","1.210,50","","0,96%"
"03.03.2005","1.210,50","1.210,10","1.215,70","1.204,50","","0,03%"
"02.03.2005","1.210,10","1.210,40","1.215,80","1.204,20","","-0,02%"
"01.03.2005","1.210,40","1.203,60","1.212,20","1.203,60","","0,56%"
"28.02.2005","1.203,60","1.211,40","1.211,40","1.198,10","","-0,64%"
"25.02.2005","1.211,40","1.200,20","1.212,20","1.199,60","","0,93%"
"24.02.2005","1.200,20","1.190,80","1.200,40","1.187,80","","0,79%"
"23.02.2005","1.190,80","1.184,20","1.193,50","1.184,20","","0,56%"
"22.02.2005","1.184,20","1.201,60","1.202,50","1.184,20","","-1,45%"
"18.02.2005","1.201,60","1.200,80","1.202,90","1.197,30","","0,07%"
"17.02.2005","1.200,80","1.210,30","1.211,30","1.200,70","","-0,78%"
"16.02.2005","1.210,30","1.210,10","1.212,40","1.205,10","","0,02%"
"15.02.2005","1.210,10","1.206,10","1.212,40","1.205,50","","0,33%"
"14.02.2005","1.206,10","1.205,30","1.206,90","1.203,60","","0,07%"
"11.02.2005","1.205,30","1.197,00","1.208,40","1.193,30","","0,69%"
"10.02.2005","1.197,00","1.192,00","1.198,80","1.191,50","","0,42%"
"09.02.2005","1.192,00","1.202,30","1.203,80","1.191,50","","-0,86%"
"08.02.2005","1.202,30","1.201,70","1.205,10","1.200,20","","0,05%"
"07.02.2005","1.201,70","1.203,00","1.204,20","1.199,30","","-0,11%"
"04.02.2005","1.203,00","1.189,90","1.203,50","1.189,70","","1,10%"
"03.02.2005","1.189,90","1.193,20","1.193,20","1.185,60","","-0,28%"
"02.02.2005","1.193,20","1.189,40","1.195,20","1.188,90","","0,32%"
"01.02.2005","1.189,40","1.181,30","1.190,40","1.181,00","","0,69%"
"31.01.2005","1.181,30","1.171,40","1.182,10","1.171,40","","0,85%"
"28.01.2005","1.171,40","1.174,50","1.175,60","1.166,30","","-0,26%"
"27.01.2005","1.174,50","1.174,10","1.177,50","1.170,20","","0,03%"
"26.01.2005","1.174,10","1.168,40","1.176,00","1.168,40","","0,49%"
"25.01.2005","1.168,40","1.163,80","1.174,30","1.163,80","","0,40%"
"24.01.2005","1.163,80","1.167,90","1.173,20","1.163,80","","-0,35%"
"21.01.2005","1.167,90","1.175,40","1.179,50","1.167,80","","-0,64%"
"20.01.2005","1.175,40","1.184,60","1.184,60","1.173,40","","-0,78%"
"19.01.2005","1.184,60","1.196,00","1.196,00","1.184,40","","-0,95%"
"18.01.2005","1.196,00","1.184,50","1.196,00","1.180,10","","0,97%"
"14.01.2005","1.184,50","1.177,50","1.185,20","1.177,50","","0,59%"
"13.01.2005","1.177,50","1.187,70","1.187,70","1.175,60","","-0,86%"
"12.01.2005","1.187,70","1.183,00","1.188,00","1.175,60","","0,40%"
"11.01.2005","1.183,00","1.190,20","1.190,20","1.180,40","","-0,60%"
"10.01.2005","1.190,20","1.186,20","1.194,80","1.184,80","","0,34%"
"07.01.2005","1.186,20","1.187,90","1.192,20","1.182,10","","-0,14%"
"06.01.2005","1.187,90","1.183,70","1.191,60","1.183,20","","0,35%"
"05.01.2005","1.183,70","1.188,00","1.192,80","1.183,70","","-0,36%"
"04.01.2005","1.188,00","1.202,10","1.205,80","1.185,40","","-1,17%"
"03.01.2005","1.202,10","1.211,90","1.217,90","1.200,30","","-0,81%"
"31.12.2004","1.211,90","1.213,50","1.217,30","1.211,70","","-0,13%"
"30.12.2004","1.213,50","1.213,50","1.216,50","1.213,40","","0,00%"
"29.12.2004","1.213,50","1.213,50","1.214,00","1.211,00","","0,00%"
"28.12.2004","1.213,50","1.204,90","1.213,50","1.204,90","","0,71%"
"27.12.2004","1.204,90","1.210,10","1.214,20","1.204,90","","-0,43%"
"23.12.2004","1.210,10","1.209,60","1.213,70","1.208,70","","0,04%"
"22.12.2004","1.209,60","1.205,50","1.211,40","1.203,80","","0,34%"
"21.12.2004","1.205,50","1.194,70","1.205,90","1.194,70","","0,90%"
"20.12.2004","1.194,70","1.194,20","1.203,60","1.193,40","","0,04%"
"17.12.2004","1.194,20","1.203,20","1.203,20","1.193,40","","-0,75%"
"16.12.2004","1.203,20","1.205,70","1.208,00","1.198,40","","-0,21%"
"15.12.2004","1.205,70","1.203,40","1.206,60","1.199,40","","0,19%"
"14.12.2004","1.203,40","1.198,70","1.205,30","1.197,80","","0,39%"
"13.12.2004","1.198,70","1.188,00","1.198,80","1.188,00","","0,90%"
"10.12.2004","1.188,00","1.189,20","1.191,50","1.185,20","","-0,10%"
"09.12.2004","1.189,20","1.182,80","1.190,50","1.173,80","","0,54%"
"08.12.2004","1.182,80","1.177,10","1.184,00","1.176,80","","0,48%"
"07.12.2004","1.177,10","1.190,20","1.192,20","1.177,10","","-1,10%"
"06.12.2004","1.190,20","1.191,20","1.192,40","1.185,20","","-0,08%"
"03.12.2004","1.191,20","1.190,30","1.197,50","1.187,70","","0,08%"
"02.12.2004","1.190,30","1.191,40","1.194,80","1.186,70","","-0,09%"
"01.12.2004","1.191,40","1.173,80","1.191,40","1.173,80","","1,50%"
"30.11.2004","1.173,80","1.178,60","1.178,70","1.173,80","","-0,41%"
"29.11.2004","1.178,60","1.182,70","1.186,90","1.172,40","","-0,35%"
"26.11.2004","1.182,70","1.181,80","1.186,60","1.181,10","","0,08%"
"24.11.2004","1.181,80","1.176,90","1.182,50","1.176,90","","0,42%"
"23.11.2004","1.176,90","1.177,20","1.179,50","1.171,40","","-0,03%"
"22.11.2004","1.177,20","1.170,30","1.178,20","1.167,90","","0,59%"
"19.11.2004","1.170,30","1.183,50","1.184,00","1.169,20","","-1,12%"
"18.11.2004","1.183,50","1.181,90","1.184,90","1.180,10","","0,14%"
"17.11.2004","1.181,90","1.175,40","1.188,50","1.175,40","","0,55%"
"16.11.2004","1.175,40","1.183,80","1.183,80","1.175,30","","-0,71%"
"15.11.2004","1.183,80","1.184,20","1.184,50","1.179,80","","-0,03%"
"12.11.2004","1.184,20","1.173,50","1.184,20","1.171,40","","0,91%"
"11.11.2004","1.173,50","1.162,90","1.174,80","1.162,90","","0,91%"
"10.11.2004","1.162,90","1.164,10","1.169,30","1.162,50","","-0,10%"
"09.11.2004","1.164,10","1.164,90","1.169,00","1.162,50","","-0,07%"
"08.11.2004","1.164,90","1.166,20","1.166,90","1.162,30","","-0,11%"
"05.11.2004","1.166,20","1.161,70","1.170,90","1.160,40","","0,39%"
"04.11.2004","1.161,70","1.143,20","1.161,70","1.142,30","","1,62%"
"03.11.2004","1.143,20","1.130,50","1.147,60","1.130,50","","1,12%"
"02.11.2004","1.130,50","1.130,50","1.140,50","1.128,10","","0,00%"
"01.11.2004","1.130,50","1.130,20","1.133,40","1.127,50","","0,03%"
"29.10.2004","1.130,20","1.127,40","1.131,40","1.124,60","","0,25%"
"28.10.2004","1.127,40","1.125,30","1.130,70","1.120,60","","0,18%"
"27.10.2004","1.125,40","1.111,10","1.126,30","1.107,40","","1,29%"
"26.10.2004","1.111,10","1.094,80","1.111,10","1.094,80","","1,49%"
"25.10.2004","1.094,80","1.095,70","1.096,80","1.090,20","","-0,08%"
"22.10.2004","1.095,70","1.106,50","1.108,30","1.095,30","","-0,98%"
"21.10.2004","1.106,50","1.103,70","1.109,00","1.098,50","","0,25%"
"20.10.2004","1.103,70","1.103,20","1.104,10","1.094,20","","0,05%"
"19.10.2004","1.103,20","1.114,00","1.118,00","1.103,20","","-0,97%"
"18.10.2004","1.114,00","1.108,20","1.114,50","1.103,30","","0,52%"
"15.10.2004","1.108,20","1.103,30","1.113,20","1.102,10","","0,44%"
"14.10.2004","1.103,30","1.113,70","1.115,00","1.102,10","","-0,93%"
"13.10.2004","1.113,70","1.121,80","1.127,00","1.109,60","","-0,72%"
"12.10.2004","1.121,80","1.124,40","1.124,40","1.115,80","","-0,23%"
"11.10.2004","1.124,40","1.122,10","1.126,20","1.122,10","","0,20%"
"08.10.2004","1.122,10","1.130,70","1.132,90","1.120,20","","-0,76%"
"07.10.2004","1.130,70","1.142,00","1.142,00","1.130,50","","-0,99%"
"06.10.2004","1.142,00","1.134,50","1.142,00","1.132,90","","0,66%"
"05.10.2004","1.134,50","1.135,20","1.137,90","1.132,00","","-0,06%"
"04.10.2004","1.135,20","1.131,50","1.140,20","1.131,50","","0,33%"
"01.10.2004","1.131,50","1.114,60","1.131,60","1.114,60","","1,52%"
"30.09.2004","1.114,60","1.114,80","1.116,30","1.109,60","","-0,02%"
"29.09.2004","1.114,80","1.110,10","1.114,80","1.107,40","","0,42%"
"28.09.2004","1.110,10","1.103,50","1.111,80","1.101,30","","0,60%"
"27.09.2004","1.103,50","1.110,10","1.110,10","1.103,20","","-0,59%"
"24.09.2004","1.110,10","1.108,40","1.113,80","1.108,40","","0,15%"
"23.09.2004","1.108,40","1.113,60","1.113,60","1.108,00","","-0,47%"
"22.09.2004","1.113,60","1.129,30","1.129,30","1.112,70","","-1,39%"
"21.09.2004","1.129,30","1.122,20","1.131,50","1.122,20","","0,63%"
"20.09.2004","1.122,20","1.128,50","1.128,50","1.120,30","","-0,56%"
"17.09.2004","1.128,50","1.123,50","1.130,50","1.123,50","","0,45%"
"16.09.2004","1.123,50","1.120,40","1.126,10","1.120,40","","0,28%"
"15.09.2004","1.120,40","1.128,30","1.128,30","1.119,70","","-0,70%"
"14.09.2004","1.128,30","1.125,80","1.129,50","1.124,70","","0,22%"
"13.09.2004","1.125,80","1.123,90","1.129,80","1.123,30","","0,17%"
"10.09.2004","1.123,90","1.118,40","1.125,30","1.114,40","","0,49%"
"09.09.2004","1.118,40","1.116,30","1.121,30","1.113,60","","0,19%"
"08.09.2004","1.116,30","1.121,30","1.123,00","1.116,30","","-0,45%"
"07.09.2004","1.121,30","1.113,60","1.124,10","1.113,60","","0,69%"
"03.09.2004","1.113,60","1.118,30","1.120,80","1.113,60","","-0,42%"
"02.09.2004","1.118,30","1.105,90","1.119,10","1.105,60","","1,12%"
"01.09.2004","1.105,90","1.104,20","1.109,20","1.099,10","","0,15%"
"31.08.2004","1.104,20","1.099,20","1.104,20","1.094,70","","0,45%"
"30.08.2004","1.099,20","1.107,80","1.107,80","1.099,20","","-0,78%"
"27.08.2004","1.107,80","1.105,10","1.109,70","1.104,60","","0,24%"
"26.08.2004","1.105,10","1.105,00","1.106,80","1.102,40","","0,01%"
"25.08.2004","1.105,00","1.096,20","1.106,30","1.093,20","","0,80%"
"24.08.2004","1.096,20","1.095,70","1.100,90","1.092,80","","0,05%"
"23.08.2004","1.095,70","1.098,30","1.101,40","1.094,70","","-0,24%"
"20.08.2004","1.098,30","1.091,20","1.100,30","1.089,60","","0,65%"
"19.08.2004","1.091,20","1.095,20","1.095,20","1.086,30","","-0,37%"
"18.08.2004","1.095,20","1.081,70","1.095,20","1.078,90","","1,25%"
"17.08.2004","1.081,70","1.079,30","1.087,00","1.079,30","","0,22%"
"16.08.2004","1.079,30","1.064,80","1.080,70","1.064,80","","1,36%"
"13.08.2004","1.064,80","1.063,20","1.067,60","1.060,70","","0,15%"
"12.08.2004","1.063,20","1.075,80","1.075,80","1.062,80","","-1,17%"
"11.08.2004","1.075,80","1.079,00","1.079,00","1.065,90","","-0,30%"
"10.08.2004","1.079,00","1.065,20","1.079,00","1.065,20","","1,30%"
"09.08.2004","1.065,20","1.064,00","1.069,50","1.064,00","","0,11%"
"06.08.2004","1.064,00","1.080,70","1.080,70","1.062,20","","-1,55%"
"05.08.2004","1.080,70","1.098,60","1.098,80","1.080,00","","-1,63%"
"04.08.2004","1.098,60","1.099,70","1.102,50","1.092,40","","-0,10%"
"03.08.2004","1.099,70","1.106,60","1.106,60","1.099,20","","-0,62%"
"02.08.2004","1.106,60","1.101,70","1.108,60","1.097,30","","0,44%"
"30.07.2004","1.101,70","1.100,40","1.103,70","1.097,00","","0,12%"
"29.07.2004","1.100,40","1.095,40","1.103,70","1.095,40","","0,46%"
"28.07.2004","1.095,40","1.094,80","1.098,80","1.082,20","","0,05%"
"27.07.2004","1.094,80","1.084,10","1.096,70","1.084,10","","0,99%"
"26.07.2004","1.084,10","1.086,20","1.089,80","1.078,80","","-0,19%"
"23.07.2004","1.086,20","1.096,80","1.096,80","1.083,50","","-0,97%"
"22.07.2004","1.096,80","1.093,90","1.099,70","1.084,20","","0,27%"
"21.07.2004","1.093,90","1.108,70","1.116,30","1.093,90","","-1,33%"
"20.07.2004","1.108,70","1.100,90","1.108,90","1.099,10","","0,71%"
"19.07.2004","1.100,90","1.101,40","1.105,50","1.096,50","","-0,05%"
"16.07.2004","1.101,40","1.106,70","1.112,20","1.101,10","","-0,48%"
"15.07.2004","1.106,70","1.111,50","1.114,70","1.106,60","","-0,43%"
"14.07.2004","1.111,50","1.115,10","1.119,60","1.107,80","","-0,32%"
"13.07.2004","1.115,10","1.114,30","1.116,30","1.113,00","","0,07%"
"12.07.2004","1.114,30","1.112,80","1.116,10","1.106,70","","0,13%"
"09.07.2004","1.112,80","1.109,10","1.115,60","1.109,10","","0,33%"
"08.07.2004","1.109,10","1.118,30","1.119,10","1.108,70","","-0,82%"
"07.07.2004","1.118,30","1.116,20","1.122,40","1.114,90","","0,19%"
"06.07.2004","1.116,20","1.125,40","1.125,40","1.113,20","","-0,82%"
"02.07.2004","1.125,40","1.128,90","1.129,20","1.123,30","","-0,31%"
"01.07.2004","1.128,90","1.140,80","1.140,80","1.123,10","","-1,04%"
"30.06.2004","1.140,80","1.136,20","1.144,20","1.133,60","","0,40%"
"29.06.2004","1.136,20","1.133,30","1.138,30","1.131,80","","0,26%"
"28.06.2004","1.133,30","1.134,40","1.142,60","1.131,60","","-0,10%"
"25.06.2004","1.134,40","1.140,70","1.146,00","1.134,20","","-0,55%"
"24.06.2004","1.140,70","1.144,10","1.146,30","1.139,90","","-0,30%"
"23.06.2004","1.144,10","1.134,40","1.145,20","1.131,70","","0,86%"
"22.06.2004","1.134,40","1.130,30","1.135,00","1.124,40","","0,36%"
"21.06.2004","1.130,30","1.135,00","1.138,00","1.129,60","","-0,41%"
"18.06.2004","1.135,00","1.132,00","1.139,10","1.129,80","","0,27%"
"17.06.2004","1.132,00","1.133,60","1.133,60","1.126,90","","-0,14%"
"16.06.2004","1.133,60","1.132,00","1.135,30","1.130,50","","0,14%"
"15.06.2004","1.132,00","1.125,30","1.137,40","1.125,30","","0,60%"
"14.06.2004","1.125,30","1.136,50","1.136,50","1.122,20","","-0,99%"
"10.06.2004","1.136,50","1.131,30","1.136,50","1.131,30","","0,46%"
"09.06.2004","1.131,30","1.142,20","1.142,20","1.131,20","","-0,95%"
"08.06.2004","1.142,20","1.140,40","1.142,20","1.135,50","","0,16%"
"07.06.2004","1.140,40","1.122,50","1.140,50","1.122,50","","1,59%"
"04.06.2004","1.122,50","1.116,60","1.129,20","1.116,60","","0,53%"
"03.06.2004","1.116,60","1.125,00","1.125,30","1.116,60","","-0,75%"
"02.06.2004","1.125,00","1.121,20","1.128,10","1.118,60","","0,34%"
"01.06.2004","1.121,20","1.120,70","1.122,70","1.113,30","","0,04%"
"28.05.2004","1.120,70","1.121,30","1.122,70","1.118,10","","-0,05%"
"27.05.2004","1.121,30","1.114,90","1.124,00","1.114,90","","0,57%"
"26.05.2004","1.114,90","1.113,00","1.116,70","1.109,90","","0,17%"
"25.05.2004","1.113,00","1.095,40","1.113,80","1.090,70","","1,61%"
"24.05.2004","1.095,40","1.093,60","1.101,70","1.091,80","","0,16%"
"21.05.2004","1.093,60","1.089,20","1.099,70","1.089,20","","0,40%"
"20.05.2004","1.089,20","1.088,70","1.092,60","1.085,40","","0,05%"
"19.05.2004","1.088,70","1.091,50","1.105,90","1.088,50","","-0,26%"
"18.05.2004","1.091,50","1.084,10","1.094,10","1.084,10","","0,68%"
"17.05.2004","1.084,10","1.095,70","1.095,70","1.079,40","","-1,06%"
"14.05.2004","1.095,70","1.096,40","1.102,40","1.088,20","","-0,06%"
"13.05.2004","1.096,40","1.097,30","1.102,80","1.091,80","","-0,08%"
"12.05.2004","1.097,30","1.095,50","1.097,50","1.076,30","","0,16%"
"11.05.2004","1.095,50","1.087,10","1.095,70","1.087,10","","0,77%"
"10.05.2004","1.087,10","1.098,70","1.098,70","1.079,60","","-1,06%"
"07.05.2004","1.098,70","1.114,00","1.117,30","1.098,60","","-1,37%"
"06.05.2004","1.114,00","1.121,50","1.121,50","1.106,30","","-0,67%"
"05.05.2004","1.121,50","1.119,50","1.125,10","1.117,90","","0,18%"
"04.05.2004","1.119,50","1.117,50","1.127,70","1.112,90","","0,18%"
"03.05.2004","1.117,50","1.107,30","1.118,70","1.107,30","","0,92%"
"30.04.2004","1.107,30","1.113,90","1.119,30","1.107,20","","-0,59%"
"29.04.2004","1.113,90","1.122,40","1.128,80","1.108,00","","-0,76%"
"28.04.2004","1.122,40","1.138,10","1.138,10","1.121,70","","-1,38%"
"27.04.2004","1.138,10","1.135,50","1.146,80","1.135,50","","0,23%"
"26.04.2004","1.135,50","1.140,60","1.145,10","1.132,90","","-0,45%"
"23.04.2004","1.140,60","1.139,90","1.141,90","1.134,80","","0,06%"
"22.04.2004","1.139,90","1.124,10","1.142,80","1.121,90","","1,41%"
"21.04.2004","1.124,10","1.118,20","1.125,70","1.116,00","","0,53%"
"20.04.2004","1.118,20","1.135,80","1.139,30","1.118,10","","-1,55%"
"19.04.2004","1.135,80","1.134,60","1.136,20","1.129,80","","0,11%"
"16.04.2004","1.134,60","1.128,80","1.136,80","1.126,80","","0,51%"
"15.04.2004","1.128,80","1.128,20","1.134,10","1.120,80","","0,05%"
"14.04.2004","1.128,20","1.129,40","1.132,50","1.122,20","","-0,11%"
"13.04.2004","1.129,40","1.145,20","1.147,80","1.127,70","","-1,38%"
"12.04.2004","1.145,20","1.139,30","1.147,30","1.139,30","","0,52%"
"08.04.2004","1.139,30","1.140,50","1.149,00","1.134,50","","-0,11%"
"07.04.2004","1.140,50","1.148,20","1.148,20","1.138,40","","-0,67%"
"06.04.2004","1.148,20","1.150,60","1.150,60","1.143,30","","-0,21%"
"05.04.2004","1.150,60","1.141,80","1.150,60","1.141,60","","0,77%"
"02.04.2004","1.141,80","1.132,20","1.144,80","1.132,20","","0,85%"
"01.04.2004","1.132,20","1.126,20","1.135,70","1.126,20","","0,53%"
"31.03.2004","1.126,20","1.127,00","1.130,80","1.121,50","","-0,07%"
"30.03.2004","1.127,00","1.122,50","1.127,60","1.119,70","","0,40%"
"29.03.2004","1.122,50","1.108,10","1.124,40","1.108,10","","1,30%"
"26.03.2004","1.108,10","1.109,20","1.115,30","1.106,10","","-0,10%"
"25.03.2004","1.109,20","1.091,30","1.110,40","1.091,30","","1,64%"
"24.03.2004","1.091,30","1.094,00","1.098,40","1.087,10","","-0,25%"
"23.03.2004","1.094,00","1.095,40","1.101,50","1.091,60","","-0,13%"
"22.03.2004","1.095,40","1.109,80","1.109,80","1.089,50","","-1,30%"
"19.03.2004","1.109,80","1.122,30","1.122,70","1.109,70","","-1,11%"
"18.03.2004","1.122,30","1.123,80","1.125,50","1.113,20","","-0,13%"
"17.03.2004","1.123,80","1.110,70","1.125,80","1.110,70","","1,18%"
"16.03.2004","1.110,70","1.104,50","1.113,80","1.102,60","","0,56%"
"15.03.2004","1.104,50","1.120,60","1.120,60","1.103,40","","-1,44%"
"12.03.2004","1.120,60","1.106,80","1.120,60","1.106,80","","1,25%"
"11.03.2004","1.106,80","1.123,90","1.126,00","1.105,90","","-1,52%"
"10.03.2004","1.123,90","1.140,60","1.141,50","1.122,50","","-1,46%"
"09.03.2004","1.140,60","1.147,20","1.147,30","1.136,80","","-0,58%"
"08.03.2004","1.147,20","1.156,90","1.159,90","1.147,00","","-0,84%"
"05.03.2004","1.156,90","1.154,90","1.163,20","1.148,70","","0,17%"
"04.03.2004","1.154,90","1.151,00","1.155,00","1.149,80","","0,34%"
"03.03.2004","1.151,00","1.149,10","1.152,40","1.143,80","","0,17%"
"02.03.2004","1.149,10","1.156,00","1.156,50","1.147,30","","-0,60%"
"01.03.2004","1.156,00","1.144,90","1.157,50","1.144,90","","0,97%"
"27.02.2004","1.144,90","1.145,80","1.151,70","1.141,80","","0,00%"
"26.02.2004","1.144,90","1.143,70","1.147,20","1.138,60","","0,10%"
"25.02.2004","1.143,70","1.139,10","1.145,20","1.138,70","","0,40%"
"24.02.2004","1.139,10","1.141,00","1.144,50","1.134,40","","-0,17%"
"23.02.2004","1.141,00","1.144,10","1.146,70","1.137,00","","-0,27%"
"20.02.2004","1.144,10","1.147,10","1.149,80","1.139,00","","-0,26%"
"19.02.2004","1.147,10","1.151,80","1.158,60","1.146,80","","-0,41%"
"18.02.2004","1.151,80","1.157,00","1.157,40","1.149,40","","-0,45%"
"17.02.2004","1.157,00","1.145,80","1.159,00","1.145,80","","0,98%"
"13.02.2004","1.145,80","1.152,10","1.156,90","1.143,20","","-0,55%"
"12.02.2004","1.152,10","1.157,80","1.157,80","1.151,40","","-0,49%"
"11.02.2004","1.157,80","1.145,50","1.158,90","1.142,30","","1,07%"
"10.02.2004","1.145,50","1.139,80","1.147,00","1.138,70","","0,50%"
"09.02.2004","1.139,80","1.142,80","1.144,50","1.139,20","","-0,26%"
"06.02.2004","1.142,80","1.128,60","1.142,80","1.128,40","","1,26%"
"05.02.2004","1.128,60","1.126,50","1.131,20","1.124,40","","0,19%"
"04.02.2004","1.126,50","1.136,00","1.136,00","1.124,70","","-0,84%"
"03.02.2004","1.136,00","1.135,30","1.137,40","1.131,30","","0,06%"
"02.02.2004","1.135,30","1.131,10","1.142,60","1.127,90","","0,37%"
"30.01.2004","1.131,10","1.134,10","1.134,20","1.127,70","","-0,26%"
"29.01.2004","1.134,10","1.128,50","1.134,40","1.122,40","","0,50%"
"28.01.2004","1.128,50","1.144,00","1.149,10","1.126,50","","-1,35%"
"27.01.2004","1.144,00","1.155,40","1.155,40","1.144,00","","-0,99%"
"26.01.2004","1.155,40","1.141,50","1.155,40","1.141,00","","1,22%"
"23.01.2004","1.141,50","1.143,90","1.150,30","1.136,80","","-0,21%"
"22.01.2004","1.143,90","1.147,60","1.150,50","1.143,00","","-0,32%"
"21.01.2004","1.147,60","1.138,80","1.149,20","1.134,60","","0,77%"
"20.01.2004","1.138,80","1.139,80","1.142,90","1.135,40","","-0,09%"
"16.01.2004","1.139,80","1.132,00","1.139,80","1.132,00","","0,69%"
"15.01.2004","1.132,00","1.130,50","1.137,10","1.124,50","","0,13%"
"14.01.2004","1.130,50","1.121,20","1.130,80","1.121,20","","0,83%"
"13.01.2004","1.121,20","1.127,20","1.129,10","1.115,20","","-0,53%"
"12.01.2004","1.127,20","1.121,90","1.127,80","1.120,90","","0,47%"
"09.01.2004","1.121,90","1.131,90","1.131,90","1.120,90","","-0,88%"
"08.01.2004","1.131,90","1.126,30","1.131,90","1.124,90","","0,50%"
"07.01.2004","1.126,30","1.123,70","1.126,30","1.116,50","","0,23%"
"06.01.2004","1.123,70","1.122,20","1.124,50","1.118,40","","0,13%"
"05.01.2004","1.122,20","1.108,50","1.122,20","1.108,50","","1,24%"